{"salami_sliced": true, "n_salami_sliced_notes": 54073, "n_unsalami_sliced_notes": 35486, "n_undedoubled_notes": 54073, "n_dedoubled_notes": 53920, "dedoubled": true, "n_chords": 4902, "global_key": "C", "global_key_sig": 0, "paths": ["/Users/malcolm/google_drive/python/third_party/dcml_corpora/beethoven_piano_sonatas/notes/03-4.tsv", "/Users/malcolm/google_drive/python/third_party/dcml_corpora/beethoven_piano_sonatas/harmonies/03-4.tsv"], "score_name": "03-4", "synthetic": false, "has_weights": false, "has_instrument": true, "has_spelling": true, "has_scale_degree": true, "has_time_signatures": true, "merged_notes": false, "has_harmonic_analysis": true, "spelled_columns": ["spelling", "key", "granular_key"], "pc_columns": ["key_pc", "granular_key_pc", "root_pc"], "key_sig_class_columns": ["key_signature", "granular_key_signature"]}