{"salami_sliced": true, "n_salami_sliced_notes": 130480, "n_unsalami_sliced_notes": 87770, "n_undedoubled_notes": 130480, "n_dedoubled_notes": 129673, "dedoubled": true, "n_chords": 10913, "global_key": "F", "global_key_sig": -1, "paths": ["/Users/malcolm/google_drive/python/third_party/dcml_corpora/beethoven_piano_sonatas/notes/21-2.tsv", "/Users/malcolm/google_drive/python/third_party/dcml_corpora/beethoven_piano_sonatas/harmonies/21-2.tsv"], "score_name": "21-2", "synthetic": false, "has_weights": false, "has_instrument": true, "has_spelling": true, "has_scale_degree": true, "has_time_signatures": true, "merged_notes": false, "has_harmonic_analysis": true, "spelled_columns": ["spelling", "key", "granular_key"], "pc_columns": ["key_pc", "granular_key_pc", "root_pc"], "key_sig_class_columns": ["key_signature", "granular_key_signature"]}