{"salami_sliced": true, "n_salami_sliced_notes": 220938, "n_unsalami_sliced_notes": 147998, "n_undedoubled_notes": 220938, "n_dedoubled_notes": 219538, "dedoubled": true, "n_chords": 18011, "global_key": "E", "global_key_sig": 4, "paths": ["/Users/malcolm/google_drive/python/third_party/dcml_corpora/beethoven_piano_sonatas/notes/30-3.tsv", "/Users/malcolm/google_drive/python/third_party/dcml_corpora/beethoven_piano_sonatas/harmonies/30-3.tsv"], "score_name": "30-3", "synthetic": false, "has_weights": false, "has_instrument": true, "has_spelling": true, "has_scale_degree": true, "has_time_signatures": true, "merged_notes": false, "has_harmonic_analysis": true, "spelled_columns": ["spelling", "key", "granular_key"], "pc_columns": ["key_pc", "granular_key_pc", "root_pc"], "key_sig_class_columns": ["key_signature", "granular_key_signature"]}