{"synthetic": false, "has_weights": false, "has_instrument": true, "has_spelling": true, "has_scale_degree": true, "has_time_signatures": true, "salami_sliced": true, "merged_notes": false, "dedoubled": true, "n_salami_sliced_notes": 233061, "n_unsalami_sliced_notes": 156109, "n_undedoubled_notes": 233061, "n_dedoubled_notes": 231643, "n_chords": 19133, "has_harmonic_analysis": true, "spelled_columns": ["spelling", "key", "granular_key"], "pc_columns": ["key_pc", "granular_key_pc", "root_pc"], "key_sig_class_columns": ["key_signature", "granular_key_signature"]}