{"salami_sliced": true, "n_salami_sliced_notes": 34280, "n_unsalami_sliced_notes": 24179, "n_undedoubled_notes": 34280, "n_dedoubled_notes": 34226, "dedoubled": true, "n_chords": 3411, "global_key": "D", "global_key_sig": 2, "paths": ["/Users/malcolm/google_drive/python/third_party/dcml_corpora/mozart_piano_sonatas/notes/K284-1.tsv", "/Users/malcolm/google_drive/python/third_party/dcml_corpora/mozart_piano_sonatas/harmonies/K284-1.tsv"], "score_name": "K284-1", "synthetic": false, "has_weights": false, "has_instrument": true, "has_spelling": true, "has_scale_degree": true, "has_time_signatures": true, "merged_notes": false, "has_harmonic_analysis": true, "spelled_columns": ["spelling", "key", "granular_key"], "pc_columns": ["key_pc", "granular_key_pc", "root_pc"], "key_sig_class_columns": ["key_signature", "granular_key_signature"]}