{"salami_sliced": true, "n_salami_sliced_notes": 58912, "n_unsalami_sliced_notes": 40581, "n_undedoubled_notes": 58912, "n_dedoubled_notes": 58745, "dedoubled": true, "n_chords": 5537, "global_key": "a", "global_key_sig": 0, "paths": ["/Users/malcolm/google_drive/python/third_party/dcml_corpora/mozart_piano_sonatas/notes/K310-1.tsv", "/Users/malcolm/google_drive/python/third_party/dcml_corpora/mozart_piano_sonatas/harmonies/K310-1.tsv"], "score_name": "K310-1", "synthetic": false, "has_weights": false, "has_instrument": true, "has_spelling": true, "has_scale_degree": true, "has_time_signatures": true, "merged_notes": false, "has_harmonic_analysis": true, "spelled_columns": ["spelling", "key", "granular_key"], "pc_columns": ["key_pc", "granular_key_pc", "root_pc"], "key_sig_class_columns": ["key_signature", "granular_key_signature"]}