{"salami_sliced": true, "n_salami_sliced_notes": 86418, "n_unsalami_sliced_notes": 60284, "n_undedoubled_notes": 86418, "n_dedoubled_notes": 86236, "dedoubled": true, "n_chords": 8226, "global_key": "A", "global_key_sig": 3, "paths": ["/Users/malcolm/google_drive/python/third_party/dcml_corpora/mozart_piano_sonatas/notes/K331-1.tsv", "/Users/malcolm/google_drive/python/third_party/dcml_corpora/mozart_piano_sonatas/harmonies/K331-1.tsv"], "score_name": "K331-1", "synthetic": false, "has_weights": false, "has_instrument": true, "has_spelling": true, "has_scale_degree": true, "has_time_signatures": true, "merged_notes": false, "has_harmonic_analysis": true, "spelled_columns": ["spelling", "key", "granular_key"], "pc_columns": ["key_pc", "granular_key_pc", "root_pc"], "key_sig_class_columns": ["key_signature", "granular_key_signature"]}