{"salami_sliced": true, "n_salami_sliced_notes": 115641, "n_unsalami_sliced_notes": 81309, "n_undedoubled_notes": 115641, "n_dedoubled_notes": 115436, "dedoubled": true, "n_chords": 11092, "global_key": "G", "global_key_sig": 1, "paths": ["/Users/malcolm/google_drive/python/third_party/dcml_corpora/mozart_piano_sonatas/notes/K545-2.tsv", "/Users/malcolm/google_drive/python/third_party/dcml_corpora/mozart_piano_sonatas/harmonies/K545-2.tsv"], "score_name": "K545-2", "synthetic": false, "has_weights": false, "has_instrument": true, "has_spelling": true, "has_scale_degree": true, "has_time_signatures": true, "merged_notes": false, "has_harmonic_analysis": true, "spelled_columns": ["spelling", "key", "granular_key"], "pc_columns": ["key_pc", "granular_key_pc", "root_pc"], "key_sig_class_columns": ["key_signature", "granular_key_signature"]}