{"synthetic": false, "has_weights": false, "has_instrument": true, "has_spelling": true, "has_scale_degree": true, "has_time_signatures": true, "salami_sliced": true, "merged_notes": false, "dedoubled": true, "n_salami_sliced_notes": 57768, "n_unsalami_sliced_notes": 38280, "n_undedoubled_notes": 57768, "n_dedoubled_notes": 52379, "n_chords": 5812, "has_harmonic_analysis": true, "spelled_columns": ["spelling", "key", "granular_key"], "pc_columns": ["key_pc", "granular_key_pc", "root_pc"], "key_sig_class_columns": ["key_signature", "granular_key_signature"]}