{"salami_sliced": true, "n_salami_sliced_notes": 45172, "n_unsalami_sliced_notes": 30136, "n_undedoubled_notes": 45172, "n_dedoubled_notes": 40419, "dedoubled": true, "n_chords": 4396, "global_key": "a", "global_key_sig": 0, "paths": ["/Users/malcolm/datasets/Tymoczko_TAOM/TAOMfiles/Music/Monteverdi/madrigal.3.10.xml", "/Users/malcolm/datasets/When-in-Rome/Corpus/Early_Choral/Monteverdi,_Claudio/Madrigals_Book_3/10/analysis.txt"], "score_name": "Monteverdi,_Claudio_Madrigals_Book_3_10", "synthetic": false, "has_weights": false, "has_instrument": true, "has_spelling": true, "has_scale_degree": true, "has_time_signatures": true, "merged_notes": false, "has_harmonic_analysis": true, "spelled_columns": ["spelling", "key", "granular_key"], "pc_columns": ["key_pc", "granular_key_pc", "root_pc"], "key_sig_class_columns": ["key_signature", "granular_key_signature"]}