{"salami_sliced": true, "n_salami_sliced_notes": 20753, "n_unsalami_sliced_notes": 14270, "n_undedoubled_notes": 20753, "n_dedoubled_notes": 17426, "dedoubled": true, "n_chords": 1938, "global_key": "G", "global_key_sig": 1, "paths": ["/Users/malcolm/datasets/Tymoczko_TAOM/TAOMfiles/Music/Monteverdi/madrigal.4.19.xml", "/Users/malcolm/datasets/When-in-Rome/Corpus/Early_Choral/Monteverdi,_Claudio/Madrigals_Book_4/19/analysis.txt"], "score_name": "Monteverdi,_Claudio_Madrigals_Book_4_19", "synthetic": false, "has_weights": false, "has_instrument": true, "has_spelling": true, "has_scale_degree": true, "has_time_signatures": true, "merged_notes": false, "has_harmonic_analysis": true, "spelled_columns": ["spelling", "key", "granular_key"], "pc_columns": ["key_pc", "granular_key_pc", "root_pc"], "key_sig_class_columns": ["key_signature", "granular_key_signature"]}