{"salami_sliced": true, "n_salami_sliced_notes": 22053, "n_unsalami_sliced_notes": 15161, "n_undedoubled_notes": 22053, "n_dedoubled_notes": 18640, "dedoubled": true, "n_chords": 2099, "global_key": "C", "global_key_sig": 0, "paths": ["/Users/malcolm/datasets/Tymoczko_TAOM/TAOMfiles/Music/Monteverdi/madrigal.4.16.xml", "/Users/malcolm/datasets/When-in-Rome/Corpus/Early_Choral/Monteverdi,_Claudio/Madrigals_Book_4/16/analysis.txt"], "score_name": "Monteverdi,_Claudio_Madrigals_Book_4_16", "synthetic": false, "has_weights": false, "has_instrument": true, "has_spelling": true, "has_scale_degree": true, "has_time_signatures": true, "merged_notes": false, "has_harmonic_analysis": true, "spelled_columns": ["spelling", "key", "granular_key"], "pc_columns": ["key_pc", "granular_key_pc", "root_pc"], "key_sig_class_columns": ["key_signature", "granular_key_signature"]}