{"salami_sliced": true, "n_salami_sliced_notes": 2620, "n_unsalami_sliced_notes": 1687, "n_undedoubled_notes": 2620, "n_dedoubled_notes": 1963, "dedoubled": true, "n_chords": 210, "global_key": "d", "global_key_sig": -1, "paths": ["/Users/malcolm/datasets/Tymoczko_TAOM/TAOMfiles/Music/Monteverdi/madrigal.5.3.xml", "/Users/malcolm/datasets/When-in-Rome/Corpus/Early_Choral/Monteverdi,_Claudio/Madrigals_Book_5/03/analysis.txt"], "score_name": "Monteverdi,_Claudio_Madrigals_Book_5_03", "synthetic": false, "has_weights": false, "has_instrument": true, "has_spelling": true, "has_scale_degree": true, "has_time_signatures": true, "merged_notes": false, "has_harmonic_analysis": true, "spelled_columns": ["spelling", "key", "granular_key"], "pc_columns": ["key_pc", "granular_key_pc", "root_pc"], "key_sig_class_columns": ["key_signature", "granular_key_signature"]}