,original_index,onset,type,track,instrument,pitch,release,spelling,other,ts_numerator,ts_denominator,duplicated_indices,chord_tone,harmony_onset,chord_factors,bass_pcs,primary_degree,primary_alteration,secondary_degree,secondary_alteration,inversion,mode,key,key_pc,quality,granular_key,granular_key_pc,granular_mode,root_pc,scale_degree,scale_degree_step,scale_degree_alteration,key_signature,granular_key_signature,tonicization
0,0,0.0,time_signature,,,,,,"{""numerator"": 4, ""denominator"": 4}",4,4,,na,na,na,na,na,na,na,na,,na,na,,na,na,,na,,na,na,na,,,0
1,1,0.0,bar,,,,1.0,,,4,4,,na,na,na,na,na,na,na,na,,na,na,,na,na,,na,,na,na,na,,,0
2,2,0.0,note,1.0,bass,55.0,1.0,G,,4,4,,yes,yes,R,y,I,_,I,_,0.0,m,g,7.0,m,g,7.0,m,7.0,1,1,_,-2.0,-2.0,0
3,3,0.0,note,2.0,tenor,62.0,1.0,D,,4,4,,yes,yes,F,n,I,_,I,_,0.0,m,g,7.0,m,g,7.0,m,7.0,5,5,_,-2.0,-2.0,0
4,4,0.0,note,3.0,alto,67.0,1.0,G,,4,4,,yes,yes,R,y,I,_,I,_,0.0,m,g,7.0,m,g,7.0,m,7.0,1,1,_,-2.0,-2.0,0
5,5,0.0,note,4.0,soprn,70.0,1.0,Bb,,4,4,,yes,yes,T,n,I,_,I,_,0.0,m,g,7.0,m,g,7.0,m,7.0,3,3,_,-2.0,-2.0,0
6,6,1.0,bar,,,,5.0,,,4,4,,na,na,na,na,na,na,na,na,,na,na,,na,na,,na,,na,na,na,,,0
7,7,1.0,note,1.0,bass,50.0,1.5,D,,4,4,,yes,yes,T,y,I,_,I,_,1.0,M,Bb,10.0,M,Bb,10.0,M,10.0,3,3,_,-2.0,-2.0,0
8,8,1.0,note,2.0,tenor,62.0,1.5,D,,4,4,,yes,yes,T,y,I,_,I,_,1.0,M,Bb,10.0,M,Bb,10.0,M,10.0,3,3,_,-2.0,-2.0,0
9,9,1.0,note,3.0,alto,65.0,1.5,F,,4,4,,yes,yes,F,n,I,_,I,_,1.0,M,Bb,10.0,M,Bb,10.0,M,10.0,5,5,_,-2.0,-2.0,0
10,10,1.0,note,4.0,soprn,70.0,1.5,Bb,,4,4,,yes,yes,R,n,I,_,I,_,1.0,M,Bb,10.0,M,Bb,10.0,M,10.0,1,1,_,-2.0,-2.0,0
11,11,1.5,note,1.0,bass,50.0,2.0,D,,4,4,,yes,no,T,y,I,_,I,_,1.0,M,Bb,10.0,M,Bb,10.0,M,10.0,3,3,_,-2.0,-2.0,0
12,12,1.5,note,2.0,tenor,60.0,2.0,C,,4,4,,no,no,x,n,I,_,I,_,1.0,M,Bb,10.0,M,Bb,10.0,M,10.0,2,2,_,-2.0,-2.0,0
13,13,1.5,note,3.0,alto,65.0,2.0,F,,4,4,,yes,no,F,n,I,_,I,_,1.0,M,Bb,10.0,M,Bb,10.0,M,10.0,5,5,_,-2.0,-2.0,0
14,14,1.5,note,4.0,soprn,70.0,2.0,Bb,,4,4,,yes,no,R,n,I,_,I,_,1.0,M,Bb,10.0,M,Bb,10.0,M,10.0,1,1,_,-2.0,-2.0,0
15,15,2.0,note,1.0,bass,51.0,2.5,Eb,,4,4,,yes,yes,R,y,IV,_,I,_,0.0,M,Bb,10.0,M,Bb,10.0,M,3.0,4,4,_,-2.0,-2.0,0
16,16,2.0,note,2.0,tenor,58.0,2.5,Bb,,4,4,,yes,yes,F,n,IV,_,I,_,0.0,M,Bb,10.0,M,Bb,10.0,M,3.0,1,1,_,-2.0,-2.0,0
17,17,2.0,note,3.0,alto,63.0,2.5,Eb,,4,4,,yes,yes,R,y,IV,_,I,_,0.0,M,Bb,10.0,M,Bb,10.0,M,3.0,4,4,_,-2.0,-2.0,0
18,18,2.0,note,4.0,soprn,67.0,2.5,G,,4,4,,yes,yes,T,n,IV,_,I,_,0.0,M,Bb,10.0,M,Bb,10.0,M,3.0,6,6,_,-2.0,-2.0,0
19,19,2.5,note,1.0,bass,53.0,3.0,F,,4,4,,no,no,x,n,IV,_,I,_,0.0,M,Bb,10.0,M,Bb,10.0,M,3.0,5,5,_,-2.0,-2.0,0
20,20,2.5,note,2.0,tenor,58.0,3.0,Bb,,4,4,,yes,no,F,n,IV,_,I,_,0.0,M,Bb,10.0,M,Bb,10.0,M,3.0,1,1,_,-2.0,-2.0,0
21,21,2.5,note,3.0,alto,63.0,3.0,Eb,,4,4,,yes,no,R,y,IV,_,I,_,0.0,M,Bb,10.0,M,Bb,10.0,M,3.0,4,4,_,-2.0,-2.0,0
22,22,2.5,note,4.0,soprn,69.0,3.0,A,,4,4,,no,no,x,n,IV,_,I,_,0.0,M,Bb,10.0,M,Bb,10.0,M,3.0,7,7,_,-2.0,-2.0,0
23,23,3.0,note,1.0,bass,55.0,3.5,G,,4,4,,yes,yes,R,y,VI,_,I,_,0.0,M,Bb,10.0,m,Bb,10.0,M,7.0,6,6,_,-2.0,-2.0,0
24,24,3.0,note,2.0,tenor,58.0,3.5,Bb,,4,4,,yes,yes,T,n,VI,_,I,_,0.0,M,Bb,10.0,m,Bb,10.0,M,7.0,1,1,_,-2.0,-2.0,0
25,25,3.0,note,3.0,alto,62.0,3.5,D,,4,4,,yes,yes,F,n,VI,_,I,_,0.0,M,Bb,10.0,m,Bb,10.0,M,7.0,3,3,_,-2.0,-2.0,0
26,26,3.0,note,4.0,soprn,70.0,3.5,Bb,,4,4,,yes,yes,T,n,VI,_,I,_,0.0,M,Bb,10.0,m,Bb,10.0,M,7.0,1,1,_,-2.0,-2.0,0
27,27,3.5,note,1.0,bass,57.0,4.0,A,,4,4,,no,no,x,n,VI,_,I,_,0.0,M,Bb,10.0,m,Bb,10.0,M,7.0,7,7,_,-2.0,-2.0,0
28,28,3.5,note,2.0,tenor,58.0,4.0,Bb,,4,4,,yes,no,T,n,VI,_,I,_,0.0,M,Bb,10.0,m,Bb,10.0,M,7.0,1,1,_,-2.0,-2.0,0
29,29,3.5,note,3.0,alto,62.0,4.0,D,,4,4,,yes,no,F,n,VI,_,I,_,0.0,M,Bb,10.0,m,Bb,10.0,M,7.0,3,3,_,-2.0,-2.0,0
30,30,3.5,note,4.0,soprn,72.0,4.0,C,,4,4,,no,no,x,n,VI,_,I,_,0.0,M,Bb,10.0,m,Bb,10.0,M,7.0,2,2,_,-2.0,-2.0,0
31,31,4.0,note,2.0,tenor,53.0,5.0,F,,4,4,,yes,yes,F,n,I,_,I,_,0.0,M,Bb,10.0,M,Bb,10.0,M,10.0,5,5,_,-2.0,-2.0,0
32,32,4.0,note,1.0,bass,58.0,5.0,Bb,,4,4,,yes,yes,R,y,I,_,I,_,0.0,M,Bb,10.0,M,Bb,10.0,M,10.0,1,1,_,-2.0,-2.0,0
33,33,4.0,note,3.0,alto,62.0,5.0,D,,4,4,,yes,yes,T,n,I,_,I,_,0.0,M,Bb,10.0,M,Bb,10.0,M,10.0,3,3,_,-2.0,-2.0,0
34,34,4.0,note,4.0,soprn,74.0,5.0,D,,4,4,,yes,yes,T,n,I,_,I,_,0.0,M,Bb,10.0,M,Bb,10.0,M,10.0,3,3,_,-2.0,-2.0,0
35,35,5.0,bar,,,,9.0,,,4,4,,na,na,na,na,na,na,na,na,,na,na,,na,na,,na,,na,na,na,,,0
36,36,5.0,note,1.0,bass,51.0,6.0,Eb,,4,4,,yes,yes,T,y,II,_,I,_,1.0,M,Bb,10.0,m,Bb,10.0,M,0.0,4,4,_,-2.0,-2.0,0
37,37,5.0,note,2.0,tenor,55.0,6.0,G,,4,4,,yes,yes,F,n,II,_,I,_,1.0,M,Bb,10.0,m,Bb,10.0,M,0.0,6,6,_,-2.0,-2.0,0
38,38,5.0,note,3.0,alto,63.0,6.0,Eb,,4,4,,yes,yes,T,y,II,_,I,_,1.0,M,Bb,10.0,m,Bb,10.0,M,0.0,4,4,_,-2.0,-2.0,0
39,39,5.0,note,4.0,soprn,72.0,6.0,C,,4,4,,yes,yes,R,n,II,_,I,_,1.0,M,Bb,10.0,m,Bb,10.0,M,0.0,2,2,_,-2.0,-2.0,0
40,40,6.0,note,1.0,bass,53.0,6.25,F,,4,4,,yes,yes,R,y,V,_,I,_,0.0,M,Bb,10.0,Mm7,Bb,10.0,M,5.0,5,5,_,-2.0,-2.0,0
41,41,6.0,note,2.0,tenor,57.0,6.25,A,,4,4,,yes,yes,T,n,V,_,I,_,0.0,M,Bb,10.0,Mm7,Bb,10.0,M,5.0,7,7,_,-2.0,-2.0,0
42,42,6.0,note,3.0,alto,63.0,6.25,Eb,,4,4,,yes,yes,S,n,V,_,I,_,0.0,M,Bb,10.0,Mm7,Bb,10.0,M,5.0,4,4,_,-2.0,-2.0,0
43,43,6.0,note,4.0,soprn,72.0,6.25,C,,4,4,,yes,yes,F,n,V,_,I,_,0.0,M,Bb,10.0,Mm7,Bb,10.0,M,5.0,2,2,_,-2.0,-2.0,0
44,44,6.25,note,1.0,bass,53.0,6.5,F,,4,4,,yes,no,R,y,V,_,I,_,0.0,M,Bb,10.0,Mm7,Bb,10.0,M,5.0,5,5,_,-2.0,-2.0,0
45,45,6.25,note,2.0,tenor,57.0,6.5,A,,4,4,,yes,no,T,n,V,_,I,_,0.0,M,Bb,10.0,Mm7,Bb,10.0,M,5.0,7,7,_,-2.0,-2.0,0
46,46,6.25,note,3.0,alto,62.0,6.5,D,,4,4,,no,no,x,n,V,_,I,_,0.0,M,Bb,10.0,Mm7,Bb,10.0,M,5.0,3,3,_,-2.0,-2.0,0
47,47,6.25,note,4.0,soprn,72.0,6.5,C,,4,4,,yes,no,F,n,V,_,I,_,0.0,M,Bb,10.0,Mm7,Bb,10.0,M,5.0,2,2,_,-2.0,-2.0,0
48,48,6.5,note,1.0,bass,53.0,7.0,F,,4,4,,yes,no,R,y,V,_,I,_,0.0,M,Bb,10.0,Mm7,Bb,10.0,M,5.0,5,5,_,-2.0,-2.0,0
49,49,6.5,note,2.0,tenor,57.0,7.0,A,,4,4,,yes,no,T,n,V,_,I,_,0.0,M,Bb,10.0,Mm7,Bb,10.0,M,5.0,7,7,_,-2.0,-2.0,0
50,50,6.5,note,3.0,alto,63.0,7.0,Eb,,4,4,,yes,no,S,n,V,_,I,_,0.0,M,Bb,10.0,Mm7,Bb,10.0,M,5.0,4,4,_,-2.0,-2.0,0
51,51,6.5,note,4.0,soprn,72.0,7.0,C,,4,4,,yes,no,F,n,V,_,I,_,0.0,M,Bb,10.0,Mm7,Bb,10.0,M,5.0,2,2,_,-2.0,-2.0,0
52,52,7.0,note,1.0,bass,46.0,8.0,Bb,,4,4,,yes,yes,R,y,I,_,I,_,0.0,M,Bb,10.0,M,Bb,10.0,M,10.0,1,1,_,-2.0,-2.0,0
53,53,7.0,note,2.0,tenor,53.0,8.0,F,,4,4,,yes,yes,F,n,I,_,I,_,0.0,M,Bb,10.0,M,Bb,10.0,M,10.0,5,5,_,-2.0,-2.0,0
54,54,7.0,note,3.0,alto,62.0,8.0,D,,4,4,,yes,yes,T,n,I,_,I,_,0.0,M,Bb,10.0,M,Bb,10.0,M,10.0,3,3,_,-2.0,-2.0,0
55,55,7.0,note,4.0,soprn,70.0,8.0,Bb,,4,4,,yes,yes,R,y,I,_,I,_,0.0,M,Bb,10.0,M,Bb,10.0,M,10.0,1,1,_,-2.0,-2.0,0
56,56,8.0,note,1.0,bass,43.0,9.0,G,,4,4,,yes,yes,R,y,I,_,I,_,0.0,m,g,7.0,m,g,7.0,m,7.0,1,1,_,-2.0,-2.0,0
57,57,8.0,note,2.0,tenor,55.0,9.0,G,,4,4,,yes,yes,R,y,I,_,I,_,0.0,m,g,7.0,m,g,7.0,m,7.0,1,1,_,-2.0,-2.0,0
58,58,8.0,note,3.0,alto,62.0,9.0,D,,4,4,,yes,yes,F,n,I,_,I,_,0.0,m,g,7.0,m,g,7.0,m,7.0,5,5,_,-2.0,-2.0,0
59,59,8.0,note,4.0,soprn,70.0,9.0,Bb,,4,4,,yes,yes,T,n,I,_,I,_,0.0,m,g,7.0,m,g,7.0,m,7.0,3,3,_,-2.0,-2.0,0
60,60,9.0,bar,,,,13.0,,,4,4,,na,na,na,na,na,na,na,na,,na,na,,na,na,,na,,na,na,na,,,0
61,61,9.0,note,1.0,bass,50.0,9.5,D,,4,4,,yes,yes,R,y,V,_,I,_,0.0,m,g,7.0,M,g,7.0,m,2.0,5,5,_,-2.0,-2.0,0
62,62,9.0,note,2.0,tenor,54.0,9.5,F#,,4,4,,yes,yes,T,n,V,_,I,_,0.0,m,g,7.0,M,g,7.0,m,2.0,#7,7,#,-2.0,-2.0,0
63,63,9.0,note,3.0,alto,62.0,9.5,D,,4,4,,yes,yes,R,y,V,_,I,_,0.0,m,g,7.0,M,g,7.0,m,2.0,5,5,_,-2.0,-2.0,0
64,64,9.0,note,4.0,soprn,69.0,9.5,A,,4,4,,yes,yes,F,n,V,_,I,_,0.0,m,g,7.0,M,g,7.0,m,2.0,2,2,_,-2.0,-2.0,0
65,65,9.5,note,1.0,bass,50.0,10.0,D,,4,4,,yes,yes,R,y,V,_,I,_,0.0,m,g,7.0,Mm7,g,7.0,m,2.0,5,5,_,-2.0,-2.0,0
66,66,9.5,note,2.0,tenor,63.0,10.0,Eb,,4,4,,no,yes,x,n,V,_,I,_,0.0,m,g,7.0,Mm7,g,7.0,m,2.0,6,6,_,-2.0,-2.0,0
67,67,9.5,note,4.0,soprn,69.0,10.0,A,,4,4,,yes,yes,F,n,V,_,I,_,0.0,m,g,7.0,Mm7,g,7.0,m,2.0,2,2,_,-2.0,-2.0,0
68,68,9.5,note,3.0,alto,72.0,10.0,C,,4,4,,yes,yes,S,n,V,_,I,_,0.0,m,g,7.0,Mm7,g,7.0,m,2.0,4,4,_,-2.0,-2.0,0
69,69,10.0,note,1.0,bass,52.0,10.5,E,,4,4,,yes,yes,R,y,VI,_,I,_,0.0,m,g,7.0,o,g,7.0,m,4.0,#6,6,#,-2.0,-2.0,0
70,70,10.0,note,2.0,tenor,62.0,10.5,D,,4,4,,no,yes,x,n,VI,_,I,_,0.0,m,g,7.0,o,g,7.0,m,4.0,5,5,_,-2.0,-2.0,0
71,71,10.0,note,4.0,soprn,67.0,10.5,G,,4,4,,yes,yes,T,n,VI,_,I,_,0.0,m,g,7.0,o,g,7.0,m,4.0,1,1,_,-2.0,-2.0,0
72,72,10.0,note,3.0,alto,70.0,10.5,Bb,,4,4,,yes,yes,F,n,VI,_,I,_,0.0,m,g,7.0,o,g,7.0,m,4.0,3,3,_,-2.0,-2.0,0
73,73,10.5,note,1.0,bass,54.0,11.0,F#,,4,4,,yes,yes,R,y,VII,_,I,_,0.0,m,g,7.0,o,g,7.0,m,6.0,#7,7,#,-2.0,-2.0,0
74,74,10.5,note,2.0,tenor,60.0,11.0,C,,4,4,,yes,yes,F,n,VII,_,I,_,0.0,m,g,7.0,o,g,7.0,m,6.0,4,4,_,-2.0,-2.0,0
75,75,10.5,note,3.0,alto,69.0,11.0,A,,4,4,"75,76",yes,yes,T,n,VII,_,I,_,0.0,m,g,7.0,o,g,7.0,m,6.0,2,2,_,-2.0,-2.0,0
76,77,11.0,note,1.0,bass,55.0,11.5,G,,4,4,,yes,yes,R,y,I,_,I,_,0.0,m,g,7.0,m,g,7.0,m,7.0,1,1,_,-2.0,-2.0,0
77,78,11.0,note,2.0,tenor,58.0,11.5,Bb,,4,4,,yes,yes,T,n,I,_,I,_,0.0,m,g,7.0,m,g,7.0,m,7.0,3,3,_,-2.0,-2.0,0
78,79,11.0,note,3.0,alto,67.0,11.5,G,,4,4,,yes,yes,R,y,I,_,I,_,0.0,m,g,7.0,m,g,7.0,m,7.0,1,1,_,-2.0,-2.0,0
79,80,11.0,note,4.0,soprn,70.0,11.5,Bb,,4,4,,yes,yes,T,n,I,_,I,_,0.0,m,g,7.0,m,g,7.0,m,7.0,3,3,_,-2.0,-2.0,0
80,81,11.5,note,1.0,bass,53.0,12.0,F,,4,4,,no,no,x,n,I,_,I,_,0.0,m,g,7.0,m,g,7.0,m,7.0,7,7,_,-2.0,-2.0,0
81,82,11.5,note,2.0,tenor,57.0,12.0,A,,4,4,,no,no,x,n,I,_,I,_,0.0,m,g,7.0,m,g,7.0,m,7.0,2,2,_,-2.0,-2.0,0
82,83,11.5,note,3.0,alto,67.0,12.0,G,,4,4,,yes,no,R,y,I,_,I,_,0.0,m,g,7.0,m,g,7.0,m,7.0,1,1,_,-2.0,-2.0,0
83,84,11.5,note,4.0,soprn,70.0,12.0,Bb,,4,4,,yes,no,T,n,I,_,I,_,0.0,m,g,7.0,m,g,7.0,m,7.0,3,3,_,-2.0,-2.0,0
84,85,12.0,note,1.0,bass,51.0,12.5,Eb,,4,4,,yes,yes,T,y,IV,_,I,_,1.0,m,g,7.0,m,g,7.0,m,0.0,6,6,_,-2.0,-2.0,0
85,86,12.0,note,2.0,tenor,55.0,12.5,G,,4,4,,yes,yes,F,n,IV,_,I,_,1.0,m,g,7.0,m,g,7.0,m,0.0,1,1,_,-2.0,-2.0,0
86,87,12.0,note,3.0,alto,67.0,12.5,G,,4,4,,yes,yes,F,n,IV,_,I,_,1.0,m,g,7.0,m,g,7.0,m,0.0,1,1,_,-2.0,-2.0,0
87,88,12.0,note,4.0,soprn,72.0,12.5,C,,4,4,,yes,yes,R,n,IV,_,I,_,1.0,m,g,7.0,m,g,7.0,m,0.0,4,4,_,-2.0,-2.0,0
88,89,12.5,note,1.0,bass,50.0,13.0,D,,4,4,,no,no,x,n,IV,_,I,_,1.0,m,g,7.0,m,g,7.0,m,0.0,5,5,_,-2.0,-2.0,0
89,90,12.5,note,2.0,tenor,55.0,13.0,G,,4,4,,yes,no,F,n,IV,_,I,_,1.0,m,g,7.0,m,g,7.0,m,0.0,1,1,_,-2.0,-2.0,0
90,91,12.5,note,3.0,alto,65.0,13.0,F,,4,4,,no,no,x,n,IV,_,I,_,1.0,m,g,7.0,m,g,7.0,m,0.0,7,7,_,-2.0,-2.0,0
91,92,12.5,note,4.0,soprn,70.0,13.0,Bb,,4,4,,no,no,x,n,IV,_,I,_,1.0,m,g,7.0,m,g,7.0,m,0.0,3,3,_,-2.0,-2.0,0
92,93,13.0,bar,,,,16.0,,,4,4,,na,na,na,na,na,na,na,na,,na,na,,na,na,,na,,na,na,na,,,0
93,94,13.0,note,1.0,bass,48.0,14.0,C,,4,4,,yes,yes,T,y,II,_,I,_,1.0,m,g,7.0,o,g,7.0,m,9.0,4,4,_,-2.0,-2.0,0
94,95,13.0,note,2.0,tenor,55.0,14.0,G,,4,4,,no,yes,x,n,II,_,I,_,1.0,m,g,7.0,o,g,7.0,m,9.0,1,1,_,-2.0,-2.0,0
95,96,13.0,note,3.0,alto,63.0,14.0,Eb,,4,4,,yes,yes,F,n,II,_,I,_,1.0,m,g,7.0,o,g,7.0,m,9.0,6,6,_,-2.0,-2.0,0
96,97,13.0,note,4.0,soprn,69.0,14.0,A,,4,4,,yes,yes,R,n,II,_,I,_,1.0,m,g,7.0,o,g,7.0,m,9.0,2,2,_,-2.0,-2.0,0
97,98,14.0,note,1.0,bass,50.0,14.5,D,,4,4,,yes,yes,R,y,V,_,I,_,0.0,m,g,7.0,M,g,7.0,m,2.0,5,5,_,-2.0,-2.0,0
98,99,14.0,note,2.0,tenor,54.0,14.5,F#,,4,4,,yes,yes,T,n,V,_,I,_,0.0,m,g,7.0,M,g,7.0,m,2.0,#7,7,#,-2.0,-2.0,0
99,100,14.0,note,3.0,alto,62.0,14.5,D,,4,4,,yes,yes,R,y,V,_,I,_,0.0,m,g,7.0,M,g,7.0,m,2.0,5,5,_,-2.0,-2.0,0
100,101,14.0,note,4.0,soprn,69.0,14.5,A,,4,4,,yes,yes,F,n,V,_,I,_,0.0,m,g,7.0,M,g,7.0,m,2.0,2,2,_,-2.0,-2.0,0
101,102,14.5,note,1.0,bass,50.0,15.0,D,,4,4,,yes,yes,R,y,V,_,I,_,0.0,m,g,7.0,Mm7,g,7.0,m,2.0,5,5,_,-2.0,-2.0,0
102,103,14.5,note,2.0,tenor,54.0,15.0,F#,,4,4,,yes,yes,T,n,V,_,I,_,0.0,m,g,7.0,Mm7,g,7.0,m,2.0,#7,7,#,-2.0,-2.0,0
103,104,14.5,note,3.0,alto,60.0,15.0,C,,4,4,,yes,yes,S,n,V,_,I,_,0.0,m,g,7.0,Mm7,g,7.0,m,2.0,4,4,_,-2.0,-2.0,0
104,105,14.5,note,4.0,soprn,69.0,15.0,A,,4,4,,yes,yes,F,n,V,_,I,_,0.0,m,g,7.0,Mm7,g,7.0,m,2.0,2,2,_,-2.0,-2.0,0
105,106,15.0,note,1.0,bass,43.0,16.0,G,,4,4,,yes,yes,R,y,I,_,I,_,0.0,m,g,7.0,m,g,7.0,m,7.0,1,1,_,-2.0,-2.0,0
106,107,15.0,note,2.0,tenor,55.0,16.0,G,,4,4,,yes,yes,R,y,I,_,I,_,0.0,m,g,7.0,m,g,7.0,m,7.0,1,1,_,-2.0,-2.0,0
107,108,15.0,note,3.0,alto,58.0,16.0,Bb,,4,4,,yes,yes,T,n,I,_,I,_,0.0,m,g,7.0,m,g,7.0,m,7.0,3,3,_,-2.0,-2.0,0
108,109,15.0,note,4.0,soprn,67.0,16.0,G,,4,4,,yes,yes,R,y,I,_,I,_,0.0,m,g,7.0,m,g,7.0,m,7.0,1,1,_,-2.0,-2.0,0
109,110,16.0,bar,,,,17.0,,,4,4,,na,na,na,na,na,na,na,na,,na,na,,na,na,,na,,na,na,na,,,0
110,111,16.0,note,1.0,bass,45.0,17.0,A,,4,4,,yes,yes,T,y,V,_,I,_,1.0,M,Bb,10.0,M,Bb,10.0,M,5.0,7,7,_,-2.0,-2.0,0
111,112,16.0,note,2.0,tenor,53.0,17.0,F,,4,4,,yes,yes,R,n,V,_,I,_,1.0,M,Bb,10.0,M,Bb,10.0,M,5.0,5,5,_,-2.0,-2.0,0
112,113,16.0,note,3.0,alto,65.0,17.0,F,,4,4,,yes,yes,R,n,V,_,I,_,1.0,M,Bb,10.0,M,Bb,10.0,M,5.0,5,5,_,-2.0,-2.0,0
113,114,16.0,note,4.0,soprn,72.0,17.0,C,,4,4,,yes,yes,F,n,V,_,I,_,1.0,M,Bb,10.0,M,Bb,10.0,M,5.0,2,2,_,-2.0,-2.0,0
114,115,17.0,bar,,,,21.0,,,4,4,,na,na,na,na,na,na,na,na,,na,na,,na,na,,na,,na,na,na,,,0
115,116,17.0,note,1.0,bass,46.0,17.5,Bb,,4,4,,yes,yes,R,y,I,_,I,_,0.0,M,Bb,10.0,M,Bb,10.0,M,10.0,1,1,_,-2.0,-2.0,0
116,117,17.0,note,2.0,tenor,58.0,17.5,Bb,,4,4,,yes,yes,R,y,I,_,I,_,0.0,M,Bb,10.0,M,Bb,10.0,M,10.0,1,1,_,-2.0,-2.0,0
117,118,17.0,note,3.0,alto,65.0,17.5,F,,4,4,,yes,yes,F,n,I,_,I,_,0.0,M,Bb,10.0,M,Bb,10.0,M,10.0,5,5,_,-2.0,-2.0,0
118,119,17.0,note,4.0,soprn,74.0,17.5,D,,4,4,,yes,yes,T,n,I,_,I,_,0.0,M,Bb,10.0,M,Bb,10.0,M,10.0,3,3,_,-2.0,-2.0,0
119,120,17.5,note,1.0,bass,48.0,18.0,C,,4,4,,no,no,x,n,I,_,I,_,0.0,M,Bb,10.0,M,Bb,10.0,M,10.0,2,2,_,-2.0,-2.0,0
120,121,17.5,note,2.0,tenor,58.0,18.0,Bb,,4,4,,yes,no,R,y,I,_,I,_,0.0,M,Bb,10.0,M,Bb,10.0,M,10.0,1,1,_,-2.0,-2.0,0
121,122,17.5,note,3.0,alto,65.0,18.0,F,,4,4,,yes,no,F,n,I,_,I,_,0.0,M,Bb,10.0,M,Bb,10.0,M,10.0,5,5,_,-2.0,-2.0,0
122,123,17.5,note,4.0,soprn,74.0,18.0,D,,4,4,,yes,no,T,n,I,_,I,_,0.0,M,Bb,10.0,M,Bb,10.0,M,10.0,3,3,_,-2.0,-2.0,0
123,124,18.0,note,1.0,bass,50.0,18.5,D,,4,4,,yes,yes,T,y,I,_,I,_,1.0,M,Bb,10.0,M,Bb,10.0,M,10.0,3,3,_,-2.0,-2.0,0
124,125,18.0,note,2.0,tenor,58.0,18.5,Bb,,4,4,,yes,yes,R,n,I,_,I,_,1.0,M,Bb,10.0,M,Bb,10.0,M,10.0,1,1,_,-2.0,-2.0,0
125,126,18.0,note,3.0,alto,65.0,18.5,F,,4,4,,yes,yes,F,n,I,_,I,_,1.0,M,Bb,10.0,M,Bb,10.0,M,10.0,5,5,_,-2.0,-2.0,0
126,127,18.0,note,4.0,soprn,74.0,18.5,D,,4,4,,yes,yes,T,y,I,_,I,_,1.0,M,Bb,10.0,M,Bb,10.0,M,10.0,3,3,_,-2.0,-2.0,0
127,128,18.5,note,1.0,bass,51.0,19.0,Eb,,4,4,,no,no,x,n,I,_,I,_,1.0,M,Bb,10.0,M,Bb,10.0,M,10.0,4,4,_,-2.0,-2.0,0
128,129,18.5,note,2.0,tenor,58.0,19.0,Bb,,4,4,,yes,no,R,n,I,_,I,_,1.0,M,Bb,10.0,M,Bb,10.0,M,10.0,1,1,_,-2.0,-2.0,0
129,130,18.5,note,3.0,alto,65.0,19.0,F,,4,4,,yes,no,F,n,I,_,I,_,1.0,M,Bb,10.0,M,Bb,10.0,M,10.0,5,5,_,-2.0,-2.0,0
130,131,18.5,note,4.0,soprn,74.0,19.0,D,,4,4,,yes,no,T,y,I,_,I,_,1.0,M,Bb,10.0,M,Bb,10.0,M,10.0,3,3,_,-2.0,-2.0,0
131,132,19.0,note,1.0,bass,53.0,19.5,F,,4,4,,yes,yes,R,y,V,_,I,_,0.0,M,Bb,10.0,M,Bb,10.0,M,5.0,5,5,_,-2.0,-2.0,0
132,133,19.0,note,3.0,alto,60.0,19.5,C,,4,4,,yes,yes,F,n,V,_,I,_,0.0,M,Bb,10.0,M,Bb,10.0,M,5.0,2,2,_,-2.0,-2.0,0
133,134,19.0,note,2.0,tenor,65.0,19.5,F,,4,4,,yes,yes,R,y,V,_,I,_,0.0,M,Bb,10.0,M,Bb,10.0,M,5.0,5,5,_,-2.0,-2.0,0
134,135,19.0,note,4.0,soprn,69.0,19.5,A,,4,4,,yes,yes,T,n,V,_,I,_,0.0,M,Bb,10.0,M,Bb,10.0,M,5.0,7,7,_,-2.0,-2.0,0
135,136,19.5,note,1.0,bass,55.0,20.0,G,,4,4,,no,no,x,n,V,_,I,_,0.0,M,Bb,10.0,M,Bb,10.0,M,5.0,6,6,_,-2.0,-2.0,0
136,137,19.5,note,3.0,alto,60.0,20.0,C,,4,4,,yes,no,F,n,V,_,I,_,0.0,M,Bb,10.0,M,Bb,10.0,M,5.0,2,2,_,-2.0,-2.0,0
137,138,19.5,note,2.0,tenor,65.0,20.0,F,,4,4,,yes,no,R,y,V,_,I,_,0.0,M,Bb,10.0,M,Bb,10.0,M,5.0,5,5,_,-2.0,-2.0,0
138,139,19.5,note,4.0,soprn,70.0,20.0,Bb,,4,4,,no,no,x,n,V,_,I,_,0.0,M,Bb,10.0,M,Bb,10.0,M,5.0,1,1,_,-2.0,-2.0,0
139,140,20.0,note,1.0,bass,57.0,20.5,A,,4,4,,yes,yes,T,y,VII,_,I,_,1.0,m,g,7.0,o,g,7.0,m,6.0,2,2,_,-2.0,-2.0,0
140,141,20.0,note,3.0,alto,60.0,20.5,C,,4,4,,yes,yes,F,n,VII,_,I,_,1.0,m,g,7.0,o,g,7.0,m,6.0,4,4,_,-2.0,-2.0,0
141,142,20.0,note,2.0,tenor,66.0,20.5,F#,,4,4,,yes,yes,R,n,VII,_,I,_,1.0,m,g,7.0,o,g,7.0,m,6.0,#7,7,#,-2.0,-2.0,0
142,143,20.0,note,4.0,soprn,72.0,20.5,C,,4,4,,yes,yes,F,n,VII,_,I,_,1.0,m,g,7.0,o,g,7.0,m,6.0,4,4,_,-2.0,-2.0,0
143,144,20.5,note,1.0,bass,54.0,21.0,F#,,4,4,,yes,yes,R,y,VII,_,I,_,0.0,m,g,7.0,o,g,7.0,m,6.0,#7,7,#,-2.0,-2.0,0
144,145,20.5,note,2.0,tenor,57.0,21.0,A,,4,4,,yes,yes,T,n,VII,_,I,_,0.0,m,g,7.0,o,g,7.0,m,6.0,2,2,_,-2.0,-2.0,0
145,146,20.5,note,3.0,alto,69.0,21.0,A,,4,4,,yes,yes,T,n,VII,_,I,_,0.0,m,g,7.0,o,g,7.0,m,6.0,2,2,_,-2.0,-2.0,0
146,147,20.5,note,4.0,soprn,72.0,21.0,C,,4,4,,yes,yes,F,n,VII,_,I,_,0.0,m,g,7.0,o,g,7.0,m,6.0,4,4,_,-2.0,-2.0,0
147,148,21.0,bar,,,,25.0,,,4,4,,na,na,na,na,na,na,na,na,,na,na,,na,na,,na,,na,na,na,,,0
148,149,21.0,note,1.0,bass,55.0,21.5,G,,4,4,,yes,yes,R,y,I,_,I,_,0.0,m,g,7.0,m,g,7.0,m,7.0,1,1,_,-2.0,-2.0,0
149,150,21.0,note,2.0,tenor,58.0,21.5,Bb,,4,4,,yes,yes,T,n,I,_,I,_,0.0,m,g,7.0,m,g,7.0,m,7.0,3,3,_,-2.0,-2.0,0
150,151,21.0,note,3.0,alto,69.0,21.5,A,,4,4,,no,yes,x,n,I,_,I,_,0.0,m,g,7.0,m,g,7.0,m,7.0,2,2,_,-2.0,-2.0,0
151,152,21.0,note,4.0,soprn,70.0,21.5,Bb,,4,4,,yes,yes,T,n,I,_,I,_,0.0,m,g,7.0,m,g,7.0,m,7.0,3,3,_,-2.0,-2.0,0
152,153,21.5,note,1.0,bass,57.0,21.75,A,,4,4,,no,no,x,n,I,_,I,_,0.0,m,g,7.0,m,g,7.0,m,7.0,2,2,_,-2.0,-2.0,0
153,154,21.5,note,2.0,tenor,60.0,21.75,C,,4,4,,no,no,x,n,I,_,I,_,0.0,m,g,7.0,m,g,7.0,m,7.0,4,4,_,-2.0,-2.0,0
154,155,21.5,note,3.0,alto,67.0,21.75,G,,4,4,,yes,no,R,y,I,_,I,_,0.0,m,g,7.0,m,g,7.0,m,7.0,1,1,_,-2.0,-2.0,0
155,156,21.5,note,4.0,soprn,70.0,21.75,Bb,,4,4,,yes,no,T,n,I,_,I,_,0.0,m,g,7.0,m,g,7.0,m,7.0,3,3,_,-2.0,-2.0,0
156,157,21.75,note,1.0,bass,57.0,22.0,A,,4,4,,no,no,x,n,I,_,I,_,0.0,m,g,7.0,m,g,7.0,m,7.0,2,2,_,-2.0,-2.0,0
157,158,21.75,note,2.0,tenor,60.0,22.0,C,,4,4,,no,no,x,n,I,_,I,_,0.0,m,g,7.0,m,g,7.0,m,7.0,4,4,_,-2.0,-2.0,0
158,159,21.75,note,3.0,alto,66.0,22.0,F#,,4,4,,no,no,x,n,I,_,I,_,0.0,m,g,7.0,m,g,7.0,m,7.0,#7,7,#,-2.0,-2.0,0
159,160,21.75,note,4.0,soprn,70.0,22.0,Bb,,4,4,,yes,no,T,n,I,_,I,_,0.0,m,g,7.0,m,g,7.0,m,7.0,3,3,_,-2.0,-2.0,0
160,161,22.0,note,1.0,bass,58.0,22.5,Bb,,4,4,,yes,yes,T,y,I,_,I,_,1.0,m,g,7.0,m,g,7.0,m,7.0,3,3,_,-2.0,-2.0,0
161,162,22.0,note,2.0,tenor,62.0,22.5,D,,4,4,,yes,yes,F,n,I,_,I,_,1.0,m,g,7.0,m,g,7.0,m,7.0,5,5,_,-2.0,-2.0,0
162,163,22.0,note,3.0,alto,67.0,22.5,G,,4,4,,yes,yes,R,n,I,_,I,_,1.0,m,g,7.0,m,g,7.0,m,7.0,1,1,_,-2.0,-2.0,0
163,164,22.0,note,4.0,soprn,70.0,22.5,Bb,,4,4,,yes,yes,T,y,I,_,I,_,1.0,m,g,7.0,m,g,7.0,m,7.0,3,3,_,-2.0,-2.0,0
164,165,22.5,note,1.0,bass,60.0,23.0,C,,4,4,,no,no,x,n,I,_,I,_,1.0,m,g,7.0,m,g,7.0,m,7.0,4,4,_,-2.0,-2.0,0
165,166,22.5,note,2.0,tenor,62.0,23.0,D,,4,4,,yes,no,F,n,I,_,I,_,1.0,m,g,7.0,m,g,7.0,m,7.0,5,5,_,-2.0,-2.0,0
166,167,22.5,note,3.0,alto,67.0,23.0,G,,4,4,,yes,no,R,n,I,_,I,_,1.0,m,g,7.0,m,g,7.0,m,7.0,1,1,_,-2.0,-2.0,0
167,168,22.5,note,4.0,soprn,70.0,23.0,Bb,,4,4,,yes,no,T,y,I,_,I,_,1.0,m,g,7.0,m,g,7.0,m,7.0,3,3,_,-2.0,-2.0,0
168,169,23.0,note,1.0,bass,62.0,24.0,D,,4,4,"169,170",yes,yes,R,y,V,_,I,_,0.0,m,g,7.0,M,g,7.0,m,2.0,5,5,_,-2.0,-2.0,0
169,171,23.0,note,3.0,alto,66.0,24.0,F#,,4,4,,yes,yes,T,n,V,_,I,_,0.0,m,g,7.0,M,g,7.0,m,2.0,#7,7,#,-2.0,-2.0,0
170,172,23.0,note,4.0,soprn,69.0,24.0,A,,4,4,,yes,yes,F,n,V,_,I,_,0.0,m,g,7.0,M,g,7.0,m,2.0,2,2,_,-2.0,-2.0,0
171,173,24.0,note,1.0,bass,55.0,24.5,G,,4,4,,yes,yes,R,y,I,_,I,_,0.0,m,g,7.0,m,g,7.0,m,7.0,1,1,_,-2.0,-2.0,0
172,174,24.0,note,2.0,tenor,62.0,24.5,D,,4,4,,yes,yes,F,n,I,_,I,_,0.0,m,g,7.0,m,g,7.0,m,7.0,5,5,_,-2.0,-2.0,0
173,175,24.0,note,3.0,alto,67.0,24.5,G,,4,4,,yes,yes,R,y,I,_,I,_,0.0,m,g,7.0,m,g,7.0,m,7.0,1,1,_,-2.0,-2.0,0
174,176,24.0,note,4.0,soprn,70.0,24.5,Bb,,4,4,,yes,yes,T,n,I,_,I,_,0.0,m,g,7.0,m,g,7.0,m,7.0,3,3,_,-2.0,-2.0,0
175,177,24.5,note,1.0,bass,53.0,25.0,F,,4,4,,no,no,x,n,I,_,I,_,0.0,m,g,7.0,m,g,7.0,m,7.0,7,7,_,-2.0,-2.0,0
176,178,24.5,note,2.0,tenor,62.0,25.0,D,,4,4,,yes,no,F,n,I,_,I,_,0.0,m,g,7.0,m,g,7.0,m,7.0,5,5,_,-2.0,-2.0,0
177,179,24.5,note,3.0,alto,67.0,25.0,G,,4,4,,yes,no,R,y,I,_,I,_,0.0,m,g,7.0,m,g,7.0,m,7.0,1,1,_,-2.0,-2.0,0
178,180,24.5,note,4.0,soprn,70.0,25.0,Bb,,4,4,,yes,no,T,n,I,_,I,_,0.0,m,g,7.0,m,g,7.0,m,7.0,3,3,_,-2.0,-2.0,0
179,181,25.0,bar,,,,29.0,,,4,4,,na,na,na,na,na,na,na,na,,na,na,,na,na,,na,,na,na,na,,,0
180,182,25.0,note,1.0,bass,51.0,25.5,Eb,,4,4,,yes,yes,T,y,IV,_,I,_,1.0,m,g,7.0,m,g,7.0,m,0.0,6,6,_,-2.0,-2.0,0
181,183,25.0,note,2.0,tenor,55.0,25.5,G,,4,4,,yes,yes,F,n,IV,_,I,_,1.0,m,g,7.0,m,g,7.0,m,0.0,1,1,_,-2.0,-2.0,0
182,184,25.0,note,3.0,alto,67.0,25.5,G,,4,4,,yes,yes,F,n,IV,_,I,_,1.0,m,g,7.0,m,g,7.0,m,0.0,1,1,_,-2.0,-2.0,0
183,185,25.0,note,4.0,soprn,72.0,25.5,C,,4,4,,yes,yes,R,n,IV,_,I,_,1.0,m,g,7.0,m,g,7.0,m,0.0,4,4,_,-2.0,-2.0,0
184,186,25.5,note,1.0,bass,50.0,26.0,D,,4,4,,no,no,x,n,IV,_,I,_,1.0,m,g,7.0,m,g,7.0,m,0.0,5,5,_,-2.0,-2.0,0
185,187,25.5,note,2.0,tenor,55.0,26.0,G,,4,4,,yes,no,F,n,IV,_,I,_,1.0,m,g,7.0,m,g,7.0,m,0.0,1,1,_,-2.0,-2.0,0
186,188,25.5,note,3.0,alto,65.0,26.0,F,,4,4,,no,no,x,n,IV,_,I,_,1.0,m,g,7.0,m,g,7.0,m,0.0,7,7,_,-2.0,-2.0,0
187,189,25.5,note,4.0,soprn,72.0,26.0,C,,4,4,,yes,no,R,n,IV,_,I,_,1.0,m,g,7.0,m,g,7.0,m,0.0,4,4,_,-2.0,-2.0,0
188,190,26.0,note,1.0,bass,48.0,26.5,C,,4,4,,yes,yes,R,y,IV,_,I,_,0.0,m,g,7.0,m,g,7.0,m,0.0,4,4,_,-2.0,-2.0,0
189,191,26.0,note,2.0,tenor,60.0,26.5,C,,4,4,,yes,yes,R,y,IV,_,I,_,0.0,m,g,7.0,m,g,7.0,m,0.0,4,4,_,-2.0,-2.0,0
190,192,26.0,note,3.0,alto,63.0,26.5,Eb,,4,4,,yes,yes,T,n,IV,_,I,_,0.0,m,g,7.0,m,g,7.0,m,0.0,6,6,_,-2.0,-2.0,0
191,193,26.0,note,4.0,soprn,67.0,26.5,G,,4,4,,yes,yes,F,n,IV,_,I,_,0.0,m,g,7.0,m,g,7.0,m,0.0,1,1,_,-2.0,-2.0,0
192,194,26.5,note,1.0,bass,48.0,27.0,C,,4,4,,yes,yes,T,y,II,_,I,_,1.0,m,g,7.0,o,g,7.0,m,9.0,4,4,_,-2.0,-2.0,0
193,195,26.5,note,2.0,tenor,60.0,27.0,C,,4,4,,yes,yes,T,y,II,_,I,_,1.0,m,g,7.0,o,g,7.0,m,9.0,4,4,_,-2.0,-2.0,0
194,196,26.5,note,3.0,alto,63.0,27.0,Eb,,4,4,,yes,yes,F,n,II,_,I,_,1.0,m,g,7.0,o,g,7.0,m,9.0,6,6,_,-2.0,-2.0,0
195,197,26.5,note,4.0,soprn,69.0,27.0,A,,4,4,,yes,yes,R,n,II,_,I,_,1.0,m,g,7.0,o,g,7.0,m,9.0,2,2,_,-2.0,-2.0,0
196,198,27.0,note,1.0,bass,43.0,27.5,G,,4,4,,yes,yes,R,y,I,_,I,_,0.0,m,g,7.0,m,g,7.0,m,7.0,1,1,_,-2.0,-2.0,0
197,199,27.0,note,2.0,tenor,58.0,27.5,Bb,,4,4,,yes,yes,T,n,I,_,I,_,0.0,m,g,7.0,m,g,7.0,m,7.0,3,3,_,-2.0,-2.0,0
198,200,27.0,note,3.0,alto,62.0,27.5,D,,4,4,,yes,yes,F,n,I,_,I,_,0.0,m,g,7.0,m,g,7.0,m,7.0,5,5,_,-2.0,-2.0,0
199,201,27.0,note,4.0,soprn,70.0,27.5,Bb,,4,4,,yes,yes,T,n,I,_,I,_,0.0,m,g,7.0,m,g,7.0,m,7.0,3,3,_,-2.0,-2.0,0
200,202,27.5,note,1.0,bass,43.0,28.0,G,,4,4,,yes,yes,T,y,VII,_,I,_,1.0,M,F,5.0,o,F,5.0,M,4.0,2,2,_,-1.0,-1.0,0
201,203,27.5,note,2.0,tenor,58.0,28.0,Bb,,4,4,,yes,yes,F,n,VII,_,I,_,1.0,M,F,5.0,o,F,5.0,M,4.0,4,4,_,-1.0,-1.0,0
202,204,27.5,note,3.0,alto,64.0,28.0,E,,4,4,,yes,yes,R,n,VII,_,I,_,1.0,M,F,5.0,o,F,5.0,M,4.0,7,7,_,-1.0,-1.0,0
203,205,27.5,note,4.0,soprn,70.0,28.0,Bb,,4,4,,yes,yes,F,n,VII,_,I,_,1.0,M,F,5.0,o,F,5.0,M,4.0,4,4,_,-1.0,-1.0,0
204,206,28.0,note,1.0,bass,45.0,28.5,A,,4,4,,yes,yes,T,y,I,_,I,_,1.0,M,F,5.0,M,F,5.0,M,5.0,3,3,_,-1.0,-1.0,0
205,207,28.0,note,2.0,tenor,60.0,28.5,C,,4,4,,yes,yes,F,n,I,_,I,_,1.0,M,F,5.0,M,F,5.0,M,5.0,5,5,_,-1.0,-1.0,0
206,208,28.0,note,3.0,alto,65.0,28.5,F,,4,4,,yes,yes,R,n,I,_,I,_,1.0,M,F,5.0,M,F,5.0,M,5.0,1,1,_,-1.0,-1.0,0
207,209,28.0,note,4.0,soprn,69.0,28.5,A,,4,4,,yes,yes,T,y,I,_,I,_,1.0,M,F,5.0,M,F,5.0,M,5.0,3,3,_,-1.0,-1.0,0
208,210,28.5,note,1.0,bass,46.0,29.0,Bb,,4,4,,no,no,x,n,I,_,I,_,1.0,M,F,5.0,M,F,5.0,M,5.0,4,4,_,-1.0,-1.0,0
209,211,28.5,note,2.0,tenor,60.0,29.0,C,,4,4,,yes,no,F,n,I,_,I,_,1.0,M,F,5.0,M,F,5.0,M,5.0,5,5,_,-1.0,-1.0,0
210,212,28.5,note,3.0,alto,65.0,29.0,F,,4,4,,yes,no,R,n,I,_,I,_,1.0,M,F,5.0,M,F,5.0,M,5.0,1,1,_,-1.0,-1.0,0
211,213,28.5,note,4.0,soprn,69.0,29.0,A,,4,4,,yes,no,T,y,I,_,I,_,1.0,M,F,5.0,M,F,5.0,M,5.0,3,3,_,-1.0,-1.0,0
212,214,29.0,bar,,,,33.0,,,4,4,,na,na,na,na,na,na,na,na,,na,na,,na,na,,na,,na,na,na,,,0
213,215,29.0,note,1.0,bass,48.0,29.5,C,,4,4,,yes,yes,R,y,V,_,I,_,0.0,M,F,5.0,M,F,5.0,M,0.0,5,5,_,-1.0,-1.0,0
214,216,29.0,note,2.0,tenor,60.0,29.5,C,,4,4,,yes,yes,R,y,V,_,I,_,0.0,M,F,5.0,M,F,5.0,M,0.0,5,5,_,-1.0,-1.0,0
215,217,29.0,note,3.0,alto,65.0,29.5,F,,4,4,,no,yes,x,n,V,_,I,_,0.0,M,F,5.0,M,F,5.0,M,0.0,1,1,_,-1.0,-1.0,0
216,218,29.0,note,4.0,soprn,67.0,29.5,G,,4,4,,yes,yes,F,n,V,_,I,_,0.0,M,F,5.0,M,F,5.0,M,0.0,2,2,_,-1.0,-1.0,0
217,219,29.5,note,1.0,bass,46.0,30.0,Bb,,4,4,,no,no,x,n,V,_,I,_,0.0,M,F,5.0,M,F,5.0,M,0.0,4,4,_,-1.0,-1.0,0
218,220,29.5,note,2.0,tenor,55.0,30.0,G,,4,4,,yes,no,F,n,V,_,I,_,0.0,M,F,5.0,M,F,5.0,M,0.0,2,2,_,-1.0,-1.0,0
219,221,29.5,note,3.0,alto,65.0,30.0,F,,4,4,,no,no,x,n,V,_,I,_,0.0,M,F,5.0,M,F,5.0,M,0.0,1,1,_,-1.0,-1.0,0
220,222,29.5,note,4.0,soprn,67.0,30.0,G,,4,4,,yes,no,F,n,V,_,I,_,0.0,M,F,5.0,M,F,5.0,M,0.0,2,2,_,-1.0,-1.0,0
221,223,30.0,note,1.0,bass,48.0,30.5,C,,4,4,,yes,no,R,y,V,_,I,_,0.0,M,F,5.0,M,F,5.0,M,0.0,5,5,_,-1.0,-1.0,0
222,224,30.0,note,2.0,tenor,60.0,30.5,C,,4,4,,yes,no,R,y,V,_,I,_,0.0,M,F,5.0,M,F,5.0,M,0.0,5,5,_,-1.0,-1.0,0
223,225,30.0,note,3.0,alto,64.0,30.5,E,,4,4,,yes,no,T,n,V,_,I,_,0.0,M,F,5.0,M,F,5.0,M,0.0,7,7,_,-1.0,-1.0,0
224,226,30.0,note,4.0,soprn,67.0,30.5,G,,4,4,,yes,no,F,n,V,_,I,_,0.0,M,F,5.0,M,F,5.0,M,0.0,2,2,_,-1.0,-1.0,0
225,227,30.5,note,1.0,bass,48.0,31.0,C,,4,4,,yes,yes,R,y,V,_,I,_,0.0,M,F,5.0,Mm7,F,5.0,M,0.0,5,5,_,-1.0,-1.0,0
226,228,30.5,note,2.0,tenor,58.0,31.0,Bb,,4,4,,yes,yes,S,n,V,_,I,_,0.0,M,F,5.0,Mm7,F,5.0,M,0.0,4,4,_,-1.0,-1.0,0
227,229,30.5,note,3.0,alto,64.0,31.0,E,,4,4,,yes,yes,T,n,V,_,I,_,0.0,M,F,5.0,Mm7,F,5.0,M,0.0,7,7,_,-1.0,-1.0,0
228,230,30.5,note,4.0,soprn,67.0,31.0,G,,4,4,,yes,yes,F,n,V,_,I,_,0.0,M,F,5.0,Mm7,F,5.0,M,0.0,2,2,_,-1.0,-1.0,0
229,231,31.0,note,1.0,bass,41.0,32.0,F,,4,4,,yes,yes,R,y,I,_,I,_,0.0,M,F,5.0,M,F,5.0,M,5.0,1,1,_,-1.0,-1.0,0
230,232,31.0,note,2.0,tenor,57.0,32.0,A,,4,4,,yes,yes,T,n,I,_,I,_,0.0,M,F,5.0,M,F,5.0,M,5.0,3,3,_,-1.0,-1.0,0
231,233,31.0,note,3.0,alto,60.0,32.0,C,,4,4,,yes,yes,F,n,I,_,I,_,0.0,M,F,5.0,M,F,5.0,M,5.0,5,5,_,-1.0,-1.0,0
232,234,31.0,note,4.0,soprn,65.0,32.0,F,,4,4,,yes,yes,R,y,I,_,I,_,0.0,M,F,5.0,M,F,5.0,M,5.0,1,1,_,-1.0,-1.0,0
233,235,32.0,note,1.0,bass,50.0,32.5,D,,4,4,,yes,yes,T,y,IV,_,I,_,1.0,M,F,5.0,M,F,5.0,M,10.0,6,6,_,-1.0,-1.0,0
234,236,32.0,note,2.0,tenor,53.0,32.5,F,,4,4,,yes,yes,F,n,IV,_,I,_,1.0,M,F,5.0,M,F,5.0,M,10.0,1,1,_,-1.0,-1.0,0
235,237,32.0,note,3.0,alto,62.0,32.5,D,,4,4,,yes,yes,T,y,IV,_,I,_,1.0,M,F,5.0,M,F,5.0,M,10.0,6,6,_,-1.0,-1.0,0
236,238,32.0,note,4.0,soprn,70.0,32.5,Bb,,4,4,,yes,yes,R,n,IV,_,I,_,1.0,M,F,5.0,M,F,5.0,M,10.0,4,4,_,-1.0,-1.0,0
237,239,32.5,note,1.0,bass,52.0,33.0,E,,4,4,,yes,yes,R,y,VII,_,I,_,0.0,M,F,5.0,o,F,5.0,M,4.0,7,7,_,-1.0,-1.0,0
238,240,32.5,note,2.0,tenor,55.0,33.0,G,,4,4,,yes,yes,T,n,VII,_,I,_,0.0,M,F,5.0,o,F,5.0,M,4.0,2,2,_,-1.0,-1.0,0
239,241,32.5,note,3.0,alto,62.0,33.0,D,,4,4,,no,yes,x,n,VII,_,I,_,0.0,M,F,5.0,o,F,5.0,M,4.0,6,6,_,-1.0,-1.0,0
240,242,32.5,note,4.0,soprn,70.0,33.0,Bb,,4,4,,yes,yes,F,n,VII,_,I,_,0.0,M,F,5.0,o,F,5.0,M,4.0,4,4,_,-1.0,-1.0,0
241,243,33.0,bar,,,,37.0,,,4,4,,na,na,na,na,na,na,na,na,,na,na,,na,na,,na,,na,na,na,,,0
242,244,33.0,note,1.0,bass,53.0,33.5,F,,4,4,,yes,yes,R,y,I,_,I,_,0.0,M,F,5.0,M,F,5.0,M,5.0,1,1,_,-1.0,-1.0,0
243,245,33.0,note,2.0,tenor,57.0,33.5,A,,4,4,,yes,yes,T,n,I,_,I,_,0.0,M,F,5.0,M,F,5.0,M,5.0,3,3,_,-1.0,-1.0,0
244,246,33.0,note,3.0,alto,60.0,33.5,C,,4,4,,yes,yes,F,n,I,_,I,_,0.0,M,F,5.0,M,F,5.0,M,5.0,5,5,_,-1.0,-1.0,0
245,247,33.0,note,4.0,soprn,69.0,33.5,A,,4,4,,yes,yes,T,n,I,_,I,_,0.0,M,F,5.0,M,F,5.0,M,5.0,3,3,_,-1.0,-1.0,0
246,248,33.5,note,1.0,bass,53.0,34.0,F,,4,4,,yes,no,R,y,I,_,I,_,0.0,M,F,5.0,M,F,5.0,M,5.0,1,1,_,-1.0,-1.0,0
247,249,33.5,note,2.0,tenor,58.0,34.0,Bb,,4,4,,no,no,x,n,I,_,I,_,0.0,M,F,5.0,M,F,5.0,M,5.0,4,4,_,-1.0,-1.0,0
248,250,33.5,note,3.0,alto,62.0,34.0,D,,4,4,,no,no,x,n,I,_,I,_,0.0,M,F,5.0,M,F,5.0,M,5.0,6,6,_,-1.0,-1.0,0
249,251,33.5,note,4.0,soprn,69.0,34.0,A,,4,4,,yes,no,T,n,I,_,I,_,0.0,M,F,5.0,M,F,5.0,M,5.0,3,3,_,-1.0,-1.0,0
250,252,34.0,note,1.0,bass,48.0,34.5,C,,4,4,,yes,yes,R,y,V,_,I,_,0.0,M,F,5.0,M,F,5.0,M,0.0,5,5,_,-1.0,-1.0,0
251,253,34.0,note,2.0,tenor,60.0,34.5,C,,4,4,,yes,yes,R,y,V,_,I,_,0.0,M,F,5.0,M,F,5.0,M,0.0,5,5,_,-1.0,-1.0,0
252,254,34.0,note,3.0,alto,64.0,34.5,E,,4,4,,yes,yes,T,n,V,_,I,_,0.0,M,F,5.0,M,F,5.0,M,0.0,7,7,_,-1.0,-1.0,0
253,255,34.0,note,4.0,soprn,67.0,34.5,G,,4,4,,yes,yes,F,n,V,_,I,_,0.0,M,F,5.0,M,F,5.0,M,0.0,2,2,_,-1.0,-1.0,0
254,256,34.5,note,1.0,bass,48.0,35.0,C,,4,4,,yes,yes,F,y,VII,_,I,_,2.0,m,g,7.0,o,g,7.0,m,6.0,4,4,_,-2.0,-2.0,0
255,257,34.5,note,2.0,tenor,60.0,35.0,C,,4,4,,yes,yes,F,y,VII,_,I,_,2.0,m,g,7.0,o,g,7.0,m,6.0,4,4,_,-2.0,-2.0,0
256,258,34.5,note,3.0,alto,66.0,35.0,F#,,4,4,,yes,yes,R,n,VII,_,I,_,2.0,m,g,7.0,o,g,7.0,m,6.0,#7,7,#,-2.0,-2.0,0
257,259,34.5,note,4.0,soprn,69.0,35.0,A,,4,4,,yes,yes,T,n,VII,_,I,_,2.0,m,g,7.0,o,g,7.0,m,6.0,2,2,_,-2.0,-2.0,0
258,260,35.0,note,1.0,bass,55.0,35.5,G,,4,4,,yes,yes,R,y,I,_,I,_,0.0,m,g,7.0,m,g,7.0,m,7.0,1,1,_,-2.0,-2.0,0
259,261,35.0,note,2.0,tenor,62.0,35.5,D,,4,4,,yes,yes,F,n,I,_,I,_,0.0,m,g,7.0,m,g,7.0,m,7.0,5,5,_,-2.0,-2.0,0
260,262,35.0,note,3.0,alto,67.0,35.5,G,,4,4,,yes,yes,R,y,I,_,I,_,0.0,m,g,7.0,m,g,7.0,m,7.0,1,1,_,-2.0,-2.0,0
261,263,35.0,note,4.0,soprn,70.0,35.5,Bb,,4,4,,yes,yes,T,n,I,_,I,_,0.0,m,g,7.0,m,g,7.0,m,7.0,3,3,_,-2.0,-2.0,0
262,264,35.5,note,1.0,bass,53.0,36.0,F,,4,4,,no,no,x,n,I,_,I,_,0.0,m,g,7.0,m,g,7.0,m,7.0,7,7,_,-2.0,-2.0,0
263,265,35.5,note,2.0,tenor,62.0,36.0,D,,4,4,,yes,no,F,n,I,_,I,_,0.0,m,g,7.0,m,g,7.0,m,7.0,5,5,_,-2.0,-2.0,0
264,266,35.5,note,3.0,alto,67.0,36.0,G,,4,4,,yes,no,R,y,I,_,I,_,0.0,m,g,7.0,m,g,7.0,m,7.0,1,1,_,-2.0,-2.0,0
265,267,35.5,note,4.0,soprn,70.0,36.0,Bb,,4,4,,yes,no,T,n,I,_,I,_,0.0,m,g,7.0,m,g,7.0,m,7.0,3,3,_,-2.0,-2.0,0
266,268,36.0,note,1.0,bass,51.0,36.5,Eb,,4,4,,yes,yes,T,y,IV,_,I,_,1.0,m,g,7.0,m,g,7.0,m,0.0,6,6,_,-2.0,-2.0,0
267,269,36.0,note,2.0,tenor,60.0,36.5,C,,4,4,,yes,yes,R,n,IV,_,I,_,1.0,m,g,7.0,m,g,7.0,m,0.0,4,4,_,-2.0,-2.0,0
268,270,36.0,note,3.0,alto,67.0,36.5,G,,4,4,,yes,yes,F,n,IV,_,I,_,1.0,m,g,7.0,m,g,7.0,m,0.0,1,1,_,-2.0,-2.0,0
269,271,36.0,note,4.0,soprn,72.0,36.5,C,,4,4,,yes,yes,R,n,IV,_,I,_,1.0,m,g,7.0,m,g,7.0,m,0.0,4,4,_,-2.0,-2.0,0
270,272,36.5,note,1.0,bass,50.0,37.0,D,,4,4,,yes,yes,F,y,I,_,I,_,2.0,m,g,7.0,m,g,7.0,m,7.0,5,5,_,-2.0,-2.0,0
271,273,36.5,note,2.0,tenor,62.0,37.0,D,,4,4,,yes,yes,F,y,I,_,I,_,2.0,m,g,7.0,m,g,7.0,m,7.0,5,5,_,-2.0,-2.0,0
272,274,36.5,note,3.0,alto,67.0,37.0,G,,4,4,,yes,yes,R,n,I,_,I,_,2.0,m,g,7.0,m,g,7.0,m,7.0,1,1,_,-2.0,-2.0,0
273,275,36.5,note,4.0,soprn,70.0,37.0,Bb,,4,4,,yes,yes,T,n,I,_,I,_,2.0,m,g,7.0,m,g,7.0,m,7.0,3,3,_,-2.0,-2.0,0
274,276,37.0,bar,,,,40.0,,,4,4,,na,na,na,na,na,na,na,na,,na,na,,na,na,,na,,na,na,na,,,0
275,277,37.0,note,1.0,bass,48.0,37.5,C,,4,4,,yes,yes,T,y,II,_,I,_,1.0,m,g,7.0,o,g,7.0,m,9.0,4,4,_,-2.0,-2.0,0
276,278,37.0,note,2.0,tenor,63.0,37.5,Eb,,4,4,,yes,yes,F,n,II,_,I,_,1.0,m,g,7.0,o,g,7.0,m,9.0,6,6,_,-2.0,-2.0,0
277,279,37.0,note,3.0,alto,67.0,37.5,G,,4,4,,no,yes,x,n,II,_,I,_,1.0,m,g,7.0,o,g,7.0,m,9.0,1,1,_,-2.0,-2.0,0
278,280,37.0,note,4.0,soprn,69.0,37.5,A,,4,4,,yes,yes,R,n,II,_,I,_,1.0,m,g,7.0,o,g,7.0,m,9.0,2,2,_,-2.0,-2.0,0
279,281,37.5,note,1.0,bass,48.0,38.0,C,,4,4,,yes,no,T,y,II,_,I,_,1.0,m,g,7.0,o,g,7.0,m,9.0,4,4,_,-2.0,-2.0,0
280,282,37.5,note,2.0,tenor,57.0,38.0,A,,4,4,,yes,no,R,n,II,_,I,_,1.0,m,g,7.0,o,g,7.0,m,9.0,2,2,_,-2.0,-2.0,0
281,283,37.5,note,3.0,alto,67.0,38.0,G,,4,4,,no,no,x,n,II,_,I,_,1.0,m,g,7.0,o,g,7.0,m,9.0,1,1,_,-2.0,-2.0,0
282,284,37.5,note,4.0,soprn,69.0,38.0,A,,4,4,,yes,no,R,n,II,_,I,_,1.0,m,g,7.0,o,g,7.0,m,9.0,2,2,_,-2.0,-2.0,0
283,285,38.0,note,1.0,bass,50.0,38.5,D,,4,4,,yes,yes,R,y,V,_,I,_,0.0,m,g,7.0,M,g,7.0,m,2.0,5,5,_,-2.0,-2.0,0
284,286,38.0,note,2.0,tenor,62.0,38.5,D,,4,4,,yes,yes,R,y,V,_,I,_,0.0,m,g,7.0,M,g,7.0,m,2.0,5,5,_,-2.0,-2.0,0
285,287,38.0,note,3.0,alto,66.0,38.5,F#,,4,4,,yes,yes,T,n,V,_,I,_,0.0,m,g,7.0,M,g,7.0,m,2.0,#7,7,#,-2.0,-2.0,0
286,288,38.0,note,4.0,soprn,69.0,38.5,A,,4,4,,yes,yes,F,n,V,_,I,_,0.0,m,g,7.0,M,g,7.0,m,2.0,2,2,_,-2.0,-2.0,0
287,289,38.5,note,1.0,bass,50.0,39.0,D,,4,4,,yes,yes,R,y,V,_,I,_,0.0,m,g,7.0,Mm7,g,7.0,m,2.0,5,5,_,-2.0,-2.0,0
288,290,38.5,note,2.0,tenor,60.0,39.0,C,,4,4,,yes,yes,S,n,V,_,I,_,0.0,m,g,7.0,Mm7,g,7.0,m,2.0,4,4,_,-2.0,-2.0,0
289,291,38.5,note,3.0,alto,66.0,39.0,F#,,4,4,,yes,yes,T,n,V,_,I,_,0.0,m,g,7.0,Mm7,g,7.0,m,2.0,#7,7,#,-2.0,-2.0,0
290,292,38.5,note,4.0,soprn,69.0,39.0,A,,4,4,,yes,yes,F,n,V,_,I,_,0.0,m,g,7.0,Mm7,g,7.0,m,2.0,2,2,_,-2.0,-2.0,0
291,293,39.0,note,1.0,bass,43.0,40.0,G,,4,4,,yes,yes,R,y,I,_,I,_,0.0,m,g,7.0,M,g,7.0,m,7.0,1,1,_,-2.0,-2.0,0
292,294,39.0,note,2.0,tenor,59.0,40.0,B,,4,4,,yes,yes,T,n,I,_,I,_,0.0,m,g,7.0,M,g,7.0,m,7.0,#3,3,#,-2.0,-2.0,0
293,295,39.0,note,3.0,alto,62.0,40.0,D,,4,4,,yes,yes,F,n,I,_,I,_,0.0,m,g,7.0,M,g,7.0,m,7.0,5,5,_,-2.0,-2.0,0
294,296,39.0,note,4.0,soprn,67.0,40.0,G,,4,4,,yes,yes,R,y,I,_,I,_,0.0,m,g,7.0,M,g,7.0,m,7.0,1,1,_,-2.0,-2.0,0
