,original_index,onset,type,track,instrument,pitch,release,spelling,other,ts_numerator,ts_denominator,duplicated_indices,chord_tone,harmony_onset,chord_factors,bass_pcs,primary_degree,primary_alteration,secondary_degree,secondary_alteration,inversion,mode,key,key_pc,quality,granular_key,granular_key_pc,granular_mode,root_pc,scale_degree,scale_degree_step,scale_degree_alteration,key_signature,granular_key_signature,tonicization
0,0,0.0,time_signature,,,,,,"{""numerator"": 4, ""denominator"": 4}",4,4,,na,na,na,na,na,na,na,na,,na,na,,na,na,,na,,na,na,na,,,0
1,1,0.0,bar,,,,0.0625,,,4,4,,na,na,na,na,na,na,na,na,,na,na,,na,na,,na,,na,na,na,,,0
2,2,0.0,bar,,,,4.0,,,4,4,,na,na,na,na,na,na,na,na,,na,na,,na,na,,na,,na,na,na,,,0
3,3,0.0,note,1.0,bass,51.0,0.5,Eb,,4,4,,yes,yes,R,y,I,_,I,_,0.0,M,Eb,3.0,M,Eb,3.0,M,3.0,1,1,_,-3.0,-3.0,0
4,4,0.0,note,2.0,tenor,63.0,0.5,Eb,,4,4,,yes,yes,R,y,I,_,I,_,0.0,M,Eb,3.0,M,Eb,3.0,M,3.0,1,1,_,-3.0,-3.0,0
5,5,0.0,note,3.0,alto,67.0,0.5,G,,4,4,,yes,yes,T,n,I,_,I,_,0.0,M,Eb,3.0,M,Eb,3.0,M,3.0,3,3,_,-3.0,-3.0,0
6,6,0.0,note,4.0,soprn,70.0,0.5,Bb,,4,4,,yes,yes,F,n,I,_,I,_,0.0,M,Eb,3.0,M,Eb,3.0,M,3.0,5,5,_,-3.0,-3.0,0
7,7,0.5,note,1.0,bass,53.0,1.0,F,,4,4,,no,no,x,n,I,_,I,_,0.0,M,Eb,3.0,M,Eb,3.0,M,3.0,2,2,_,-3.0,-3.0,0
8,8,0.5,note,2.0,tenor,63.0,1.0,Eb,,4,4,,yes,no,R,y,I,_,I,_,0.0,M,Eb,3.0,M,Eb,3.0,M,3.0,1,1,_,-3.0,-3.0,0
9,9,0.5,note,3.0,alto,67.0,1.0,G,,4,4,,yes,no,T,n,I,_,I,_,0.0,M,Eb,3.0,M,Eb,3.0,M,3.0,3,3,_,-3.0,-3.0,0
10,10,0.5,note,4.0,soprn,70.0,1.0,Bb,,4,4,,yes,no,F,n,I,_,I,_,0.0,M,Eb,3.0,M,Eb,3.0,M,3.0,5,5,_,-3.0,-3.0,0
11,11,1.0,note,1.0,bass,55.0,1.5,G,,4,4,,yes,yes,T,y,I,_,I,_,1.0,M,Eb,3.0,M,Eb,3.0,M,3.0,3,3,_,-3.0,-3.0,0
12,12,1.0,note,2.0,tenor,63.0,1.5,Eb,,4,4,,yes,yes,R,n,I,_,I,_,1.0,M,Eb,3.0,M,Eb,3.0,M,3.0,1,1,_,-3.0,-3.0,0
13,13,1.0,note,3.0,alto,67.0,1.5,G,,4,4,,yes,yes,T,y,I,_,I,_,1.0,M,Eb,3.0,M,Eb,3.0,M,3.0,3,3,_,-3.0,-3.0,0
14,14,1.0,note,4.0,soprn,70.0,1.5,Bb,,4,4,,yes,yes,F,n,I,_,I,_,1.0,M,Eb,3.0,M,Eb,3.0,M,3.0,5,5,_,-3.0,-3.0,0
15,15,1.5,note,1.0,bass,51.0,2.0,Eb,,4,4,,yes,yes,R,y,I,_,I,_,0.0,M,Eb,3.0,M,Eb,3.0,M,3.0,1,1,_,-3.0,-3.0,0
16,16,1.5,note,2.0,tenor,63.0,2.0,Eb,,4,4,,yes,yes,R,y,I,_,I,_,0.0,M,Eb,3.0,M,Eb,3.0,M,3.0,1,1,_,-3.0,-3.0,0
17,17,1.5,note,3.0,alto,67.0,2.0,G,,4,4,,yes,yes,T,n,I,_,I,_,0.0,M,Eb,3.0,M,Eb,3.0,M,3.0,3,3,_,-3.0,-3.0,0
18,18,1.5,note,4.0,soprn,70.0,2.0,Bb,,4,4,,yes,yes,F,n,I,_,I,_,0.0,M,Eb,3.0,M,Eb,3.0,M,3.0,5,5,_,-3.0,-3.0,0
19,19,2.0,note,1.0,bass,56.0,2.5,Ab,,4,4,,yes,yes,R,y,IV,_,I,_,0.0,M,Eb,3.0,M,Eb,3.0,M,8.0,4,4,_,-3.0,-3.0,0
20,20,2.0,note,2.0,tenor,60.0,2.5,C,,4,4,,yes,yes,T,n,IV,_,I,_,0.0,M,Eb,3.0,M,Eb,3.0,M,8.0,6,6,_,-3.0,-3.0,0
21,21,2.0,note,3.0,alto,63.0,2.5,Eb,,4,4,,yes,yes,F,n,IV,_,I,_,0.0,M,Eb,3.0,M,Eb,3.0,M,8.0,1,1,_,-3.0,-3.0,0
22,22,2.0,note,4.0,soprn,72.0,2.5,C,,4,4,,yes,yes,T,n,IV,_,I,_,0.0,M,Eb,3.0,M,Eb,3.0,M,8.0,6,6,_,-3.0,-3.0,0
23,23,2.5,note,1.0,bass,55.0,3.0,G,,4,4,,no,no,x,n,IV,_,I,_,0.0,M,Eb,3.0,M,Eb,3.0,M,8.0,3,3,_,-3.0,-3.0,0
24,24,2.5,note,2.0,tenor,60.0,3.0,C,,4,4,,yes,no,T,n,IV,_,I,_,0.0,M,Eb,3.0,M,Eb,3.0,M,8.0,6,6,_,-3.0,-3.0,0
25,25,2.5,note,3.0,alto,63.0,3.0,Eb,,4,4,,yes,no,F,n,IV,_,I,_,0.0,M,Eb,3.0,M,Eb,3.0,M,8.0,1,1,_,-3.0,-3.0,0
26,26,2.5,note,4.0,soprn,72.0,3.0,C,,4,4,,yes,no,T,n,IV,_,I,_,0.0,M,Eb,3.0,M,Eb,3.0,M,8.0,6,6,_,-3.0,-3.0,0
27,27,3.0,note,1.0,bass,56.0,3.5,Ab,,4,4,,yes,yes,T,y,II,_,I,_,1.0,M,Eb,3.0,m,Eb,3.0,M,5.0,4,4,_,-3.0,-3.0,0
28,28,3.0,note,2.0,tenor,65.0,3.5,F,,4,4,,yes,yes,R,n,II,_,I,_,1.0,M,Eb,3.0,m,Eb,3.0,M,5.0,2,2,_,-3.0,-3.0,0
29,29,3.0,note,3.0,alto,68.0,3.5,Ab,,4,4,,yes,yes,T,y,II,_,I,_,1.0,M,Eb,3.0,m,Eb,3.0,M,5.0,4,4,_,-3.0,-3.0,0
30,30,3.0,note,4.0,soprn,72.0,3.5,C,,4,4,,yes,yes,F,n,II,_,I,_,1.0,M,Eb,3.0,m,Eb,3.0,M,5.0,6,6,_,-3.0,-3.0,0
31,31,3.5,note,1.0,bass,53.0,4.0,F,,4,4,,yes,yes,R,y,II,_,I,_,0.0,M,Eb,3.0,m,Eb,3.0,M,5.0,2,2,_,-3.0,-3.0,0
32,32,3.5,note,2.0,tenor,65.0,4.0,F,,4,4,,yes,yes,R,y,II,_,I,_,0.0,M,Eb,3.0,m,Eb,3.0,M,5.0,2,2,_,-3.0,-3.0,0
33,33,3.5,note,3.0,alto,68.0,4.0,Ab,,4,4,,yes,yes,T,n,II,_,I,_,0.0,M,Eb,3.0,m,Eb,3.0,M,5.0,4,4,_,-3.0,-3.0,0
34,34,3.5,note,4.0,soprn,72.0,4.0,C,,4,4,,yes,yes,F,n,II,_,I,_,0.0,M,Eb,3.0,m,Eb,3.0,M,5.0,6,6,_,-3.0,-3.0,0
35,35,4.0,bar,,,,8.0,,,4,4,,na,na,na,na,na,na,na,na,,na,na,,na,na,,na,,na,na,na,,,0
36,36,4.0,note,1.0,bass,58.0,4.5,Bb,,4,4,,yes,yes,R,y,V,_,I,_,0.0,M,Eb,3.0,Mm7,Eb,3.0,M,10.0,5,5,_,-3.0,-3.0,0
37,37,4.0,note,2.0,tenor,65.0,4.5,F,,4,4,,yes,yes,F,n,V,_,I,_,0.0,M,Eb,3.0,Mm7,Eb,3.0,M,10.0,2,2,_,-3.0,-3.0,0
38,38,4.0,note,3.0,alto,68.0,4.5,Ab,,4,4,,yes,yes,S,n,V,_,I,_,0.0,M,Eb,3.0,Mm7,Eb,3.0,M,10.0,4,4,_,-3.0,-3.0,0
39,39,4.0,note,4.0,soprn,74.0,4.5,D,,4,4,,yes,yes,T,n,V,_,I,_,0.0,M,Eb,3.0,Mm7,Eb,3.0,M,10.0,7,7,_,-3.0,-3.0,0
40,40,4.5,note,1.0,bass,58.0,5.0,Bb,,4,4,,yes,no,R,y,V,_,I,_,0.0,M,Eb,3.0,Mm7,Eb,3.0,M,10.0,5,5,_,-3.0,-3.0,0
41,41,4.5,note,2.0,tenor,63.0,5.0,Eb,,4,4,,no,no,x,n,V,_,I,_,0.0,M,Eb,3.0,Mm7,Eb,3.0,M,10.0,1,1,_,-3.0,-3.0,0
42,42,4.5,note,3.0,alto,67.0,5.0,G,,4,4,,no,no,x,n,V,_,I,_,0.0,M,Eb,3.0,Mm7,Eb,3.0,M,10.0,3,3,_,-3.0,-3.0,0
43,43,4.5,note,4.0,soprn,74.0,5.0,D,,4,4,,yes,no,T,n,V,_,I,_,0.0,M,Eb,3.0,Mm7,Eb,3.0,M,10.0,7,7,_,-3.0,-3.0,0
44,44,5.0,note,1.0,bass,46.0,5.5,Bb,,4,4,,yes,no,R,y,V,_,I,_,0.0,M,Eb,3.0,Mm7,Eb,3.0,M,10.0,5,5,_,-3.0,-3.0,0
45,45,5.0,note,2.0,tenor,65.0,5.5,F,,4,4,,yes,no,F,n,V,_,I,_,0.0,M,Eb,3.0,Mm7,Eb,3.0,M,10.0,2,2,_,-3.0,-3.0,0
46,46,5.0,note,3.0,alto,68.0,5.5,Ab,,4,4,,yes,no,S,n,V,_,I,_,0.0,M,Eb,3.0,Mm7,Eb,3.0,M,10.0,4,4,_,-3.0,-3.0,0
47,47,5.0,note,4.0,soprn,74.0,5.5,D,,4,4,,yes,no,T,n,V,_,I,_,0.0,M,Eb,3.0,Mm7,Eb,3.0,M,10.0,7,7,_,-3.0,-3.0,0
48,48,5.5,note,1.0,bass,46.0,5.75,Bb,,4,4,,yes,no,R,y,V,_,I,_,0.0,M,Eb,3.0,Mm7,Eb,3.0,M,10.0,5,5,_,-3.0,-3.0,0
49,49,5.5,note,2.0,tenor,62.0,5.75,D,,4,4,,yes,no,T,n,V,_,I,_,0.0,M,Eb,3.0,Mm7,Eb,3.0,M,10.0,7,7,_,-3.0,-3.0,0
50,50,5.5,note,3.0,alto,68.0,5.75,Ab,,4,4,,yes,no,S,n,V,_,I,_,0.0,M,Eb,3.0,Mm7,Eb,3.0,M,10.0,4,4,_,-3.0,-3.0,0
51,51,5.5,note,4.0,soprn,75.0,5.75,Eb,,4,4,,no,no,x,n,V,_,I,_,0.0,M,Eb,3.0,Mm7,Eb,3.0,M,10.0,1,1,_,-3.0,-3.0,0
52,52,5.75,note,1.0,bass,46.0,6.0,Bb,,4,4,,yes,no,R,y,V,_,I,_,0.0,M,Eb,3.0,Mm7,Eb,3.0,M,10.0,5,5,_,-3.0,-3.0,0
53,53,5.75,note,2.0,tenor,62.0,6.0,D,,4,4,,yes,no,T,n,V,_,I,_,0.0,M,Eb,3.0,Mm7,Eb,3.0,M,10.0,7,7,_,-3.0,-3.0,0
54,54,5.75,note,3.0,alto,68.0,6.0,Ab,,4,4,,yes,no,S,n,V,_,I,_,0.0,M,Eb,3.0,Mm7,Eb,3.0,M,10.0,4,4,_,-3.0,-3.0,0
55,55,5.75,note,4.0,soprn,77.0,6.0,F,,4,4,,yes,no,F,n,V,_,I,_,0.0,M,Eb,3.0,Mm7,Eb,3.0,M,10.0,2,2,_,-3.0,-3.0,0
56,56,6.0,note,1.0,bass,51.0,8.0,Eb,,4,4,,yes,yes,R,y,I,_,I,_,0.0,M,Eb,3.0,M,Eb,3.0,M,3.0,1,1,_,-3.0,-3.0,0
57,57,6.0,note,2.0,tenor,58.0,8.0,Bb,,4,4,,yes,yes,F,n,I,_,I,_,0.0,M,Eb,3.0,M,Eb,3.0,M,3.0,5,5,_,-3.0,-3.0,0
58,58,6.0,note,3.0,alto,67.0,8.0,G,,4,4,,yes,yes,T,n,I,_,I,_,0.0,M,Eb,3.0,M,Eb,3.0,M,3.0,3,3,_,-3.0,-3.0,0
59,59,6.0,note,4.0,soprn,75.0,8.0,Eb,,4,4,,yes,yes,R,y,I,_,I,_,0.0,M,Eb,3.0,M,Eb,3.0,M,3.0,1,1,_,-3.0,-3.0,0
60,60,8.0,bar,,,,12.0,,,4,4,,na,na,na,na,na,na,na,na,,na,na,,na,na,,na,,na,na,na,,,0
61,61,8.0,note,1.0,bass,46.0,8.5,Bb,,4,4,,yes,yes,R,y,V,_,I,_,0.0,M,Eb,3.0,M,Eb,3.0,M,10.0,5,5,_,-3.0,-3.0,0
62,62,8.0,note,2.0,tenor,62.0,8.5,D,,4,4,,yes,yes,T,n,V,_,I,_,0.0,M,Eb,3.0,M,Eb,3.0,M,10.0,7,7,_,-3.0,-3.0,0
63,63,8.0,note,3.0,alto,70.0,8.5,Bb,,4,4,,yes,yes,R,y,V,_,I,_,0.0,M,Eb,3.0,M,Eb,3.0,M,10.0,5,5,_,-3.0,-3.0,0
64,64,8.0,note,4.0,soprn,77.0,8.5,F,,4,4,,yes,yes,F,n,V,_,I,_,0.0,M,Eb,3.0,M,Eb,3.0,M,10.0,2,2,_,-3.0,-3.0,0
65,65,8.5,note,1.0,bass,48.0,9.0,C,,4,4,,no,no,x,n,V,_,I,_,0.0,M,Eb,3.0,M,Eb,3.0,M,10.0,6,6,_,-3.0,-3.0,0
66,66,8.5,note,2.0,tenor,63.0,9.0,Eb,,4,4,,no,no,x,n,V,_,I,_,0.0,M,Eb,3.0,M,Eb,3.0,M,10.0,1,1,_,-3.0,-3.0,0
67,67,8.5,note,3.0,alto,70.0,9.0,Bb,,4,4,,yes,no,R,y,V,_,I,_,0.0,M,Eb,3.0,M,Eb,3.0,M,10.0,5,5,_,-3.0,-3.0,0
68,68,8.5,note,4.0,soprn,77.0,9.0,F,,4,4,,yes,no,F,n,V,_,I,_,0.0,M,Eb,3.0,M,Eb,3.0,M,10.0,2,2,_,-3.0,-3.0,0
69,69,9.0,note,1.0,bass,50.0,9.5,D,,4,4,,yes,yes,T,y,V,_,I,_,1.0,M,Eb,3.0,M,Eb,3.0,M,10.0,7,7,_,-3.0,-3.0,0
70,70,9.0,note,2.0,tenor,65.0,9.5,F,,4,4,,yes,yes,F,n,V,_,I,_,1.0,M,Eb,3.0,M,Eb,3.0,M,10.0,2,2,_,-3.0,-3.0,0
71,71,9.0,note,3.0,alto,70.0,9.5,Bb,,4,4,,yes,yes,R,n,V,_,I,_,1.0,M,Eb,3.0,M,Eb,3.0,M,10.0,5,5,_,-3.0,-3.0,0
72,72,9.0,note,4.0,soprn,77.0,9.5,F,,4,4,,yes,yes,F,n,V,_,I,_,1.0,M,Eb,3.0,M,Eb,3.0,M,10.0,2,2,_,-3.0,-3.0,0
73,73,9.5,note,1.0,bass,46.0,10.0,Bb,,4,4,,yes,yes,R,y,V,_,I,_,0.0,M,Eb,3.0,Mm7,Eb,3.0,M,10.0,5,5,_,-3.0,-3.0,0
74,74,9.5,note,2.0,tenor,62.0,10.0,D,,4,4,,yes,yes,T,n,V,_,I,_,0.0,M,Eb,3.0,Mm7,Eb,3.0,M,10.0,7,7,_,-3.0,-3.0,0
75,75,9.5,note,3.0,alto,68.0,10.0,Ab,,4,4,,yes,yes,S,n,V,_,I,_,0.0,M,Eb,3.0,Mm7,Eb,3.0,M,10.0,4,4,_,-3.0,-3.0,0
76,76,9.5,note,4.0,soprn,77.0,10.0,F,,4,4,,yes,yes,F,n,V,_,I,_,0.0,M,Eb,3.0,Mm7,Eb,3.0,M,10.0,2,2,_,-3.0,-3.0,0
77,77,10.0,note,1.0,bass,48.0,10.5,C,,4,4,,yes,yes,R,y,VI,_,I,_,0.0,M,Eb,3.0,m,Eb,3.0,M,0.0,6,6,_,-3.0,-3.0,0
78,78,10.0,note,2.0,tenor,62.0,10.5,D,,4,4,,no,yes,x,n,VI,_,I,_,0.0,M,Eb,3.0,m,Eb,3.0,M,0.0,7,7,_,-3.0,-3.0,0
79,79,10.0,note,3.0,alto,67.0,10.5,G,,4,4,,yes,yes,F,n,VI,_,I,_,0.0,M,Eb,3.0,m,Eb,3.0,M,0.0,3,3,_,-3.0,-3.0,0
80,80,10.0,note,4.0,soprn,75.0,10.5,Eb,,4,4,,yes,yes,T,n,VI,_,I,_,0.0,M,Eb,3.0,m,Eb,3.0,M,0.0,1,1,_,-3.0,-3.0,0
81,81,10.5,note,1.0,bass,50.0,10.75,D,,4,4,,no,no,x,n,VI,_,I,_,0.0,M,Eb,3.0,m,Eb,3.0,M,0.0,7,7,_,-3.0,-3.0,0
82,82,10.5,note,2.0,tenor,60.0,10.75,C,,4,4,,yes,no,R,y,VI,_,I,_,0.0,M,Eb,3.0,m,Eb,3.0,M,0.0,6,6,_,-3.0,-3.0,0
83,83,10.5,note,3.0,alto,67.0,10.75,G,,4,4,,yes,no,F,n,VI,_,I,_,0.0,M,Eb,3.0,m,Eb,3.0,M,0.0,3,3,_,-3.0,-3.0,0
84,84,10.5,note,4.0,soprn,75.0,10.75,Eb,,4,4,,yes,no,T,n,VI,_,I,_,0.0,M,Eb,3.0,m,Eb,3.0,M,0.0,1,1,_,-3.0,-3.0,0
85,85,10.75,note,1.0,bass,50.0,11.0,D,,4,4,,no,no,x,n,VI,_,I,_,0.0,M,Eb,3.0,m,Eb,3.0,M,0.0,7,7,_,-3.0,-3.0,0
86,86,10.75,note,2.0,tenor,59.0,11.0,B,,4,4,,no,no,x,n,VI,_,I,_,0.0,M,Eb,3.0,m,Eb,3.0,M,0.0,#5,5,#,-3.0,-3.0,0
87,87,10.75,note,3.0,alto,67.0,11.0,G,,4,4,,yes,no,F,n,VI,_,I,_,0.0,M,Eb,3.0,m,Eb,3.0,M,0.0,3,3,_,-3.0,-3.0,0
88,88,10.75,note,4.0,soprn,75.0,11.0,Eb,,4,4,,yes,no,T,n,VI,_,I,_,0.0,M,Eb,3.0,m,Eb,3.0,M,0.0,1,1,_,-3.0,-3.0,0
89,89,11.0,note,1.0,bass,51.0,11.5,Eb,,4,4,,yes,yes,T,y,II,_,I,_,1.0,M,Bb,10.0,m,Bb,10.0,M,0.0,4,4,_,-2.0,-2.0,0
90,90,11.0,note,2.0,tenor,60.0,11.5,C,,4,4,,yes,yes,R,n,II,_,I,_,1.0,M,Bb,10.0,m,Bb,10.0,M,0.0,2,2,_,-2.0,-2.0,0
91,91,11.0,note,3.0,alto,67.0,11.5,G,,4,4,,yes,yes,F,n,II,_,I,_,1.0,M,Bb,10.0,m,Bb,10.0,M,0.0,6,6,_,-2.0,-2.0,0
92,92,11.0,note,4.0,soprn,75.0,11.5,Eb,,4,4,,yes,yes,T,y,II,_,I,_,1.0,M,Bb,10.0,m,Bb,10.0,M,0.0,4,4,_,-2.0,-2.0,0
93,93,11.5,note,1.0,bass,53.0,12.0,F,,4,4,,yes,yes,R,y,V,_,I,_,0.0,M,Bb,10.0,Mm7,Bb,10.0,M,5.0,5,5,_,-2.0,-2.0,0
94,94,11.5,note,2.0,tenor,60.0,12.0,C,,4,4,,yes,yes,F,n,V,_,I,_,0.0,M,Bb,10.0,Mm7,Bb,10.0,M,5.0,2,2,_,-2.0,-2.0,0
95,95,11.5,note,3.0,alto,69.0,12.0,A,,4,4,,yes,yes,T,n,V,_,I,_,0.0,M,Bb,10.0,Mm7,Bb,10.0,M,5.0,7,7,_,-2.0,-2.0,0
96,96,11.5,note,4.0,soprn,75.0,12.0,Eb,,4,4,,yes,yes,S,n,V,_,I,_,0.0,M,Bb,10.0,Mm7,Bb,10.0,M,5.0,4,4,_,-2.0,-2.0,0
97,97,12.0,bar,,,,16.0,,,4,4,,na,na,na,na,na,na,na,na,,na,na,,na,na,,na,,na,na,na,,,0
98,98,12.0,note,1.0,bass,55.0,12.5,G,,4,4,,yes,yes,R,y,VI,_,I,_,0.0,M,Bb,10.0,m,Bb,10.0,M,7.0,6,6,_,-2.0,-2.0,0
99,99,12.0,note,2.0,tenor,58.0,12.5,Bb,,4,4,,yes,yes,T,n,VI,_,I,_,0.0,M,Bb,10.0,m,Bb,10.0,M,7.0,1,1,_,-2.0,-2.0,0
100,100,12.0,note,3.0,alto,70.0,12.5,Bb,,4,4,,yes,yes,T,n,VI,_,I,_,0.0,M,Bb,10.0,m,Bb,10.0,M,7.0,1,1,_,-2.0,-2.0,0
101,101,12.0,note,4.0,soprn,74.0,12.5,D,,4,4,,yes,yes,F,n,VI,_,I,_,0.0,M,Bb,10.0,m,Bb,10.0,M,7.0,3,3,_,-2.0,-2.0,0
102,102,12.5,note,1.0,bass,53.0,13.0,F,,4,4,,no,no,x,n,VI,_,I,_,0.0,M,Bb,10.0,m,Bb,10.0,M,7.0,5,5,_,-2.0,-2.0,0
103,103,12.5,note,2.0,tenor,58.0,13.0,Bb,,4,4,,yes,no,T,n,VI,_,I,_,0.0,M,Bb,10.0,m,Bb,10.0,M,7.0,1,1,_,-2.0,-2.0,0
104,104,12.5,note,3.0,alto,69.0,13.0,A,,4,4,,no,no,x,n,VI,_,I,_,0.0,M,Bb,10.0,m,Bb,10.0,M,7.0,7,7,_,-2.0,-2.0,0
105,105,12.5,note,4.0,soprn,74.0,13.0,D,,4,4,,yes,no,F,n,VI,_,I,_,0.0,M,Bb,10.0,m,Bb,10.0,M,7.0,3,3,_,-2.0,-2.0,0
106,106,13.0,note,1.0,bass,51.0,13.5,Eb,,4,4,,yes,yes,T,y,II,_,I,_,1.0,M,Bb,10.0,m,Bb,10.0,M,0.0,4,4,_,-2.0,-2.0,0
107,107,13.0,note,2.0,tenor,58.0,13.5,Bb,,4,4,,no,yes,x,n,II,_,I,_,1.0,M,Bb,10.0,m,Bb,10.0,M,0.0,1,1,_,-2.0,-2.0,0
108,108,13.0,note,3.0,alto,67.0,13.5,G,,4,4,,yes,yes,F,n,II,_,I,_,1.0,M,Bb,10.0,m,Bb,10.0,M,0.0,6,6,_,-2.0,-2.0,0
109,109,13.0,note,4.0,soprn,72.0,13.5,C,,4,4,,yes,yes,R,n,II,_,I,_,1.0,M,Bb,10.0,m,Bb,10.0,M,0.0,2,2,_,-2.0,-2.0,0
110,110,13.5,note,1.0,bass,48.0,13.75,C,,4,4,,yes,yes,R,y,II,_,I,_,0.0,M,Bb,10.0,m7,Bb,10.0,M,0.0,2,2,_,-2.0,-2.0,0
111,111,13.5,note,2.0,tenor,58.0,13.75,Bb,,4,4,,yes,yes,S,n,II,_,I,_,0.0,M,Bb,10.0,m7,Bb,10.0,M,0.0,1,1,_,-2.0,-2.0,0
112,112,13.5,note,3.0,alto,63.0,13.75,Eb,,4,4,,yes,yes,T,n,II,_,I,_,0.0,M,Bb,10.0,m7,Bb,10.0,M,0.0,4,4,_,-2.0,-2.0,0
113,113,13.5,note,4.0,soprn,74.0,13.75,D,,4,4,,no,yes,x,n,II,_,I,_,0.0,M,Bb,10.0,m7,Bb,10.0,M,0.0,3,3,_,-2.0,-2.0,0
114,114,13.75,note,1.0,bass,48.0,14.0,C,,4,4,,yes,no,R,y,II,_,I,_,0.0,M,Bb,10.0,m7,Bb,10.0,M,0.0,2,2,_,-2.0,-2.0,0
115,115,13.75,note,2.0,tenor,58.0,14.0,Bb,,4,4,,yes,no,S,n,II,_,I,_,0.0,M,Bb,10.0,m7,Bb,10.0,M,0.0,1,1,_,-2.0,-2.0,0
116,116,13.75,note,3.0,alto,63.0,14.0,Eb,,4,4,,yes,no,T,n,II,_,I,_,0.0,M,Bb,10.0,m7,Bb,10.0,M,0.0,4,4,_,-2.0,-2.0,0
117,117,13.75,note,4.0,soprn,75.0,14.0,Eb,,4,4,,yes,no,T,n,II,_,I,_,0.0,M,Bb,10.0,m7,Bb,10.0,M,0.0,4,4,_,-2.0,-2.0,0
118,118,14.0,note,1.0,bass,53.0,14.5,F,,4,4,,yes,yes,R,y,V,_,I,_,0.0,M,Bb,10.0,M,Bb,10.0,M,5.0,5,5,_,-2.0,-2.0,0
119,119,14.0,note,2.0,tenor,58.0,14.5,Bb,,4,4,,no,yes,x,n,V,_,I,_,0.0,M,Bb,10.0,M,Bb,10.0,M,5.0,1,1,_,-2.0,-2.0,0
120,120,14.0,note,3.0,alto,65.0,14.5,F,,4,4,,yes,yes,R,y,V,_,I,_,0.0,M,Bb,10.0,M,Bb,10.0,M,5.0,5,5,_,-2.0,-2.0,0
121,121,14.0,note,4.0,soprn,72.0,14.5,C,,4,4,,yes,yes,F,n,V,_,I,_,0.0,M,Bb,10.0,M,Bb,10.0,M,5.0,2,2,_,-2.0,-2.0,0
122,122,14.5,note,1.0,bass,53.0,15.0,F,,4,4,,yes,no,R,y,V,_,I,_,0.0,M,Bb,10.0,M,Bb,10.0,M,5.0,5,5,_,-2.0,-2.0,0
123,123,14.5,note,2.0,tenor,55.0,15.0,G,,4,4,,no,no,x,n,V,_,I,_,0.0,M,Bb,10.0,M,Bb,10.0,M,5.0,6,6,_,-2.0,-2.0,0
124,124,14.5,note,3.0,alto,65.0,15.0,F,,4,4,,yes,no,R,y,V,_,I,_,0.0,M,Bb,10.0,M,Bb,10.0,M,5.0,5,5,_,-2.0,-2.0,0
125,125,14.5,note,4.0,soprn,72.0,15.0,C,,4,4,,yes,no,F,n,V,_,I,_,0.0,M,Bb,10.0,M,Bb,10.0,M,5.0,2,2,_,-2.0,-2.0,0
126,126,15.0,note,1.0,bass,41.0,15.5,F,,4,4,,yes,no,R,y,V,_,I,_,0.0,M,Bb,10.0,M,Bb,10.0,M,5.0,5,5,_,-2.0,-2.0,0
127,127,15.0,note,2.0,tenor,57.0,15.5,A,,4,4,,yes,no,T,n,V,_,I,_,0.0,M,Bb,10.0,M,Bb,10.0,M,5.0,7,7,_,-2.0,-2.0,0
128,128,15.0,note,3.0,alto,65.0,15.5,F,,4,4,,yes,no,R,y,V,_,I,_,0.0,M,Bb,10.0,M,Bb,10.0,M,5.0,5,5,_,-2.0,-2.0,0
129,129,15.0,note,4.0,soprn,72.0,15.5,C,,4,4,,yes,no,F,n,V,_,I,_,0.0,M,Bb,10.0,M,Bb,10.0,M,5.0,2,2,_,-2.0,-2.0,0
130,130,15.5,note,1.0,bass,41.0,16.0,F,,4,4,,yes,yes,R,y,V,_,I,_,0.0,M,Bb,10.0,Mm7,Bb,10.0,M,5.0,5,5,_,-2.0,-2.0,0
131,131,15.5,note,2.0,tenor,57.0,16.0,A,,4,4,,yes,yes,T,n,V,_,I,_,0.0,M,Bb,10.0,Mm7,Bb,10.0,M,5.0,7,7,_,-2.0,-2.0,0
132,132,15.5,note,3.0,alto,63.0,16.0,Eb,,4,4,,yes,yes,S,n,V,_,I,_,0.0,M,Bb,10.0,Mm7,Bb,10.0,M,5.0,4,4,_,-2.0,-2.0,0
133,133,15.5,note,4.0,soprn,72.0,16.0,C,,4,4,,yes,yes,F,n,V,_,I,_,0.0,M,Bb,10.0,Mm7,Bb,10.0,M,5.0,2,2,_,-2.0,-2.0,0
134,134,16.0,bar,,,,20.0,,,4,4,,na,na,na,na,na,na,na,na,,na,na,,na,na,,na,,na,na,na,,,0
135,135,16.0,note,1.0,bass,46.0,18.0,Bb,,4,4,,yes,yes,R,y,I,_,I,_,0.0,M,Bb,10.0,M,Bb,10.0,M,10.0,1,1,_,-2.0,-2.0,0
136,136,16.0,note,2.0,tenor,53.0,18.0,F,,4,4,,yes,yes,F,n,I,_,I,_,0.0,M,Bb,10.0,M,Bb,10.0,M,10.0,5,5,_,-2.0,-2.0,0
137,137,16.0,note,3.0,alto,62.0,18.0,D,,4,4,,yes,yes,T,n,I,_,I,_,0.0,M,Bb,10.0,M,Bb,10.0,M,10.0,3,3,_,-2.0,-2.0,0
138,138,16.0,note,4.0,soprn,70.0,18.0,Bb,,4,4,,yes,yes,R,y,I,_,I,_,0.0,M,Bb,10.0,M,Bb,10.0,M,10.0,1,1,_,-2.0,-2.0,0
139,139,18.0,note,1.0,bass,51.0,18.5,Eb,,4,4,,yes,yes,R,y,I,_,I,_,0.0,M,Eb,3.0,M,Eb,3.0,M,3.0,1,1,_,-3.0,-3.0,0
140,140,18.0,note,2.0,tenor,55.0,18.5,G,,4,4,,yes,yes,T,n,I,_,I,_,0.0,M,Eb,3.0,M,Eb,3.0,M,3.0,3,3,_,-3.0,-3.0,0
141,141,18.0,note,3.0,alto,63.0,18.5,Eb,,4,4,,yes,yes,R,y,I,_,I,_,0.0,M,Eb,3.0,M,Eb,3.0,M,3.0,1,1,_,-3.0,-3.0,0
142,142,18.0,note,4.0,soprn,70.0,18.5,Bb,,4,4,,yes,yes,F,n,I,_,I,_,0.0,M,Eb,3.0,M,Eb,3.0,M,3.0,5,5,_,-3.0,-3.0,0
143,143,18.5,note,1.0,bass,53.0,19.0,F,,4,4,,no,no,x,n,I,_,I,_,0.0,M,Eb,3.0,M,Eb,3.0,M,3.0,2,2,_,-3.0,-3.0,0
144,144,18.5,note,2.0,tenor,56.0,19.0,Ab,,4,4,,no,no,x,n,I,_,I,_,0.0,M,Eb,3.0,M,Eb,3.0,M,3.0,4,4,_,-3.0,-3.0,0
145,145,18.5,note,3.0,alto,63.0,19.0,Eb,,4,4,,yes,no,R,y,I,_,I,_,0.0,M,Eb,3.0,M,Eb,3.0,M,3.0,1,1,_,-3.0,-3.0,0
146,146,18.5,note,4.0,soprn,70.0,19.0,Bb,,4,4,,yes,no,F,n,I,_,I,_,0.0,M,Eb,3.0,M,Eb,3.0,M,3.0,5,5,_,-3.0,-3.0,0
147,147,19.0,note,1.0,bass,55.0,19.5,G,,4,4,,yes,yes,T,y,I,_,I,_,1.0,M,Eb,3.0,M,Eb,3.0,M,3.0,3,3,_,-3.0,-3.0,0
148,148,19.0,note,2.0,tenor,58.0,19.5,Bb,,4,4,,yes,yes,F,n,I,_,I,_,1.0,M,Eb,3.0,M,Eb,3.0,M,3.0,5,5,_,-3.0,-3.0,0
149,149,19.0,note,3.0,alto,63.0,19.5,Eb,,4,4,,yes,yes,R,n,I,_,I,_,1.0,M,Eb,3.0,M,Eb,3.0,M,3.0,1,1,_,-3.0,-3.0,0
150,150,19.0,note,4.0,soprn,70.0,19.5,Bb,,4,4,,yes,yes,F,n,I,_,I,_,1.0,M,Eb,3.0,M,Eb,3.0,M,3.0,5,5,_,-3.0,-3.0,0
151,151,19.5,note,1.0,bass,51.0,20.0,Eb,,4,4,,yes,yes,R,y,I,_,I,_,0.0,M,Eb,3.0,M,Eb,3.0,M,3.0,1,1,_,-3.0,-3.0,0
152,152,19.5,note,2.0,tenor,55.0,20.0,G,,4,4,,yes,yes,T,n,I,_,I,_,0.0,M,Eb,3.0,M,Eb,3.0,M,3.0,3,3,_,-3.0,-3.0,0
153,153,19.5,note,3.0,alto,63.0,20.0,Eb,,4,4,,yes,yes,R,y,I,_,I,_,0.0,M,Eb,3.0,M,Eb,3.0,M,3.0,1,1,_,-3.0,-3.0,0
154,154,19.5,note,4.0,soprn,70.0,20.0,Bb,,4,4,,yes,yes,F,n,I,_,I,_,0.0,M,Eb,3.0,M,Eb,3.0,M,3.0,5,5,_,-3.0,-3.0,0
155,155,20.0,bar,,,,24.0,,,4,4,,na,na,na,na,na,na,na,na,,na,na,,na,na,,na,,na,na,na,,,0
156,156,20.0,note,1.0,bass,56.0,20.5,Ab,,4,4,"156,157",yes,yes,R,y,IV,_,I,_,0.0,M,Eb,3.0,M,Eb,3.0,M,8.0,4,4,_,-3.0,-3.0,0
157,158,20.0,note,3.0,alto,63.0,20.5,Eb,,4,4,,yes,yes,F,n,IV,_,I,_,0.0,M,Eb,3.0,M,Eb,3.0,M,8.0,1,1,_,-3.0,-3.0,0
158,159,20.0,note,4.0,soprn,72.0,20.5,C,,4,4,,yes,yes,T,n,IV,_,I,_,0.0,M,Eb,3.0,M,Eb,3.0,M,8.0,6,6,_,-3.0,-3.0,0
159,160,20.5,note,1.0,bass,55.0,21.0,G,,4,4,,no,no,x,n,IV,_,I,_,0.0,M,Eb,3.0,M,Eb,3.0,M,8.0,3,3,_,-3.0,-3.0,0
160,161,20.5,note,2.0,tenor,58.0,21.0,Bb,,4,4,,no,no,x,n,IV,_,I,_,0.0,M,Eb,3.0,M,Eb,3.0,M,8.0,5,5,_,-3.0,-3.0,0
161,162,20.5,note,3.0,alto,63.0,21.0,Eb,,4,4,,yes,no,F,n,IV,_,I,_,0.0,M,Eb,3.0,M,Eb,3.0,M,8.0,1,1,_,-3.0,-3.0,0
162,163,20.5,note,4.0,soprn,72.0,21.0,C,,4,4,,yes,no,T,n,IV,_,I,_,0.0,M,Eb,3.0,M,Eb,3.0,M,8.0,6,6,_,-3.0,-3.0,0
163,164,21.0,note,1.0,bass,53.0,21.5,F,,4,4,,yes,yes,R,y,II,_,I,_,0.0,M,Eb,3.0,m,Eb,3.0,M,5.0,2,2,_,-3.0,-3.0,0
164,165,21.0,note,2.0,tenor,60.0,21.5,C,,4,4,,yes,yes,F,n,II,_,I,_,0.0,M,Eb,3.0,m,Eb,3.0,M,5.0,6,6,_,-3.0,-3.0,0
165,166,21.0,note,3.0,alto,68.0,21.5,Ab,,4,4,,yes,yes,T,n,II,_,I,_,0.0,M,Eb,3.0,m,Eb,3.0,M,5.0,4,4,_,-3.0,-3.0,0
166,167,21.0,note,4.0,soprn,72.0,21.5,C,,4,4,,yes,yes,F,n,II,_,I,_,0.0,M,Eb,3.0,m,Eb,3.0,M,5.0,6,6,_,-3.0,-3.0,0
167,168,21.5,note,1.0,bass,51.0,22.0,Eb,,4,4,,no,no,x,n,II,_,I,_,0.0,M,Eb,3.0,m,Eb,3.0,M,5.0,1,1,_,-3.0,-3.0,0
168,169,21.5,note,2.0,tenor,60.0,22.0,C,,4,4,,yes,no,F,n,II,_,I,_,0.0,M,Eb,3.0,m,Eb,3.0,M,5.0,6,6,_,-3.0,-3.0,0
169,170,21.5,note,3.0,alto,68.0,22.0,Ab,,4,4,,yes,no,T,n,II,_,I,_,0.0,M,Eb,3.0,m,Eb,3.0,M,5.0,4,4,_,-3.0,-3.0,0
170,171,21.5,note,4.0,soprn,72.0,22.0,C,,4,4,,yes,no,F,n,II,_,I,_,0.0,M,Eb,3.0,m,Eb,3.0,M,5.0,6,6,_,-3.0,-3.0,0
171,172,22.0,note,1.0,bass,50.0,22.5,D,,4,4,,yes,yes,T,y,V,_,I,_,1.0,M,Eb,3.0,Mm7,Eb,3.0,M,10.0,7,7,_,-3.0,-3.0,0
172,173,22.0,note,2.0,tenor,53.0,22.5,F,,4,4,,yes,yes,F,n,V,_,I,_,1.0,M,Eb,3.0,Mm7,Eb,3.0,M,10.0,2,2,_,-3.0,-3.0,0
173,174,22.0,note,3.0,alto,68.0,22.5,Ab,,4,4,,yes,yes,S,n,V,_,I,_,1.0,M,Eb,3.0,Mm7,Eb,3.0,M,10.0,4,4,_,-3.0,-3.0,0
174,175,22.0,note,4.0,soprn,70.0,22.5,Bb,,4,4,,yes,yes,R,n,V,_,I,_,1.0,M,Eb,3.0,Mm7,Eb,3.0,M,10.0,5,5,_,-3.0,-3.0,0
175,176,22.5,note,1.0,bass,52.0,23.0,E,,4,4,,yes,yes,R,y,VII,_,I,_,0.0,m,f,5.0,o,f,5.0,m,4.0,#7,7,#,-4.0,-4.0,0
176,177,22.5,note,2.0,tenor,55.0,23.0,G,,4,4,,yes,yes,T,n,VII,_,I,_,0.0,m,f,5.0,o,f,5.0,m,4.0,2,2,_,-4.0,-4.0,0
177,178,22.5,note,3.0,alto,67.0,23.0,G,,4,4,,yes,yes,T,n,VII,_,I,_,0.0,m,f,5.0,o,f,5.0,m,4.0,2,2,_,-4.0,-4.0,0
178,179,22.5,note,4.0,soprn,70.0,23.0,Bb,,4,4,,yes,yes,F,n,VII,_,I,_,0.0,m,f,5.0,o,f,5.0,m,4.0,4,4,_,-4.0,-4.0,0
179,180,23.0,note,1.0,bass,53.0,23.5,F,,4,4,,yes,yes,R,y,I,_,I,_,0.0,m,f,5.0,m,f,5.0,m,5.0,1,1,_,-4.0,-4.0,0
180,181,23.0,note,2.0,tenor,56.0,23.5,Ab,,4,4,,yes,yes,T,n,I,_,I,_,0.0,m,f,5.0,m,f,5.0,m,5.0,3,3,_,-4.0,-4.0,0
181,182,23.0,note,3.0,alto,65.0,23.5,F,,4,4,,yes,yes,R,y,I,_,I,_,0.0,m,f,5.0,m,f,5.0,m,5.0,1,1,_,-4.0,-4.0,0
182,183,23.0,note,4.0,soprn,68.0,23.5,Ab,,4,4,,yes,yes,T,n,I,_,I,_,0.0,m,f,5.0,m,f,5.0,m,5.0,3,3,_,-4.0,-4.0,0
183,184,23.5,note,1.0,bass,53.0,24.0,F,,4,4,,yes,no,R,y,I,_,I,_,0.0,m,f,5.0,m,f,5.0,m,5.0,1,1,_,-4.0,-4.0,0
184,185,23.5,note,2.0,tenor,58.0,24.0,Bb,,4,4,,no,no,x,n,I,_,I,_,0.0,m,f,5.0,m,f,5.0,m,5.0,4,4,_,-4.0,-4.0,0
185,186,23.5,note,3.0,alto,65.0,24.0,F,,4,4,,yes,no,R,y,I,_,I,_,0.0,m,f,5.0,m,f,5.0,m,5.0,1,1,_,-4.0,-4.0,0
186,187,23.5,note,4.0,soprn,67.0,24.0,G,,4,4,,no,no,x,n,I,_,I,_,0.0,m,f,5.0,m,f,5.0,m,5.0,2,2,_,-4.0,-4.0,0
187,188,24.0,bar,,,,28.0,,,4,4,,na,na,na,na,na,na,na,na,,na,na,,na,na,,na,,na,na,na,,,0
188,189,24.0,note,1.0,bass,48.0,26.0,C,,4,4,,yes,yes,R,y,V,_,I,_,0.0,m,f,5.0,M,f,5.0,m,0.0,5,5,_,-4.0,-4.0,0
189,190,24.0,note,2.0,tenor,60.0,26.0,C,,4,4,,yes,yes,R,y,V,_,I,_,0.0,m,f,5.0,M,f,5.0,m,0.0,5,5,_,-4.0,-4.0,0
190,191,24.0,note,3.0,alto,64.0,26.0,E,,4,4,,yes,yes,T,n,V,_,I,_,0.0,m,f,5.0,M,f,5.0,m,0.0,#7,7,#,-4.0,-4.0,0
191,192,24.0,note,4.0,soprn,67.0,26.0,G,,4,4,,yes,yes,F,n,V,_,I,_,0.0,m,f,5.0,M,f,5.0,m,0.0,2,2,_,-4.0,-4.0,0
192,193,26.0,note,1.0,bass,55.0,26.5,G,,4,4,,yes,yes,T,y,VII,_,I,_,1.0,m,f,5.0,o,f,5.0,m,4.0,2,2,_,-4.0,-4.0,0
193,194,26.0,note,2.0,tenor,58.0,26.5,Bb,,4,4,,yes,yes,F,n,VII,_,I,_,1.0,m,f,5.0,o,f,5.0,m,4.0,4,4,_,-4.0,-4.0,0
194,195,26.0,note,3.0,alto,64.0,26.5,E,,4,4,,yes,yes,R,n,VII,_,I,_,1.0,m,f,5.0,o,f,5.0,m,4.0,#7,7,#,-4.0,-4.0,0
195,196,26.0,note,4.0,soprn,70.0,26.5,Bb,,4,4,,yes,yes,F,n,VII,_,I,_,1.0,m,f,5.0,o,f,5.0,m,4.0,4,4,_,-4.0,-4.0,0
196,197,26.5,note,1.0,bass,53.0,27.0,F,,4,4,,no,no,x,n,VII,_,I,_,1.0,m,f,5.0,o,f,5.0,m,4.0,1,1,_,-4.0,-4.0,0
197,198,26.5,note,2.0,tenor,56.0,27.0,Ab,,4,4,,no,no,x,n,VII,_,I,_,1.0,m,f,5.0,o,f,5.0,m,4.0,3,3,_,-4.0,-4.0,0
198,199,26.5,note,3.0,alto,65.0,27.0,F,,4,4,,no,no,x,n,VII,_,I,_,1.0,m,f,5.0,o,f,5.0,m,4.0,1,1,_,-4.0,-4.0,0
199,200,26.5,note,4.0,soprn,70.0,27.0,Bb,,4,4,,yes,no,F,n,VII,_,I,_,1.0,m,f,5.0,o,f,5.0,m,4.0,4,4,_,-4.0,-4.0,0
200,201,27.0,note,1.0,bass,52.0,27.5,E,,4,4,,yes,yes,R,y,VII,_,I,_,0.0,m,f,5.0,o,f,5.0,m,4.0,#7,7,#,-4.0,-4.0,0
201,202,27.0,note,2.0,tenor,55.0,27.5,G,,4,4,,yes,yes,T,n,VII,_,I,_,0.0,m,f,5.0,o,f,5.0,m,4.0,2,2,_,-4.0,-4.0,0
202,203,27.0,note,3.0,alto,67.0,27.5,G,,4,4,,yes,yes,T,n,VII,_,I,_,0.0,m,f,5.0,o,f,5.0,m,4.0,2,2,_,-4.0,-4.0,0
203,204,27.0,note,4.0,soprn,70.0,27.5,Bb,,4,4,,yes,yes,F,n,VII,_,I,_,0.0,m,f,5.0,o,f,5.0,m,4.0,4,4,_,-4.0,-4.0,0
204,205,27.5,note,1.0,bass,48.0,28.0,C,,4,4,,yes,yes,R,y,V,_,I,_,0.0,m,f,5.0,Mm7,f,5.0,m,0.0,5,5,_,-4.0,-4.0,0
205,206,27.5,note,2.0,tenor,55.0,28.0,G,,4,4,,yes,yes,F,n,V,_,I,_,0.0,m,f,5.0,Mm7,f,5.0,m,0.0,2,2,_,-4.0,-4.0,0
206,207,27.5,note,3.0,alto,64.0,28.0,E,,4,4,,yes,yes,T,n,V,_,I,_,0.0,m,f,5.0,Mm7,f,5.0,m,0.0,#7,7,#,-4.0,-4.0,0
207,208,27.5,note,4.0,soprn,70.0,28.0,Bb,,4,4,,yes,yes,S,n,V,_,I,_,0.0,m,f,5.0,Mm7,f,5.0,m,0.0,4,4,_,-4.0,-4.0,0
208,209,28.0,bar,,,,32.0,,,4,4,,na,na,na,na,na,na,na,na,,na,na,,na,na,,na,,na,na,na,,,0
209,210,28.0,note,1.0,bass,53.0,28.5,F,,4,4,,yes,yes,R,y,I,_,I,_,0.0,m,f,5.0,m,f,5.0,m,5.0,1,1,_,-4.0,-4.0,0
210,211,28.0,note,2.0,tenor,56.0,28.5,Ab,,4,4,,yes,yes,T,n,I,_,I,_,0.0,m,f,5.0,m,f,5.0,m,5.0,3,3,_,-4.0,-4.0,0
211,212,28.0,note,3.0,alto,60.0,28.5,C,,4,4,,yes,yes,F,n,I,_,I,_,0.0,m,f,5.0,m,f,5.0,m,5.0,5,5,_,-4.0,-4.0,0
212,213,28.0,note,4.0,soprn,68.0,28.5,Ab,,4,4,,yes,yes,T,n,I,_,I,_,0.0,m,f,5.0,m,f,5.0,m,5.0,3,3,_,-4.0,-4.0,0
213,214,28.5,note,1.0,bass,51.0,29.0,Eb,,4,4,,no,no,x,n,I,_,I,_,0.0,m,f,5.0,m,f,5.0,m,5.0,7,7,_,-4.0,-4.0,0
214,215,28.5,note,2.0,tenor,56.0,29.0,Ab,,4,4,,yes,no,T,n,I,_,I,_,0.0,m,f,5.0,m,f,5.0,m,5.0,3,3,_,-4.0,-4.0,0
215,216,28.5,note,3.0,alto,60.0,29.0,C,,4,4,,yes,no,F,n,I,_,I,_,0.0,m,f,5.0,m,f,5.0,m,5.0,5,5,_,-4.0,-4.0,0
216,217,28.5,note,4.0,soprn,68.0,29.0,Ab,,4,4,,yes,no,T,n,I,_,I,_,0.0,m,f,5.0,m,f,5.0,m,5.0,3,3,_,-4.0,-4.0,0
217,218,29.0,note,1.0,bass,50.0,29.5,D,,4,4,,yes,yes,T,y,V,_,I,_,1.0,M,Eb,3.0,Mm7,Eb,3.0,M,10.0,7,7,_,-3.0,-3.0,0
218,219,29.0,note,2.0,tenor,58.0,29.5,Bb,,4,4,,yes,yes,R,n,V,_,I,_,1.0,M,Eb,3.0,Mm7,Eb,3.0,M,10.0,5,5,_,-3.0,-3.0,0
219,220,29.0,note,3.0,alto,65.0,29.5,F,,4,4,,yes,yes,F,n,V,_,I,_,1.0,M,Eb,3.0,Mm7,Eb,3.0,M,10.0,2,2,_,-3.0,-3.0,0
220,221,29.0,note,4.0,soprn,68.0,29.5,Ab,,4,4,,yes,yes,S,n,V,_,I,_,1.0,M,Eb,3.0,Mm7,Eb,3.0,M,10.0,4,4,_,-3.0,-3.0,0
221,222,29.5,note,1.0,bass,46.0,30.0,Bb,,4,4,,yes,yes,R,y,V,_,I,_,0.0,M,Eb,3.0,Mm7,Eb,3.0,M,10.0,5,5,_,-3.0,-3.0,0
222,223,29.5,note,2.0,tenor,58.0,30.0,Bb,,4,4,,yes,yes,R,y,V,_,I,_,0.0,M,Eb,3.0,Mm7,Eb,3.0,M,10.0,5,5,_,-3.0,-3.0,0
223,224,29.5,note,3.0,alto,62.0,30.0,D,,4,4,,yes,yes,T,n,V,_,I,_,0.0,M,Eb,3.0,Mm7,Eb,3.0,M,10.0,7,7,_,-3.0,-3.0,0
224,225,29.5,note,4.0,soprn,68.0,30.0,Ab,,4,4,,yes,yes,S,n,V,_,I,_,0.0,M,Eb,3.0,Mm7,Eb,3.0,M,10.0,4,4,_,-3.0,-3.0,0
225,226,30.0,note,1.0,bass,51.0,30.5,Eb,,4,4,,yes,yes,R,y,I,_,I,_,0.0,M,Eb,3.0,M,Eb,3.0,M,3.0,1,1,_,-3.0,-3.0,0
226,227,30.0,note,2.0,tenor,58.0,30.5,Bb,,4,4,,yes,yes,F,n,I,_,I,_,0.0,M,Eb,3.0,M,Eb,3.0,M,3.0,5,5,_,-3.0,-3.0,0
227,228,30.0,note,3.0,alto,63.0,30.5,Eb,,4,4,,yes,yes,R,y,I,_,I,_,0.0,M,Eb,3.0,M,Eb,3.0,M,3.0,1,1,_,-3.0,-3.0,0
228,229,30.0,note,4.0,soprn,67.0,30.5,G,,4,4,,yes,yes,T,n,I,_,I,_,0.0,M,Eb,3.0,M,Eb,3.0,M,3.0,3,3,_,-3.0,-3.0,0
229,230,30.5,note,1.0,bass,55.0,31.0,G,,4,4,,yes,yes,T,y,I,_,I,_,1.0,M,Eb,3.0,M,Eb,3.0,M,3.0,3,3,_,-3.0,-3.0,0
230,231,30.5,note,2.0,tenor,58.0,31.0,Bb,,4,4,,yes,yes,F,n,I,_,I,_,1.0,M,Eb,3.0,M,Eb,3.0,M,3.0,5,5,_,-3.0,-3.0,0
231,232,30.5,note,3.0,alto,63.0,31.0,Eb,,4,4,,yes,yes,R,n,I,_,I,_,1.0,M,Eb,3.0,M,Eb,3.0,M,3.0,1,1,_,-3.0,-3.0,0
232,233,30.5,note,4.0,soprn,67.0,31.0,G,,4,4,,yes,yes,T,y,I,_,I,_,1.0,M,Eb,3.0,M,Eb,3.0,M,3.0,3,3,_,-3.0,-3.0,0
233,234,31.0,note,1.0,bass,56.0,31.5,Ab,,4,4,,yes,yes,T,y,II,_,I,_,1.0,M,Eb,3.0,m,Eb,3.0,M,5.0,4,4,_,-3.0,-3.0,0
234,235,31.0,note,2.0,tenor,60.0,31.5,C,,4,4,,yes,yes,F,n,II,_,I,_,1.0,M,Eb,3.0,m,Eb,3.0,M,5.0,6,6,_,-3.0,-3.0,0
235,236,31.0,note,3.0,alto,63.0,31.5,Eb,,4,4,,no,yes,x,n,II,_,I,_,1.0,M,Eb,3.0,m,Eb,3.0,M,5.0,1,1,_,-3.0,-3.0,0
236,237,31.0,note,4.0,soprn,65.0,31.5,F,,4,4,,yes,yes,R,n,II,_,I,_,1.0,M,Eb,3.0,m,Eb,3.0,M,5.0,2,2,_,-3.0,-3.0,0
237,238,31.5,note,1.0,bass,53.0,31.75,F,,4,4,,yes,yes,R,y,II,_,I,_,0.0,M,Eb,3.0,m7,Eb,3.0,M,5.0,2,2,_,-3.0,-3.0,0
238,239,31.5,note,2.0,tenor,56.0,31.75,Ab,,4,4,,yes,yes,T,n,II,_,I,_,0.0,M,Eb,3.0,m7,Eb,3.0,M,5.0,4,4,_,-3.0,-3.0,0
239,240,31.5,note,3.0,alto,63.0,31.75,Eb,,4,4,,yes,yes,S,n,II,_,I,_,0.0,M,Eb,3.0,m7,Eb,3.0,M,5.0,1,1,_,-3.0,-3.0,0
240,241,31.5,note,4.0,soprn,67.0,31.75,G,,4,4,,no,yes,x,n,II,_,I,_,0.0,M,Eb,3.0,m7,Eb,3.0,M,5.0,3,3,_,-3.0,-3.0,0
241,242,31.75,note,1.0,bass,53.0,32.0,F,,4,4,,yes,no,R,y,II,_,I,_,0.0,M,Eb,3.0,m7,Eb,3.0,M,5.0,2,2,_,-3.0,-3.0,0
242,243,31.75,note,2.0,tenor,56.0,32.0,Ab,,4,4,,yes,no,T,n,II,_,I,_,0.0,M,Eb,3.0,m7,Eb,3.0,M,5.0,4,4,_,-3.0,-3.0,0
243,244,31.75,note,3.0,alto,63.0,32.0,Eb,,4,4,,yes,no,S,n,II,_,I,_,0.0,M,Eb,3.0,m7,Eb,3.0,M,5.0,1,1,_,-3.0,-3.0,0
244,245,31.75,note,4.0,soprn,68.0,32.0,Ab,,4,4,,yes,no,T,n,II,_,I,_,0.0,M,Eb,3.0,m7,Eb,3.0,M,5.0,4,4,_,-3.0,-3.0,0
245,246,32.0,bar,,,,36.0,,,4,4,,na,na,na,na,na,na,na,na,,na,na,,na,na,,na,,na,na,na,,,0
246,247,32.0,note,1.0,bass,58.0,32.5,Bb,,4,4,"247,248",yes,yes,R,y,V,_,I,_,0.0,M,Eb,3.0,M,Eb,3.0,M,10.0,5,5,_,-3.0,-3.0,0
247,249,32.0,note,3.0,alto,63.0,32.5,Eb,,4,4,,no,yes,x,n,V,_,I,_,0.0,M,Eb,3.0,M,Eb,3.0,M,10.0,1,1,_,-3.0,-3.0,0
248,250,32.0,note,4.0,soprn,65.0,32.5,F,,4,4,,yes,yes,F,n,V,_,I,_,0.0,M,Eb,3.0,M,Eb,3.0,M,10.0,2,2,_,-3.0,-3.0,0
249,251,32.5,note,2.0,tenor,55.0,33.0,G,,4,4,,no,no,x,n,V,_,I,_,0.0,M,Eb,3.0,M,Eb,3.0,M,10.0,3,3,_,-3.0,-3.0,0
250,252,32.5,note,1.0,bass,58.0,33.0,Bb,,4,4,,yes,no,R,y,V,_,I,_,0.0,M,Eb,3.0,M,Eb,3.0,M,10.0,5,5,_,-3.0,-3.0,0
251,253,32.5,note,3.0,alto,63.0,33.0,Eb,,4,4,,no,no,x,n,V,_,I,_,0.0,M,Eb,3.0,M,Eb,3.0,M,10.0,1,1,_,-3.0,-3.0,0
252,254,32.5,note,4.0,soprn,65.0,33.0,F,,4,4,,yes,no,F,n,V,_,I,_,0.0,M,Eb,3.0,M,Eb,3.0,M,10.0,2,2,_,-3.0,-3.0,0
253,255,33.0,note,1.0,bass,46.0,34.0,Bb,,4,4,,yes,yes,R,y,V,_,I,_,0.0,M,Eb,3.0,Mm7,Eb,3.0,M,10.0,5,5,_,-3.0,-3.0,0
254,256,33.0,note,2.0,tenor,56.0,34.0,Ab,,4,4,,yes,yes,S,n,V,_,I,_,0.0,M,Eb,3.0,Mm7,Eb,3.0,M,10.0,4,4,_,-3.0,-3.0,0
255,257,33.0,note,3.0,alto,62.0,34.0,D,,4,4,,yes,yes,T,n,V,_,I,_,0.0,M,Eb,3.0,Mm7,Eb,3.0,M,10.0,7,7,_,-3.0,-3.0,0
256,258,33.0,note,4.0,soprn,65.0,34.0,F,,4,4,,yes,yes,F,n,V,_,I,_,0.0,M,Eb,3.0,Mm7,Eb,3.0,M,10.0,2,2,_,-3.0,-3.0,0
257,259,34.0,note,1.0,bass,51.0,36.0,Eb,,4,4,,yes,yes,R,y,I,_,I,_,0.0,M,Eb,3.0,M,Eb,3.0,M,3.0,1,1,_,-3.0,-3.0,0
258,260,34.0,note,2.0,tenor,55.0,36.0,G,,4,4,,yes,yes,T,n,I,_,I,_,0.0,M,Eb,3.0,M,Eb,3.0,M,3.0,3,3,_,-3.0,-3.0,0
259,261,34.0,note,3.0,alto,58.0,36.0,Bb,,4,4,,yes,yes,F,n,I,_,I,_,0.0,M,Eb,3.0,M,Eb,3.0,M,3.0,5,5,_,-3.0,-3.0,0
260,262,34.0,note,4.0,soprn,63.0,36.0,Eb,,4,4,,yes,yes,R,y,I,_,I,_,0.0,M,Eb,3.0,M,Eb,3.0,M,3.0,1,1,_,-3.0,-3.0,0
261,263,36.0,bar,,,,40.0,,,4,4,,na,na,na,na,na,na,na,na,,na,na,,na,na,,na,,na,na,na,,,0
262,264,36.0,note,1.0,bass,63.0,36.5,Eb,,4,4,"264,265",yes,no,R,y,I,_,I,_,0.0,M,Eb,3.0,M,Eb,3.0,M,3.0,1,1,_,-3.0,-3.0,0
263,266,36.0,note,3.0,alto,67.0,36.5,G,,4,4,,yes,no,T,n,I,_,I,_,0.0,M,Eb,3.0,M,Eb,3.0,M,3.0,3,3,_,-3.0,-3.0,0
264,267,36.0,note,4.0,soprn,70.0,36.5,Bb,,4,4,,yes,no,F,n,I,_,I,_,0.0,M,Eb,3.0,M,Eb,3.0,M,3.0,5,5,_,-3.0,-3.0,0
265,268,36.5,note,1.0,bass,61.0,37.0,Db,,4,4,,no,no,x,n,I,_,I,_,0.0,M,Eb,3.0,M,Eb,3.0,M,3.0,b7,7,b,-3.0,-3.0,0
266,269,36.5,note,2.0,tenor,63.0,37.0,Eb,,4,4,,yes,no,R,y,I,_,I,_,0.0,M,Eb,3.0,M,Eb,3.0,M,3.0,1,1,_,-3.0,-3.0,0
267,270,36.5,note,3.0,alto,67.0,37.0,G,,4,4,,yes,no,T,n,I,_,I,_,0.0,M,Eb,3.0,M,Eb,3.0,M,3.0,3,3,_,-3.0,-3.0,0
268,271,36.5,note,4.0,soprn,70.0,37.0,Bb,,4,4,,yes,no,F,n,I,_,I,_,0.0,M,Eb,3.0,M,Eb,3.0,M,3.0,5,5,_,-3.0,-3.0,0
269,272,37.0,note,1.0,bass,60.0,37.5,C,,4,4,,no,yes,x,n,I,_,I,_,2.0,M,Eb,3.0,M,Eb,3.0,M,3.0,6,6,_,-3.0,-3.0,0
270,273,37.0,note,2.0,tenor,63.0,37.5,Eb,,4,4,,yes,yes,R,n,I,_,I,_,2.0,M,Eb,3.0,M,Eb,3.0,M,3.0,1,1,_,-3.0,-3.0,0
271,274,37.0,note,3.0,alto,67.0,37.5,G,,4,4,,yes,yes,T,n,I,_,I,_,2.0,M,Eb,3.0,M,Eb,3.0,M,3.0,3,3,_,-3.0,-3.0,0
272,275,37.0,note,4.0,soprn,70.0,37.5,Bb,,4,4,,yes,yes,F,y,I,_,I,_,2.0,M,Eb,3.0,M,Eb,3.0,M,3.0,5,5,_,-3.0,-3.0,0
273,276,37.5,note,1.0,bass,58.0,38.0,Bb,,4,4,,yes,no,F,y,I,_,I,_,2.0,M,Eb,3.0,M,Eb,3.0,M,3.0,5,5,_,-3.0,-3.0,0
274,277,37.5,note,2.0,tenor,63.0,38.0,Eb,,4,4,,yes,no,R,n,I,_,I,_,2.0,M,Eb,3.0,M,Eb,3.0,M,3.0,1,1,_,-3.0,-3.0,0
275,278,37.5,note,3.0,alto,67.0,38.0,G,,4,4,,yes,no,T,n,I,_,I,_,2.0,M,Eb,3.0,M,Eb,3.0,M,3.0,3,3,_,-3.0,-3.0,0
276,279,37.5,note,4.0,soprn,70.0,38.0,Bb,,4,4,,yes,no,F,y,I,_,I,_,2.0,M,Eb,3.0,M,Eb,3.0,M,3.0,5,5,_,-3.0,-3.0,0
277,280,38.0,note,1.0,bass,56.0,38.5,Ab,,4,4,,yes,yes,R,y,IV,_,I,_,0.0,M,Eb,3.0,M,Eb,3.0,M,8.0,4,4,_,-3.0,-3.0,0
278,281,38.0,note,2.0,tenor,63.0,38.5,Eb,,4,4,,yes,yes,F,n,IV,_,I,_,0.0,M,Eb,3.0,M,Eb,3.0,M,8.0,1,1,_,-3.0,-3.0,0
279,282,38.0,note,3.0,alto,68.0,38.5,Ab,,4,4,,yes,yes,R,y,IV,_,I,_,0.0,M,Eb,3.0,M,Eb,3.0,M,8.0,4,4,_,-3.0,-3.0,0
280,283,38.0,note,4.0,soprn,72.0,38.5,C,,4,4,,yes,yes,T,n,IV,_,I,_,0.0,M,Eb,3.0,M,Eb,3.0,M,8.0,6,6,_,-3.0,-3.0,0
281,284,38.5,note,1.0,bass,55.0,39.0,G,,4,4,,no,no,x,n,IV,_,I,_,0.0,M,Eb,3.0,M,Eb,3.0,M,8.0,3,3,_,-3.0,-3.0,0
282,285,38.5,note,2.0,tenor,63.0,39.0,Eb,,4,4,,yes,no,F,n,IV,_,I,_,0.0,M,Eb,3.0,M,Eb,3.0,M,8.0,1,1,_,-3.0,-3.0,0
283,286,38.5,note,3.0,alto,68.0,39.0,Ab,,4,4,,yes,no,R,y,IV,_,I,_,0.0,M,Eb,3.0,M,Eb,3.0,M,8.0,4,4,_,-3.0,-3.0,0
284,287,38.5,note,4.0,soprn,72.0,39.0,C,,4,4,,yes,no,T,n,IV,_,I,_,0.0,M,Eb,3.0,M,Eb,3.0,M,8.0,6,6,_,-3.0,-3.0,0
285,288,39.0,note,1.0,bass,53.0,39.5,F,,4,4,,yes,yes,R,y,II,_,I,_,0.0,M,Eb,3.0,m,Eb,3.0,M,5.0,2,2,_,-3.0,-3.0,0
286,289,39.0,note,2.0,tenor,65.0,39.5,F,,4,4,,yes,yes,R,y,II,_,I,_,0.0,M,Eb,3.0,m,Eb,3.0,M,5.0,2,2,_,-3.0,-3.0,0
287,290,39.0,note,3.0,alto,68.0,39.5,Ab,,4,4,,yes,yes,T,n,II,_,I,_,0.0,M,Eb,3.0,m,Eb,3.0,M,5.0,4,4,_,-3.0,-3.0,0
288,291,39.0,note,4.0,soprn,72.0,39.5,C,,4,4,,yes,yes,F,n,II,_,I,_,0.0,M,Eb,3.0,m,Eb,3.0,M,5.0,6,6,_,-3.0,-3.0,0
289,292,39.5,note,1.0,bass,51.0,40.0,Eb,,4,4,,no,no,x,n,II,_,I,_,0.0,M,Eb,3.0,m,Eb,3.0,M,5.0,1,1,_,-3.0,-3.0,0
290,293,39.5,note,2.0,tenor,65.0,40.0,F,,4,4,,yes,no,R,y,II,_,I,_,0.0,M,Eb,3.0,m,Eb,3.0,M,5.0,2,2,_,-3.0,-3.0,0
291,294,39.5,note,3.0,alto,67.0,40.0,G,,4,4,,no,no,x,n,II,_,I,_,0.0,M,Eb,3.0,m,Eb,3.0,M,5.0,3,3,_,-3.0,-3.0,0
292,295,39.5,note,4.0,soprn,72.0,40.0,C,,4,4,,yes,no,F,n,II,_,I,_,0.0,M,Eb,3.0,m,Eb,3.0,M,5.0,6,6,_,-3.0,-3.0,0
293,296,40.0,bar,,,,44.0,,,4,4,,na,na,na,na,na,na,na,na,,na,na,,na,na,,na,,na,na,na,,,0
294,297,40.0,note,1.0,bass,50.0,40.5,D,,4,4,,yes,yes,T,y,VII,_,I,_,1.0,m,c,0.0,o,c,0.0,m,11.0,2,2,_,-3.0,-3.0,0
295,298,40.0,note,2.0,tenor,59.0,40.5,B,,4,4,,yes,yes,R,n,VII,_,I,_,1.0,m,c,0.0,o,c,0.0,m,11.0,#7,7,#,-3.0,-3.0,0
296,299,40.0,note,3.0,alto,65.0,40.5,F,,4,4,,yes,yes,F,n,VII,_,I,_,1.0,m,c,0.0,o,c,0.0,m,11.0,4,4,_,-3.0,-3.0,0
297,300,40.0,note,4.0,soprn,74.0,40.5,D,,4,4,,yes,yes,T,y,VII,_,I,_,1.0,m,c,0.0,o,c,0.0,m,11.0,2,2,_,-3.0,-3.0,0
298,301,40.5,note,1.0,bass,48.0,41.0,C,,4,4,,no,no,x,n,VII,_,I,_,1.0,m,c,0.0,o,c,0.0,m,11.0,1,1,_,-3.0,-3.0,0
299,302,40.5,note,2.0,tenor,60.0,41.0,C,,4,4,,no,no,x,n,VII,_,I,_,1.0,m,c,0.0,o,c,0.0,m,11.0,1,1,_,-3.0,-3.0,0
300,303,40.5,note,3.0,alto,65.0,41.0,F,,4,4,,yes,no,F,n,VII,_,I,_,1.0,m,c,0.0,o,c,0.0,m,11.0,4,4,_,-3.0,-3.0,0
301,304,40.5,note,4.0,soprn,74.0,41.0,D,,4,4,,yes,no,T,y,VII,_,I,_,1.0,m,c,0.0,o,c,0.0,m,11.0,2,2,_,-3.0,-3.0,0
302,305,41.0,note,1.0,bass,47.0,41.5,B,,4,4,,yes,yes,T,y,V,_,I,_,1.0,m,c,0.0,M,c,0.0,m,7.0,#7,7,#,-3.0,-3.0,0
303,306,41.0,note,2.0,tenor,62.0,41.5,D,,4,4,,yes,yes,F,n,V,_,I,_,1.0,m,c,0.0,M,c,0.0,m,7.0,2,2,_,-3.0,-3.0,0
304,307,41.0,note,3.0,alto,67.0,41.5,G,,4,4,,yes,yes,R,n,V,_,I,_,1.0,m,c,0.0,M,c,0.0,m,7.0,5,5,_,-3.0,-3.0,0
305,308,41.0,note,4.0,soprn,74.0,41.5,D,,4,4,,yes,yes,F,n,V,_,I,_,1.0,m,c,0.0,M,c,0.0,m,7.0,2,2,_,-3.0,-3.0,0
306,309,41.5,note,1.0,bass,43.0,41.75,G,,4,4,,yes,yes,R,y,V,_,I,_,0.0,m,c,0.0,Mm7,c,0.0,m,7.0,5,5,_,-3.0,-3.0,0
307,310,41.5,note,2.0,tenor,59.0,41.75,B,,4,4,,yes,yes,T,n,V,_,I,_,0.0,m,c,0.0,Mm7,c,0.0,m,7.0,#7,7,#,-3.0,-3.0,0
308,311,41.5,note,3.0,alto,67.0,41.75,G,,4,4,,yes,yes,R,y,V,_,I,_,0.0,m,c,0.0,Mm7,c,0.0,m,7.0,5,5,_,-3.0,-3.0,0
309,312,41.5,note,4.0,soprn,75.0,41.75,Eb,,4,4,,no,yes,x,n,V,_,I,_,0.0,m,c,0.0,Mm7,c,0.0,m,7.0,3,3,_,-3.0,-3.0,0
310,313,41.75,note,1.0,bass,43.0,42.0,G,,4,4,,yes,no,R,y,V,_,I,_,0.0,m,c,0.0,Mm7,c,0.0,m,7.0,5,5,_,-3.0,-3.0,0
311,314,41.75,note,2.0,tenor,59.0,42.0,B,,4,4,,yes,no,T,n,V,_,I,_,0.0,m,c,0.0,Mm7,c,0.0,m,7.0,#7,7,#,-3.0,-3.0,0
312,315,41.75,note,3.0,alto,67.0,42.0,G,,4,4,,yes,no,R,y,V,_,I,_,0.0,m,c,0.0,Mm7,c,0.0,m,7.0,5,5,_,-3.0,-3.0,0
313,316,41.75,note,4.0,soprn,77.0,42.0,F,,4,4,,yes,no,S,n,V,_,I,_,0.0,m,c,0.0,Mm7,c,0.0,m,7.0,4,4,_,-3.0,-3.0,0
314,317,42.0,note,1.0,bass,48.0,44.0,C,,4,4,,yes,yes,R,y,I,_,I,_,0.0,m,c,0.0,m,c,0.0,m,0.0,1,1,_,-3.0,-3.0,0
315,318,42.0,note,2.0,tenor,60.0,44.0,C,,4,4,,yes,yes,R,y,I,_,I,_,0.0,m,c,0.0,m,c,0.0,m,0.0,1,1,_,-3.0,-3.0,0
316,319,42.0,note,3.0,alto,67.0,44.0,G,,4,4,,yes,yes,F,n,I,_,I,_,0.0,m,c,0.0,m,c,0.0,m,0.0,5,5,_,-3.0,-3.0,0
317,320,42.0,note,4.0,soprn,75.0,44.0,Eb,,4,4,,yes,yes,T,n,I,_,I,_,0.0,m,c,0.0,m,c,0.0,m,0.0,3,3,_,-3.0,-3.0,0
318,321,44.0,bar,,,,48.0,,,4,4,,na,na,na,na,na,na,na,na,,na,na,,na,na,,na,,na,na,na,,,0
319,322,44.0,note,1.0,bass,51.0,44.5,Eb,,4,4,,yes,yes,R,y,V,_,IV,_,0.0,M,Eb,3.0,M,Ab,8.0,M,3.0,1,1,_,-3.0,-4.0,1
320,323,44.0,note,2.0,tenor,55.0,44.5,G,,4,4,,yes,yes,T,n,V,_,IV,_,0.0,M,Eb,3.0,M,Ab,8.0,M,3.0,3,3,_,-3.0,-4.0,1
321,324,44.0,note,3.0,alto,63.0,44.5,Eb,,4,4,,yes,yes,R,y,V,_,IV,_,0.0,M,Eb,3.0,M,Ab,8.0,M,3.0,1,1,_,-3.0,-4.0,1
322,325,44.0,note,4.0,soprn,70.0,44.5,Bb,,4,4,,yes,yes,F,n,V,_,IV,_,0.0,M,Eb,3.0,M,Ab,8.0,M,3.0,5,5,_,-3.0,-4.0,1
323,326,44.5,note,1.0,bass,49.0,45.0,Db,,4,4,,no,no,x,n,V,_,IV,_,0.0,M,Eb,3.0,M,Ab,8.0,M,3.0,b7,7,b,-3.0,-4.0,1
324,327,44.5,note,2.0,tenor,55.0,45.0,G,,4,4,,yes,no,T,n,V,_,IV,_,0.0,M,Eb,3.0,M,Ab,8.0,M,3.0,3,3,_,-3.0,-4.0,1
325,328,44.5,note,3.0,alto,63.0,45.0,Eb,,4,4,,yes,no,R,y,V,_,IV,_,0.0,M,Eb,3.0,M,Ab,8.0,M,3.0,1,1,_,-3.0,-4.0,1
326,329,44.5,note,4.0,soprn,70.0,45.0,Bb,,4,4,,yes,no,F,n,V,_,IV,_,0.0,M,Eb,3.0,M,Ab,8.0,M,3.0,5,5,_,-3.0,-4.0,1
327,330,45.0,note,1.0,bass,48.0,45.5,C,,4,4,,no,no,x,n,V,_,IV,_,0.0,M,Eb,3.0,M,Ab,8.0,M,3.0,6,6,_,-3.0,-4.0,1
328,331,45.0,note,2.0,tenor,55.0,45.5,G,,4,4,,yes,no,T,n,V,_,IV,_,0.0,M,Eb,3.0,M,Ab,8.0,M,3.0,3,3,_,-3.0,-4.0,1
329,332,45.0,note,3.0,alto,63.0,45.5,Eb,,4,4,,yes,no,R,y,V,_,IV,_,0.0,M,Eb,3.0,M,Ab,8.0,M,3.0,1,1,_,-3.0,-4.0,1
330,333,45.0,note,4.0,soprn,70.0,45.5,Bb,,4,4,,yes,no,F,n,V,_,IV,_,0.0,M,Eb,3.0,M,Ab,8.0,M,3.0,5,5,_,-3.0,-4.0,1
331,334,45.5,note,1.0,bass,46.0,45.75,Bb,,4,4,,yes,no,F,n,V,_,IV,_,0.0,M,Eb,3.0,M,Ab,8.0,M,3.0,5,5,_,-3.0,-4.0,1
332,335,45.5,note,2.0,tenor,55.0,45.75,G,,4,4,,yes,no,T,n,V,_,IV,_,0.0,M,Eb,3.0,M,Ab,8.0,M,3.0,3,3,_,-3.0,-4.0,1
333,336,45.5,note,3.0,alto,63.0,45.75,Eb,,4,4,,yes,no,R,y,V,_,IV,_,0.0,M,Eb,3.0,M,Ab,8.0,M,3.0,1,1,_,-3.0,-4.0,1
334,337,45.5,note,4.0,soprn,72.0,45.75,C,,4,4,,no,no,x,n,V,_,IV,_,0.0,M,Eb,3.0,M,Ab,8.0,M,3.0,6,6,_,-3.0,-4.0,1
335,338,45.75,note,1.0,bass,46.0,46.0,Bb,,4,4,,yes,no,F,n,V,_,IV,_,0.0,M,Eb,3.0,M,Ab,8.0,M,3.0,5,5,_,-3.0,-4.0,1
336,339,45.75,note,2.0,tenor,55.0,46.0,G,,4,4,,yes,no,T,n,V,_,IV,_,0.0,M,Eb,3.0,M,Ab,8.0,M,3.0,3,3,_,-3.0,-4.0,1
337,340,45.75,note,3.0,alto,63.0,46.0,Eb,,4,4,,yes,no,R,y,V,_,IV,_,0.0,M,Eb,3.0,M,Ab,8.0,M,3.0,1,1,_,-3.0,-4.0,1
338,341,45.75,note,4.0,soprn,73.0,46.0,Db,,4,4,,no,no,x,n,V,_,IV,_,0.0,M,Eb,3.0,M,Ab,8.0,M,3.0,b7,7,b,-3.0,-4.0,1
339,342,46.0,note,1.0,bass,44.0,46.5,Ab,,4,4,,yes,yes,R,y,IV,_,I,_,0.0,M,Eb,3.0,M,Eb,3.0,M,8.0,4,4,_,-3.0,-3.0,0
340,343,46.0,note,2.0,tenor,56.0,46.5,Ab,,4,4,,yes,yes,R,y,IV,_,I,_,0.0,M,Eb,3.0,M,Eb,3.0,M,8.0,4,4,_,-3.0,-3.0,0
341,344,46.0,note,3.0,alto,63.0,46.5,Eb,,4,4,,yes,yes,F,n,IV,_,I,_,0.0,M,Eb,3.0,M,Eb,3.0,M,8.0,1,1,_,-3.0,-3.0,0
342,345,46.0,note,4.0,soprn,72.0,46.5,C,,4,4,,yes,yes,T,n,IV,_,I,_,0.0,M,Eb,3.0,M,Eb,3.0,M,8.0,6,6,_,-3.0,-3.0,0
343,346,46.5,note,1.0,bass,43.0,47.0,G,,4,4,,no,yes,x,n,V,_,I,_,0.0,M,Eb,3.0,M,Eb,3.0,M,10.0,3,3,_,-3.0,-3.0,0
344,347,46.5,note,2.0,tenor,51.0,47.0,Eb,,4,4,,no,yes,x,n,V,_,I,_,0.0,M,Eb,3.0,M,Eb,3.0,M,10.0,1,1,_,-3.0,-3.0,0
345,348,46.5,note,3.0,alto,60.0,47.0,C,,4,4,,no,yes,x,n,V,_,I,_,0.0,M,Eb,3.0,M,Eb,3.0,M,10.0,6,6,_,-3.0,-3.0,0
346,349,46.5,note,4.0,soprn,70.0,47.0,Bb,,4,4,,yes,yes,R,y,V,_,I,_,0.0,M,Eb,3.0,M,Eb,3.0,M,10.0,5,5,_,-3.0,-3.0,0
347,350,47.0,note,1.0,bass,41.0,47.5,F,,4,4,,no,yes,x,n,IV,_,I,_,1.0,M,Eb,3.0,M,Eb,3.0,M,8.0,2,2,_,-3.0,-3.0,0
348,351,47.0,note,2.0,tenor,53.0,47.5,F,,4,4,,no,yes,x,n,IV,_,I,_,1.0,M,Eb,3.0,M,Eb,3.0,M,8.0,2,2,_,-3.0,-3.0,0
349,352,47.0,note,3.0,alto,62.0,47.5,D,,4,4,,no,yes,x,n,IV,_,I,_,1.0,M,Eb,3.0,M,Eb,3.0,M,8.0,7,7,_,-3.0,-3.0,0
350,353,47.0,note,4.0,soprn,68.0,47.5,Ab,,4,4,,yes,yes,R,n,IV,_,I,_,1.0,M,Eb,3.0,M,Eb,3.0,M,8.0,4,4,_,-3.0,-3.0,0
351,354,47.5,note,1.0,bass,39.0,48.0,Eb,,4,4,,yes,yes,R,n,I,_,I,_,2.0,M,Eb,3.0,M,Eb,3.0,M,3.0,1,1,_,-3.0,-3.0,0
352,355,47.5,note,2.0,tenor,58.0,48.0,Bb,,4,4,,yes,yes,F,y,I,_,I,_,2.0,M,Eb,3.0,M,Eb,3.0,M,3.0,5,5,_,-3.0,-3.0,0
353,356,47.5,note,3.0,alto,63.0,48.0,Eb,,4,4,,yes,yes,R,n,I,_,I,_,2.0,M,Eb,3.0,M,Eb,3.0,M,3.0,1,1,_,-3.0,-3.0,0
354,357,47.5,note,4.0,soprn,67.0,48.0,G,,4,4,,yes,yes,T,n,I,_,I,_,2.0,M,Eb,3.0,M,Eb,3.0,M,3.0,3,3,_,-3.0,-3.0,0
355,358,48.0,bar,,,,52.0,,,4,4,,na,na,na,na,na,na,na,na,,na,na,,na,na,,na,,na,na,na,,,0
356,359,48.0,note,1.0,bass,44.0,48.5,Ab,,4,4,,yes,yes,T,y,II,_,I,_,1.0,M,Eb,3.0,m,Eb,3.0,M,5.0,4,4,_,-3.0,-3.0,0
357,360,48.0,note,2.0,tenor,60.0,48.5,C,,4,4,,yes,yes,F,n,II,_,I,_,1.0,M,Eb,3.0,m,Eb,3.0,M,5.0,6,6,_,-3.0,-3.0,0
358,361,48.0,note,3.0,alto,63.0,48.5,Eb,,4,4,,no,yes,x,n,II,_,I,_,1.0,M,Eb,3.0,m,Eb,3.0,M,5.0,1,1,_,-3.0,-3.0,0
359,362,48.0,note,4.0,soprn,65.0,48.5,F,,4,4,,yes,yes,R,n,II,_,I,_,1.0,M,Eb,3.0,m,Eb,3.0,M,5.0,2,2,_,-3.0,-3.0,0
360,363,48.5,note,1.0,bass,44.0,48.75,Ab,,4,4,,yes,no,T,y,II,_,I,_,1.0,M,Eb,3.0,m,Eb,3.0,M,5.0,4,4,_,-3.0,-3.0,0
361,364,48.5,note,2.0,tenor,60.0,48.75,C,,4,4,,yes,no,F,n,II,_,I,_,1.0,M,Eb,3.0,m,Eb,3.0,M,5.0,6,6,_,-3.0,-3.0,0
362,365,48.5,note,3.0,alto,63.0,48.75,Eb,,4,4,,no,no,x,n,II,_,I,_,1.0,M,Eb,3.0,m,Eb,3.0,M,5.0,1,1,_,-3.0,-3.0,0
363,366,48.5,note,4.0,soprn,67.0,48.75,G,,4,4,,no,no,x,n,II,_,I,_,1.0,M,Eb,3.0,m,Eb,3.0,M,5.0,3,3,_,-3.0,-3.0,0
364,367,48.75,note,1.0,bass,44.0,49.0,Ab,,4,4,,yes,no,T,y,II,_,I,_,1.0,M,Eb,3.0,m,Eb,3.0,M,5.0,4,4,_,-3.0,-3.0,0
365,368,48.75,note,2.0,tenor,60.0,49.0,C,,4,4,,yes,no,F,n,II,_,I,_,1.0,M,Eb,3.0,m,Eb,3.0,M,5.0,6,6,_,-3.0,-3.0,0
366,369,48.75,note,3.0,alto,63.0,49.0,Eb,,4,4,,no,no,x,n,II,_,I,_,1.0,M,Eb,3.0,m,Eb,3.0,M,5.0,1,1,_,-3.0,-3.0,0
367,370,48.75,note,4.0,soprn,68.0,49.0,Ab,,4,4,,yes,no,T,y,II,_,I,_,1.0,M,Eb,3.0,m,Eb,3.0,M,5.0,4,4,_,-3.0,-3.0,0
368,371,49.0,note,1.0,bass,46.0,49.5,Bb,,4,4,,yes,yes,R,y,V,_,I,_,0.0,M,Eb,3.0,M,Eb,3.0,M,10.0,5,5,_,-3.0,-3.0,0
369,372,49.0,note,2.0,tenor,58.0,49.5,Bb,,4,4,,yes,yes,R,y,V,_,I,_,0.0,M,Eb,3.0,M,Eb,3.0,M,10.0,5,5,_,-3.0,-3.0,0
370,373,49.0,note,3.0,alto,62.0,49.5,D,,4,4,,yes,yes,T,n,V,_,I,_,0.0,M,Eb,3.0,M,Eb,3.0,M,10.0,7,7,_,-3.0,-3.0,0
371,374,49.0,note,4.0,soprn,65.0,49.5,F,,4,4,,yes,yes,F,n,V,_,I,_,0.0,M,Eb,3.0,M,Eb,3.0,M,10.0,2,2,_,-3.0,-3.0,0
372,375,49.5,note,1.0,bass,46.0,50.0,Bb,,4,4,,yes,yes,R,y,V,_,I,_,0.0,M,Eb,3.0,Mm7,Eb,3.0,M,10.0,5,5,_,-3.0,-3.0,0
373,376,49.5,note,2.0,tenor,56.0,50.0,Ab,,4,4,,yes,yes,S,n,V,_,I,_,0.0,M,Eb,3.0,Mm7,Eb,3.0,M,10.0,4,4,_,-3.0,-3.0,0
374,377,49.5,note,3.0,alto,62.0,50.0,D,,4,4,,yes,yes,T,n,V,_,I,_,0.0,M,Eb,3.0,Mm7,Eb,3.0,M,10.0,7,7,_,-3.0,-3.0,0
375,378,49.5,note,4.0,soprn,65.0,50.0,F,,4,4,,yes,yes,F,n,V,_,I,_,0.0,M,Eb,3.0,Mm7,Eb,3.0,M,10.0,2,2,_,-3.0,-3.0,0
376,379,50.0,note,1.0,bass,51.0,52.0,Eb,,4,4,,yes,yes,R,y,I,_,I,_,0.0,M,Eb,3.0,M,Eb,3.0,M,3.0,1,1,_,-3.0,-3.0,0
377,380,50.0,note,2.0,tenor,55.0,52.0,G,,4,4,,yes,yes,T,n,I,_,I,_,0.0,M,Eb,3.0,M,Eb,3.0,M,3.0,3,3,_,-3.0,-3.0,0
378,381,50.0,note,3.0,alto,58.0,52.0,Bb,,4,4,,yes,yes,F,n,I,_,I,_,0.0,M,Eb,3.0,M,Eb,3.0,M,3.0,5,5,_,-3.0,-3.0,0
379,382,50.0,note,4.0,soprn,63.0,52.0,Eb,,4,4,,yes,yes,R,y,I,_,I,_,0.0,M,Eb,3.0,M,Eb,3.0,M,3.0,1,1,_,-3.0,-3.0,0
