,original_index,onset,type,track,instrument,pitch,release,spelling,other,ts_numerator,ts_denominator,duplicated_indices,chord_tone,harmony_onset,chord_factors,bass_pcs,primary_degree,primary_alteration,secondary_degree,secondary_alteration,inversion,mode,key,key_pc,quality,granular_key,granular_key_pc,granular_mode,root_pc,scale_degree,scale_degree_step,scale_degree_alteration,key_signature,granular_key_signature,tonicization
0,0,0.0,time_signature,,,,,,"{""numerator"": 4, ""denominator"": 4}",4,4,,na,na,na,na,na,na,na,na,,na,na,,na,na,,na,,na,na,na,,,0
1,1,0.0,bar,,,,1.0,,,4,4,,na,na,na,na,na,na,na,na,,na,na,,na,na,,na,,na,na,na,,,0
2,2,0.0,note,1.0,bass,51.0,1.0,Eb,,4,4,,yes,yes,R,y,I,_,I,_,0.0,M,Eb,3.0,M,Eb,3.0,M,3.0,1,1,_,-3.0,-3.0,0
3,3,0.0,note,2.0,tenor,67.0,1.0,G,,4,4,,yes,yes,T,n,I,_,I,_,0.0,M,Eb,3.0,M,Eb,3.0,M,3.0,3,3,_,-3.0,-3.0,0
4,4,0.0,note,3.0,alto,70.0,1.0,Bb,,4,4,,yes,yes,F,n,I,_,I,_,0.0,M,Eb,3.0,M,Eb,3.0,M,3.0,5,5,_,-3.0,-3.0,0
5,5,0.0,note,4.0,soprn,75.0,1.0,Eb,,4,4,,yes,yes,R,y,I,_,I,_,0.0,M,Eb,3.0,M,Eb,3.0,M,3.0,1,1,_,-3.0,-3.0,0
6,6,1.0,bar,,,,5.0,,,4,4,,na,na,na,na,na,na,na,na,,na,na,,na,na,,na,,na,na,na,,,0
7,7,1.0,note,1.0,bass,58.0,2.0,Bb,,4,4,,yes,yes,R,y,V,_,I,_,0.0,M,Eb,3.0,M,Eb,3.0,M,10.0,5,5,_,-3.0,-3.0,0
8,8,1.0,note,2.0,tenor,65.0,2.0,F,,4,4,,yes,yes,F,n,V,_,I,_,0.0,M,Eb,3.0,M,Eb,3.0,M,10.0,2,2,_,-3.0,-3.0,0
9,9,1.0,note,3.0,alto,70.0,2.0,Bb,,4,4,,yes,yes,R,y,V,_,I,_,0.0,M,Eb,3.0,M,Eb,3.0,M,10.0,5,5,_,-3.0,-3.0,0
10,10,1.0,note,4.0,soprn,74.0,2.0,D,,4,4,,yes,yes,T,n,V,_,I,_,0.0,M,Eb,3.0,M,Eb,3.0,M,10.0,7,7,_,-3.0,-3.0,0
11,11,2.0,note,1.0,bass,60.0,3.0,C,,4,4,,yes,yes,R,y,VI,_,I,_,0.0,M,Eb,3.0,m,Eb,3.0,M,0.0,6,6,_,-3.0,-3.0,0
12,12,2.0,note,2.0,tenor,63.0,3.0,Eb,,4,4,,yes,yes,T,n,VI,_,I,_,0.0,M,Eb,3.0,m,Eb,3.0,M,0.0,1,1,_,-3.0,-3.0,0
13,13,2.0,note,3.0,alto,67.0,3.0,G,,4,4,,yes,yes,F,n,VI,_,I,_,0.0,M,Eb,3.0,m,Eb,3.0,M,0.0,3,3,_,-3.0,-3.0,0
14,14,2.0,note,4.0,soprn,72.0,3.0,C,,4,4,,yes,yes,R,y,VI,_,I,_,0.0,M,Eb,3.0,m,Eb,3.0,M,0.0,6,6,_,-3.0,-3.0,0
15,15,3.0,note,1.0,bass,55.0,4.0,G,,4,4,,yes,yes,R,y,III,_,I,_,0.0,M,Eb,3.0,m,Eb,3.0,M,7.0,3,3,_,-3.0,-3.0,0
16,16,3.0,note,2.0,tenor,62.0,4.0,D,,4,4,,yes,yes,F,n,III,_,I,_,0.0,M,Eb,3.0,m,Eb,3.0,M,7.0,7,7,_,-3.0,-3.0,0
17,17,3.0,note,3.0,alto,67.0,4.0,G,,4,4,,yes,yes,R,y,III,_,I,_,0.0,M,Eb,3.0,m,Eb,3.0,M,7.0,3,3,_,-3.0,-3.0,0
18,18,3.0,note,4.0,soprn,70.0,4.0,Bb,,4,4,,yes,yes,T,n,III,_,I,_,0.0,M,Eb,3.0,m,Eb,3.0,M,7.0,5,5,_,-3.0,-3.0,0
19,19,4.0,note,1.0,bass,58.0,4.5,Bb,,4,4,,yes,yes,R,y,II,_,IV,_,0.0,M,Eb,3.0,m7,Ab,8.0,M,10.0,5,5,_,-3.0,-4.0,1
20,20,4.0,note,2.0,tenor,61.0,4.5,Db,,4,4,,yes,yes,T,n,II,_,IV,_,0.0,M,Eb,3.0,m7,Ab,8.0,M,10.0,b7,7,b,-3.0,-4.0,1
21,21,4.0,note,3.0,alto,65.0,4.5,F,,4,4,,yes,yes,F,n,II,_,IV,_,0.0,M,Eb,3.0,m7,Ab,8.0,M,10.0,2,2,_,-3.0,-4.0,1
22,22,4.0,note,4.0,soprn,68.0,4.5,Ab,,4,4,,yes,yes,S,n,II,_,IV,_,0.0,M,Eb,3.0,m7,Ab,8.0,M,10.0,4,4,_,-3.0,-4.0,1
23,23,4.5,note,1.0,bass,58.0,5.0,Bb,,4,4,,yes,yes,F,n,V,_,IV,_,0.0,M,Eb,3.0,M,Ab,8.0,M,3.0,5,5,_,-3.0,-4.0,1
24,24,4.5,note,2.0,tenor,61.0,5.0,Db,,4,4,,no,yes,x,n,V,_,IV,_,0.0,M,Eb,3.0,M,Ab,8.0,M,3.0,b7,7,b,-3.0,-4.0,1
25,25,4.5,note,3.0,alto,63.0,5.0,Eb,,4,4,,yes,yes,R,y,V,_,IV,_,0.0,M,Eb,3.0,M,Ab,8.0,M,3.0,1,1,_,-3.0,-4.0,1
26,26,4.5,note,4.0,soprn,67.0,5.0,G,,4,4,,yes,yes,T,n,V,_,IV,_,0.0,M,Eb,3.0,M,Ab,8.0,M,3.0,3,3,_,-3.0,-4.0,1
27,27,5.0,bar,,,,9.0,,,4,4,,na,na,na,na,na,na,na,na,,na,na,,na,na,,na,,na,na,na,,,0
28,28,5.0,note,1.0,bass,56.0,5.5,Ab,,4,4,,yes,yes,R,y,IV,_,I,_,0.0,M,Eb,3.0,M,Eb,3.0,M,8.0,4,4,_,-3.0,-3.0,0
29,29,5.0,note,2.0,tenor,60.0,5.5,C,,4,4,,yes,yes,T,n,IV,_,I,_,0.0,M,Eb,3.0,M,Eb,3.0,M,8.0,6,6,_,-3.0,-3.0,0
30,30,5.0,note,3.0,alto,63.0,5.5,Eb,,4,4,,yes,yes,F,n,IV,_,I,_,0.0,M,Eb,3.0,M,Eb,3.0,M,8.0,1,1,_,-3.0,-3.0,0
31,31,5.0,note,4.0,soprn,72.0,5.5,C,,4,4,,yes,yes,T,n,IV,_,I,_,0.0,M,Eb,3.0,M,Eb,3.0,M,8.0,6,6,_,-3.0,-3.0,0
32,32,5.5,note,1.0,bass,56.0,6.0,Ab,,4,4,,yes,no,R,y,IV,_,I,_,0.0,M,Eb,3.0,M,Eb,3.0,M,8.0,4,4,_,-3.0,-3.0,0
33,33,5.5,note,2.0,tenor,58.0,6.0,Bb,,4,4,,no,no,x,n,IV,_,I,_,0.0,M,Eb,3.0,M,Eb,3.0,M,8.0,5,5,_,-3.0,-3.0,0
34,34,5.5,note,3.0,alto,63.0,6.0,Eb,,4,4,,yes,no,F,n,IV,_,I,_,0.0,M,Eb,3.0,M,Eb,3.0,M,8.0,1,1,_,-3.0,-3.0,0
35,35,5.5,note,4.0,soprn,72.0,6.0,C,,4,4,,yes,no,T,n,IV,_,I,_,0.0,M,Eb,3.0,M,Eb,3.0,M,8.0,6,6,_,-3.0,-3.0,0
36,36,6.0,note,1.0,bass,44.0,6.5,Ab,,4,4,,yes,no,R,y,IV,_,I,_,0.0,M,Eb,3.0,M,Eb,3.0,M,8.0,4,4,_,-3.0,-3.0,0
37,37,6.0,note,2.0,tenor,60.0,6.5,C,,4,4,,yes,no,T,n,IV,_,I,_,0.0,M,Eb,3.0,M,Eb,3.0,M,8.0,6,6,_,-3.0,-3.0,0
38,38,6.0,note,3.0,alto,68.0,6.5,Ab,,4,4,,yes,no,R,y,IV,_,I,_,0.0,M,Eb,3.0,M,Eb,3.0,M,8.0,4,4,_,-3.0,-3.0,0
39,39,6.0,note,4.0,soprn,72.0,6.5,C,,4,4,,yes,no,T,n,IV,_,I,_,0.0,M,Eb,3.0,M,Eb,3.0,M,8.0,6,6,_,-3.0,-3.0,0
40,40,6.5,note,1.0,bass,44.0,7.0,Ab,,4,4,,yes,yes,F,y,VII,_,I,_,2.0,M,Eb,3.0,o,Eb,3.0,M,2.0,4,4,_,-3.0,-3.0,0
41,41,6.5,note,2.0,tenor,62.0,7.0,D,,4,4,,yes,yes,R,n,VII,_,I,_,2.0,M,Eb,3.0,o,Eb,3.0,M,2.0,7,7,_,-3.0,-3.0,0
42,42,6.5,note,3.0,alto,68.0,7.0,Ab,,4,4,,yes,yes,F,y,VII,_,I,_,2.0,M,Eb,3.0,o,Eb,3.0,M,2.0,4,4,_,-3.0,-3.0,0
43,43,6.5,note,4.0,soprn,72.0,7.0,C,,4,4,,no,yes,x,n,VII,_,I,_,2.0,M,Eb,3.0,o,Eb,3.0,M,2.0,6,6,_,-3.0,-3.0,0
44,44,7.0,note,1.0,bass,51.0,8.0,Eb,,4,4,,yes,yes,R,y,I,_,I,_,0.0,M,Eb,3.0,M,Eb,3.0,M,3.0,1,1,_,-3.0,-3.0,0
45,45,7.0,note,2.0,tenor,63.0,8.0,Eb,,4,4,,yes,yes,R,y,I,_,I,_,0.0,M,Eb,3.0,M,Eb,3.0,M,3.0,1,1,_,-3.0,-3.0,0
46,46,7.0,note,3.0,alto,67.0,8.0,G,,4,4,,yes,yes,T,n,I,_,I,_,0.0,M,Eb,3.0,M,Eb,3.0,M,3.0,3,3,_,-3.0,-3.0,0
47,47,7.0,note,4.0,soprn,70.0,8.0,Bb,,4,4,,yes,yes,F,n,I,_,I,_,0.0,M,Eb,3.0,M,Eb,3.0,M,3.0,5,5,_,-3.0,-3.0,0
48,48,8.0,note,1.0,bass,48.0,8.5,C,,4,4,,yes,yes,R,y,VI,_,I,_,0.0,M,Eb,3.0,m,Eb,3.0,M,0.0,6,6,_,-3.0,-3.0,0
49,49,8.0,note,2.0,tenor,55.0,8.5,G,,4,4,,yes,yes,F,n,VI,_,I,_,0.0,M,Eb,3.0,m,Eb,3.0,M,0.0,3,3,_,-3.0,-3.0,0
50,50,8.0,note,3.0,alto,67.0,8.5,G,,4,4,,yes,yes,F,n,VI,_,I,_,0.0,M,Eb,3.0,m,Eb,3.0,M,0.0,3,3,_,-3.0,-3.0,0
51,51,8.0,note,4.0,soprn,75.0,8.5,Eb,,4,4,,yes,yes,T,n,VI,_,I,_,0.0,M,Eb,3.0,m,Eb,3.0,M,0.0,1,1,_,-3.0,-3.0,0
52,52,8.5,note,1.0,bass,48.0,9.0,C,,4,4,,yes,no,R,y,VI,_,I,_,0.0,M,Eb,3.0,m,Eb,3.0,M,0.0,6,6,_,-3.0,-3.0,0
53,53,8.5,note,2.0,tenor,56.0,9.0,Ab,,4,4,,no,no,x,n,VI,_,I,_,0.0,M,Eb,3.0,m,Eb,3.0,M,0.0,4,4,_,-3.0,-3.0,0
54,54,8.5,note,3.0,alto,67.0,9.0,G,,4,4,,yes,no,F,n,VI,_,I,_,0.0,M,Eb,3.0,m,Eb,3.0,M,0.0,3,3,_,-3.0,-3.0,0
55,55,8.5,note,4.0,soprn,75.0,9.0,Eb,,4,4,,yes,no,T,n,VI,_,I,_,0.0,M,Eb,3.0,m,Eb,3.0,M,0.0,1,1,_,-3.0,-3.0,0
56,56,9.0,bar,,,,13.0,,,4,4,,na,na,na,na,na,na,na,na,,na,na,,na,na,,na,,na,na,na,,,0
57,57,9.0,note,1.0,bass,55.0,9.5,G,,4,4,,yes,yes,R,y,III,_,I,_,0.0,M,Eb,3.0,m,Eb,3.0,M,7.0,3,3,_,-3.0,-3.0,0
58,58,9.0,note,2.0,tenor,58.0,9.5,Bb,,4,4,,yes,yes,T,n,III,_,I,_,0.0,M,Eb,3.0,m,Eb,3.0,M,7.0,5,5,_,-3.0,-3.0,0
59,59,9.0,note,3.0,alto,67.0,9.5,G,,4,4,,yes,yes,R,y,III,_,I,_,0.0,M,Eb,3.0,m,Eb,3.0,M,7.0,3,3,_,-3.0,-3.0,0
60,60,9.0,note,4.0,soprn,74.0,9.5,D,,4,4,,yes,yes,F,n,III,_,I,_,0.0,M,Eb,3.0,m,Eb,3.0,M,7.0,7,7,_,-3.0,-3.0,0
61,61,9.5,note,1.0,bass,55.0,10.0,G,,4,4,,yes,no,R,y,III,_,I,_,0.0,M,Eb,3.0,m,Eb,3.0,M,7.0,3,3,_,-3.0,-3.0,0
62,62,9.5,note,2.0,tenor,58.0,10.0,Bb,,4,4,,yes,no,T,n,III,_,I,_,0.0,M,Eb,3.0,m,Eb,3.0,M,7.0,5,5,_,-3.0,-3.0,0
63,63,9.5,note,3.0,alto,65.0,10.0,F,,4,4,,no,no,x,n,III,_,I,_,0.0,M,Eb,3.0,m,Eb,3.0,M,7.0,2,2,_,-3.0,-3.0,0
64,64,9.5,note,4.0,soprn,74.0,10.0,D,,4,4,,yes,no,F,n,III,_,I,_,0.0,M,Eb,3.0,m,Eb,3.0,M,7.0,7,7,_,-3.0,-3.0,0
65,65,10.0,note,1.0,bass,56.0,10.5,Ab,,4,4,,yes,yes,R,y,IV,_,I,_,0.0,M,Eb,3.0,M,Eb,3.0,M,8.0,4,4,_,-3.0,-3.0,0
66,66,10.0,note,2.0,tenor,60.0,10.5,C,,4,4,,yes,yes,T,n,IV,_,I,_,0.0,M,Eb,3.0,M,Eb,3.0,M,8.0,6,6,_,-3.0,-3.0,0
67,67,10.0,note,3.0,alto,63.0,10.5,Eb,,4,4,,yes,yes,F,n,IV,_,I,_,0.0,M,Eb,3.0,M,Eb,3.0,M,8.0,1,1,_,-3.0,-3.0,0
68,68,10.0,note,4.0,soprn,72.0,10.5,C,,4,4,,yes,yes,T,n,IV,_,I,_,0.0,M,Eb,3.0,M,Eb,3.0,M,8.0,6,6,_,-3.0,-3.0,0
69,69,10.5,note,1.0,bass,56.0,11.0,Ab,,4,4,,yes,no,R,y,IV,_,I,_,0.0,M,Eb,3.0,M,Eb,3.0,M,8.0,4,4,_,-3.0,-3.0,0
70,70,10.5,note,2.0,tenor,62.0,11.0,D,,4,4,,no,no,x,n,IV,_,I,_,0.0,M,Eb,3.0,M,Eb,3.0,M,8.0,7,7,_,-3.0,-3.0,0
71,71,10.5,note,3.0,alto,65.0,11.0,F,,4,4,,no,no,x,n,IV,_,I,_,0.0,M,Eb,3.0,M,Eb,3.0,M,8.0,2,2,_,-3.0,-3.0,0
72,72,10.5,note,4.0,soprn,72.0,11.0,C,,4,4,,yes,no,T,n,IV,_,I,_,0.0,M,Eb,3.0,M,Eb,3.0,M,8.0,6,6,_,-3.0,-3.0,0
73,73,11.0,note,1.0,bass,51.0,11.5,Eb,,4,4,,yes,yes,R,y,I,_,I,_,0.0,M,Eb,3.0,M,Eb,3.0,M,3.0,1,1,_,-3.0,-3.0,0
74,74,11.0,note,2.0,tenor,63.0,11.5,Eb,,4,4,,yes,yes,R,y,I,_,I,_,0.0,M,Eb,3.0,M,Eb,3.0,M,3.0,1,1,_,-3.0,-3.0,0
75,75,11.0,note,3.0,alto,67.0,11.5,G,,4,4,,yes,yes,T,n,I,_,I,_,0.0,M,Eb,3.0,M,Eb,3.0,M,3.0,3,3,_,-3.0,-3.0,0
76,76,11.0,note,4.0,soprn,70.0,11.5,Bb,,4,4,,yes,yes,F,n,I,_,I,_,0.0,M,Eb,3.0,M,Eb,3.0,M,3.0,5,5,_,-3.0,-3.0,0
77,77,11.5,note,1.0,bass,50.0,12.0,D,,4,4,,no,no,x,n,I,_,I,_,0.0,M,Eb,3.0,M,Eb,3.0,M,3.0,7,7,_,-3.0,-3.0,0
78,78,11.5,note,2.0,tenor,63.0,12.0,Eb,,4,4,,yes,no,R,y,I,_,I,_,0.0,M,Eb,3.0,M,Eb,3.0,M,3.0,1,1,_,-3.0,-3.0,0
79,79,11.5,note,3.0,alto,65.0,12.0,F,,4,4,,no,no,x,n,I,_,I,_,0.0,M,Eb,3.0,M,Eb,3.0,M,3.0,2,2,_,-3.0,-3.0,0
80,80,11.5,note,4.0,soprn,70.0,12.0,Bb,,4,4,,yes,no,F,n,I,_,I,_,0.0,M,Eb,3.0,M,Eb,3.0,M,3.0,5,5,_,-3.0,-3.0,0
81,81,12.0,note,1.0,bass,48.0,12.5,C,,4,4,,yes,yes,T,y,IV,_,I,_,1.0,M,Eb,3.0,M,Eb,3.0,M,8.0,6,6,_,-3.0,-3.0,0
82,82,12.0,note,2.0,tenor,56.0,12.5,Ab,,4,4,,yes,yes,R,n,IV,_,I,_,1.0,M,Eb,3.0,M,Eb,3.0,M,8.0,4,4,_,-3.0,-3.0,0
83,83,12.0,note,3.0,alto,63.0,12.5,Eb,,4,4,,yes,yes,F,n,IV,_,I,_,1.0,M,Eb,3.0,M,Eb,3.0,M,8.0,1,1,_,-3.0,-3.0,0
84,84,12.0,note,4.0,soprn,68.0,12.5,Ab,,4,4,,yes,yes,R,n,IV,_,I,_,1.0,M,Eb,3.0,M,Eb,3.0,M,8.0,4,4,_,-3.0,-3.0,0
85,85,12.5,note,1.0,bass,46.0,13.0,Bb,,4,4,,yes,yes,T,y,III,_,I,_,1.0,M,Eb,3.0,m,Eb,3.0,M,7.0,5,5,_,-3.0,-3.0,0
86,86,12.5,note,2.0,tenor,58.0,13.0,Bb,,4,4,,yes,yes,T,y,III,_,I,_,1.0,M,Eb,3.0,m,Eb,3.0,M,7.0,5,5,_,-3.0,-3.0,0
87,87,12.5,note,3.0,alto,62.0,13.0,D,,4,4,,yes,yes,F,n,III,_,I,_,1.0,M,Eb,3.0,m,Eb,3.0,M,7.0,7,7,_,-3.0,-3.0,0
88,88,12.5,note,4.0,soprn,67.0,13.0,G,,4,4,,yes,yes,R,n,III,_,I,_,1.0,M,Eb,3.0,m,Eb,3.0,M,7.0,3,3,_,-3.0,-3.0,0
89,89,13.0,bar,,,,17.0,,,4,4,,na,na,na,na,na,na,na,na,,na,na,,na,na,,na,,na,na,na,,,0
90,90,13.0,note,1.0,bass,44.0,13.5,Ab,,4,4,,yes,yes,T,y,II,_,I,_,1.0,M,Eb,3.0,m7,Eb,3.0,M,5.0,4,4,_,-3.0,-3.0,0
91,91,13.0,note,2.0,tenor,60.0,13.5,C,,4,4,,yes,yes,F,n,II,_,I,_,1.0,M,Eb,3.0,m7,Eb,3.0,M,5.0,6,6,_,-3.0,-3.0,0
92,92,13.0,note,3.0,alto,63.0,13.5,Eb,,4,4,,yes,yes,S,n,II,_,I,_,1.0,M,Eb,3.0,m7,Eb,3.0,M,5.0,1,1,_,-3.0,-3.0,0
93,93,13.0,note,4.0,soprn,72.0,13.5,C,,4,4,,yes,yes,F,n,II,_,I,_,1.0,M,Eb,3.0,m7,Eb,3.0,M,5.0,6,6,_,-3.0,-3.0,0
94,94,13.5,note,1.0,bass,44.0,14.0,Ab,,4,4,,yes,no,T,y,II,_,I,_,1.0,M,Eb,3.0,m7,Eb,3.0,M,5.0,4,4,_,-3.0,-3.0,0
95,95,13.5,note,2.0,tenor,63.0,14.0,Eb,,4,4,,yes,no,S,n,II,_,I,_,1.0,M,Eb,3.0,m7,Eb,3.0,M,5.0,1,1,_,-3.0,-3.0,0
96,96,13.5,note,3.0,alto,65.0,14.0,F,,4,4,,yes,no,R,n,II,_,I,_,1.0,M,Eb,3.0,m7,Eb,3.0,M,5.0,2,2,_,-3.0,-3.0,0
97,97,13.5,note,4.0,soprn,72.0,14.0,C,,4,4,,yes,no,F,n,II,_,I,_,1.0,M,Eb,3.0,m7,Eb,3.0,M,5.0,6,6,_,-3.0,-3.0,0
98,98,14.0,note,1.0,bass,56.0,14.5,Ab,,4,4,,yes,yes,F,y,VII,_,I,_,2.0,M,Eb,3.0,o,Eb,3.0,M,2.0,4,4,_,-3.0,-3.0,0
99,99,14.0,note,2.0,tenor,62.0,14.5,D,,4,4,,yes,yes,R,n,VII,_,I,_,2.0,M,Eb,3.0,o,Eb,3.0,M,2.0,7,7,_,-3.0,-3.0,0
100,100,14.0,note,3.0,alto,65.0,14.5,F,,4,4,,yes,yes,T,n,VII,_,I,_,2.0,M,Eb,3.0,o,Eb,3.0,M,2.0,2,2,_,-3.0,-3.0,0
101,101,14.0,note,4.0,soprn,72.0,14.5,C,,4,4,,no,yes,x,n,VII,_,I,_,2.0,M,Eb,3.0,o,Eb,3.0,M,2.0,6,6,_,-3.0,-3.0,0
102,102,14.5,note,1.0,bass,56.0,15.0,Ab,,4,4,,yes,no,F,y,VII,_,I,_,2.0,M,Eb,3.0,o,Eb,3.0,M,2.0,4,4,_,-3.0,-3.0,0
103,103,14.5,note,2.0,tenor,60.0,15.0,C,,4,4,,no,no,x,n,VII,_,I,_,2.0,M,Eb,3.0,o,Eb,3.0,M,2.0,6,6,_,-3.0,-3.0,0
104,104,14.5,note,3.0,alto,65.0,15.0,F,,4,4,,yes,no,T,n,VII,_,I,_,2.0,M,Eb,3.0,o,Eb,3.0,M,2.0,2,2,_,-3.0,-3.0,0
105,105,14.5,note,4.0,soprn,72.0,15.0,C,,4,4,,no,no,x,n,VII,_,I,_,2.0,M,Eb,3.0,o,Eb,3.0,M,2.0,6,6,_,-3.0,-3.0,0
106,106,15.0,note,1.0,bass,55.0,16.0,G,,4,4,,yes,yes,R,y,III,_,I,_,0.0,M,Eb,3.0,m,Eb,3.0,M,7.0,3,3,_,-3.0,-3.0,0
107,107,15.0,note,2.0,tenor,62.0,16.0,D,,4,4,,yes,yes,F,n,III,_,I,_,0.0,M,Eb,3.0,m,Eb,3.0,M,7.0,7,7,_,-3.0,-3.0,0
108,108,15.0,note,3.0,alto,67.0,16.0,G,,4,4,,yes,yes,R,y,III,_,I,_,0.0,M,Eb,3.0,m,Eb,3.0,M,7.0,3,3,_,-3.0,-3.0,0
109,109,15.0,note,4.0,soprn,70.0,16.0,Bb,,4,4,,yes,yes,T,n,III,_,I,_,0.0,M,Eb,3.0,m,Eb,3.0,M,7.0,5,5,_,-3.0,-3.0,0
110,110,16.0,note,1.0,bass,51.0,17.0,Eb,,4,4,,yes,yes,R,y,I,_,I,_,0.0,M,Eb,3.0,M,Eb,3.0,M,3.0,1,1,_,-3.0,-3.0,0
111,111,16.0,note,2.0,tenor,63.0,17.0,Eb,,4,4,,yes,yes,R,y,I,_,I,_,0.0,M,Eb,3.0,M,Eb,3.0,M,3.0,1,1,_,-3.0,-3.0,0
112,112,16.0,note,3.0,alto,67.0,17.0,G,,4,4,,yes,yes,T,n,I,_,I,_,0.0,M,Eb,3.0,M,Eb,3.0,M,3.0,3,3,_,-3.0,-3.0,0
113,113,16.0,note,4.0,soprn,70.0,17.0,Bb,,4,4,,yes,yes,F,n,I,_,I,_,0.0,M,Eb,3.0,M,Eb,3.0,M,3.0,5,5,_,-3.0,-3.0,0
114,114,17.0,bar,,,,21.0,,,4,4,,na,na,na,na,na,na,na,na,,na,na,,na,na,,na,,na,na,na,,,0
115,115,17.0,note,1.0,bass,56.0,17.5,Ab,,4,4,,yes,yes,R,y,IV,_,I,_,0.0,M,Eb,3.0,M,Eb,3.0,M,8.0,4,4,_,-3.0,-3.0,0
116,116,17.0,note,2.0,tenor,63.0,17.5,Eb,,4,4,,yes,yes,F,n,IV,_,I,_,0.0,M,Eb,3.0,M,Eb,3.0,M,8.0,1,1,_,-3.0,-3.0,0
117,117,17.0,note,3.0,alto,68.0,17.5,Ab,,4,4,,yes,yes,R,y,IV,_,I,_,0.0,M,Eb,3.0,M,Eb,3.0,M,8.0,4,4,_,-3.0,-3.0,0
118,118,17.0,note,4.0,soprn,72.0,17.5,C,,4,4,,yes,yes,T,n,IV,_,I,_,0.0,M,Eb,3.0,M,Eb,3.0,M,8.0,6,6,_,-3.0,-3.0,0
119,119,17.5,note,1.0,bass,56.0,18.0,Ab,,4,4,,yes,no,R,y,IV,_,I,_,0.0,M,Eb,3.0,M,Eb,3.0,M,8.0,4,4,_,-3.0,-3.0,0
120,120,17.5,note,2.0,tenor,68.0,18.0,Ab,,4,4,,yes,no,R,y,IV,_,I,_,0.0,M,Eb,3.0,M,Eb,3.0,M,8.0,4,4,_,-3.0,-3.0,0
121,121,17.5,note,4.0,soprn,72.0,18.0,C,,4,4,"121,122",yes,no,T,n,IV,_,I,_,0.0,M,Eb,3.0,M,Eb,3.0,M,8.0,6,6,_,-3.0,-3.0,0
122,123,18.0,note,1.0,bass,58.0,18.5,Bb,,4,4,,yes,yes,R,y,V,_,I,_,0.0,M,Eb,3.0,M,Eb,3.0,M,10.0,5,5,_,-3.0,-3.0,0
123,124,18.0,note,2.0,tenor,67.0,18.5,G,,4,4,,no,yes,x,n,V,_,I,_,0.0,M,Eb,3.0,M,Eb,3.0,M,10.0,3,3,_,-3.0,-3.0,0
124,125,18.0,note,3.0,alto,70.0,18.5,Bb,,4,4,,yes,yes,R,y,V,_,I,_,0.0,M,Eb,3.0,M,Eb,3.0,M,10.0,5,5,_,-3.0,-3.0,0
125,126,18.0,note,4.0,soprn,74.0,18.5,D,,4,4,,yes,yes,T,n,V,_,I,_,0.0,M,Eb,3.0,M,Eb,3.0,M,10.0,7,7,_,-3.0,-3.0,0
126,127,18.5,note,1.0,bass,58.0,19.0,Bb,,4,4,,yes,yes,R,y,V,_,I,_,0.0,M,Eb,3.0,Mm7,Eb,3.0,M,10.0,5,5,_,-3.0,-3.0,0
127,128,18.5,note,2.0,tenor,65.0,19.0,F,,4,4,,yes,yes,F,n,V,_,I,_,0.0,M,Eb,3.0,Mm7,Eb,3.0,M,10.0,2,2,_,-3.0,-3.0,0
128,129,18.5,note,3.0,alto,68.0,19.0,Ab,,4,4,,yes,yes,S,n,V,_,I,_,0.0,M,Eb,3.0,Mm7,Eb,3.0,M,10.0,4,4,_,-3.0,-3.0,0
129,130,18.5,note,4.0,soprn,74.0,19.0,D,,4,4,,yes,yes,T,n,V,_,I,_,0.0,M,Eb,3.0,Mm7,Eb,3.0,M,10.0,7,7,_,-3.0,-3.0,0
130,131,19.0,note,1.0,bass,60.0,19.5,C,,4,4,,yes,yes,R,y,VI,_,I,_,0.0,M,Eb,3.0,m,Eb,3.0,M,0.0,6,6,_,-3.0,-3.0,0
131,132,19.0,note,2.0,tenor,63.0,19.5,Eb,,4,4,,yes,yes,T,n,VI,_,I,_,0.0,M,Eb,3.0,m,Eb,3.0,M,0.0,1,1,_,-3.0,-3.0,0
132,133,19.0,note,3.0,alto,67.0,19.5,G,,4,4,,yes,yes,F,n,VI,_,I,_,0.0,M,Eb,3.0,m,Eb,3.0,M,0.0,3,3,_,-3.0,-3.0,0
133,134,19.0,note,4.0,soprn,75.0,19.5,Eb,,4,4,,yes,yes,T,n,VI,_,I,_,0.0,M,Eb,3.0,m,Eb,3.0,M,0.0,1,1,_,-3.0,-3.0,0
134,135,19.5,note,1.0,bass,50.0,20.0,D,,4,4,,yes,yes,T,y,V,_,I,_,1.0,M,Eb,3.0,M,Eb,3.0,M,10.0,7,7,_,-3.0,-3.0,0
135,136,19.5,note,2.0,tenor,58.0,20.0,Bb,,4,4,,yes,yes,R,n,V,_,I,_,1.0,M,Eb,3.0,M,Eb,3.0,M,10.0,5,5,_,-3.0,-3.0,0
136,137,19.5,note,3.0,alto,65.0,20.0,F,,4,4,,yes,yes,F,n,V,_,I,_,1.0,M,Eb,3.0,M,Eb,3.0,M,10.0,2,2,_,-3.0,-3.0,0
137,138,19.5,note,4.0,soprn,77.0,20.0,F,,4,4,,yes,yes,F,n,V,_,I,_,1.0,M,Eb,3.0,M,Eb,3.0,M,10.0,2,2,_,-3.0,-3.0,0
138,139,20.0,note,1.0,bass,51.0,21.0,Eb,,4,4,,yes,yes,R,y,V,_,IV,_,0.0,M,Eb,3.0,Mm7,Ab,8.0,M,3.0,1,1,_,-3.0,-4.0,1
139,140,20.0,note,2.0,tenor,61.0,21.0,Db,,4,4,,yes,yes,S,n,V,_,IV,_,0.0,M,Eb,3.0,Mm7,Ab,8.0,M,3.0,b7,7,b,-3.0,-4.0,1
140,141,20.0,note,3.0,alto,63.0,21.0,Eb,,4,4,,yes,yes,R,y,V,_,IV,_,0.0,M,Eb,3.0,Mm7,Ab,8.0,M,3.0,1,1,_,-3.0,-4.0,1
141,142,20.0,note,4.0,soprn,79.0,21.0,G,,4,4,,yes,yes,T,n,V,_,IV,_,0.0,M,Eb,3.0,Mm7,Ab,8.0,M,3.0,3,3,_,-3.0,-4.0,1
142,143,21.0,bar,,,,25.0,,,4,4,,na,na,na,na,na,na,na,na,,na,na,,na,na,,na,,na,na,na,,,0
143,144,21.0,note,1.0,bass,44.0,22.0,Ab,,4,4,,yes,yes,T,y,II,_,I,_,1.0,M,Eb,3.0,m,Eb,3.0,M,5.0,4,4,_,-3.0,-3.0,0
144,145,21.0,note,2.0,tenor,60.0,22.0,C,,4,4,,yes,yes,F,n,II,_,I,_,1.0,M,Eb,3.0,m,Eb,3.0,M,5.0,6,6,_,-3.0,-3.0,0
145,146,21.0,note,3.0,alto,65.0,22.0,F,,4,4,,yes,yes,R,n,II,_,I,_,1.0,M,Eb,3.0,m,Eb,3.0,M,5.0,2,2,_,-3.0,-3.0,0
146,147,21.0,note,4.0,soprn,77.0,22.0,F,,4,4,,yes,yes,R,n,II,_,I,_,1.0,M,Eb,3.0,m,Eb,3.0,M,5.0,2,2,_,-3.0,-3.0,0
147,148,22.0,note,1.0,bass,45.0,23.0,A,,4,4,,yes,yes,T,y,V,_,V,_,1.0,M,Eb,3.0,Mm7,Bb,10.0,M,5.0,#4,4,#,-3.0,-2.0,1
148,149,22.0,note,2.0,tenor,60.0,23.0,C,,4,4,,yes,yes,F,n,V,_,V,_,1.0,M,Eb,3.0,Mm7,Bb,10.0,M,5.0,6,6,_,-3.0,-2.0,1
149,150,22.0,note,3.0,alto,65.0,23.0,F,,4,4,,yes,yes,R,n,V,_,V,_,1.0,M,Eb,3.0,Mm7,Bb,10.0,M,5.0,2,2,_,-3.0,-2.0,1
150,151,22.0,note,4.0,soprn,75.0,23.0,Eb,,4,4,,yes,yes,S,n,V,_,V,_,1.0,M,Eb,3.0,Mm7,Bb,10.0,M,5.0,1,1,_,-3.0,-2.0,1
151,152,23.0,note,1.0,bass,46.0,24.0,Bb,,4,4,,yes,yes,F,y,I,_,I,_,2.0,M,Eb,3.0,M,Eb,3.0,M,3.0,5,5,_,-3.0,-3.0,0
152,153,23.0,note,2.0,tenor,58.0,24.0,Bb,,4,4,,yes,yes,F,y,I,_,I,_,2.0,M,Eb,3.0,M,Eb,3.0,M,3.0,5,5,_,-3.0,-3.0,0
153,154,23.0,note,3.0,alto,67.0,24.0,G,,4,4,,yes,yes,T,n,I,_,I,_,2.0,M,Eb,3.0,M,Eb,3.0,M,3.0,3,3,_,-3.0,-3.0,0
154,155,23.0,note,4.0,soprn,75.0,24.0,Eb,,4,4,,yes,yes,R,n,I,_,I,_,2.0,M,Eb,3.0,M,Eb,3.0,M,3.0,1,1,_,-3.0,-3.0,0
155,156,24.0,note,1.0,bass,46.0,25.0,Bb,,4,4,,yes,yes,R,y,V,_,I,_,0.0,M,Eb,3.0,Mm7,Eb,3.0,M,10.0,5,5,_,-3.0,-3.0,0
156,157,24.0,note,2.0,tenor,58.0,25.0,Bb,,4,4,,yes,yes,R,y,V,_,I,_,0.0,M,Eb,3.0,Mm7,Eb,3.0,M,10.0,5,5,_,-3.0,-3.0,0
157,158,24.0,note,3.0,alto,68.0,25.0,Ab,,4,4,,yes,yes,S,n,V,_,I,_,0.0,M,Eb,3.0,Mm7,Eb,3.0,M,10.0,4,4,_,-3.0,-3.0,0
158,159,24.0,note,4.0,soprn,74.0,25.0,D,,4,4,,yes,yes,T,n,V,_,I,_,0.0,M,Eb,3.0,Mm7,Eb,3.0,M,10.0,7,7,_,-3.0,-3.0,0
159,160,25.0,bar,,,,28.0,,,4,4,,na,na,na,na,na,na,na,na,,na,na,,na,na,,na,,na,na,na,,,0
160,161,25.0,note,1.0,bass,51.0,28.0,Eb,,4,4,,yes,yes,R,y,I,_,I,_,0.0,M,Eb,3.0,M,Eb,3.0,M,3.0,1,1,_,-3.0,-3.0,0
161,162,25.0,note,2.0,tenor,58.0,28.0,Bb,,4,4,,yes,yes,F,n,I,_,I,_,0.0,M,Eb,3.0,M,Eb,3.0,M,3.0,5,5,_,-3.0,-3.0,0
162,163,25.0,note,3.0,alto,67.0,28.0,G,,4,4,,yes,yes,T,n,I,_,I,_,0.0,M,Eb,3.0,M,Eb,3.0,M,3.0,3,3,_,-3.0,-3.0,0
163,164,25.0,note,4.0,soprn,75.0,28.0,Eb,,4,4,,yes,yes,R,y,I,_,I,_,0.0,M,Eb,3.0,M,Eb,3.0,M,3.0,1,1,_,-3.0,-3.0,0
164,165,28.0,bar,,,,29.0,,,4,4,,na,na,na,na,na,na,na,na,,na,na,,na,na,,na,,na,na,na,,,0
165,166,28.0,note,1.0,bass,51.0,29.0,Eb,,4,4,,yes,no,R,y,I,_,I,_,0.0,M,Eb,3.0,M,Eb,3.0,M,3.0,1,1,_,-3.0,-3.0,0
166,167,28.0,note,2.0,tenor,58.0,29.0,Bb,,4,4,,yes,no,F,n,I,_,I,_,0.0,M,Eb,3.0,M,Eb,3.0,M,3.0,5,5,_,-3.0,-3.0,0
167,168,28.0,note,3.0,alto,67.0,29.0,G,,4,4,,yes,no,T,n,I,_,I,_,0.0,M,Eb,3.0,M,Eb,3.0,M,3.0,3,3,_,-3.0,-3.0,0
168,169,28.0,note,4.0,soprn,75.0,29.0,Eb,,4,4,,yes,no,R,y,I,_,I,_,0.0,M,Eb,3.0,M,Eb,3.0,M,3.0,1,1,_,-3.0,-3.0,0
169,170,29.0,bar,,,,33.0,,,4,4,,na,na,na,na,na,na,na,na,,na,na,,na,na,,na,,na,na,na,,,0
170,171,29.0,note,1.0,bass,56.0,29.5,Ab,,4,4,,yes,yes,R,y,IV,_,I,_,0.0,M,Eb,3.0,M,Eb,3.0,M,8.0,4,4,_,-3.0,-3.0,0
171,172,29.0,note,2.0,tenor,60.0,29.5,C,,4,4,,yes,yes,T,n,IV,_,I,_,0.0,M,Eb,3.0,M,Eb,3.0,M,8.0,6,6,_,-3.0,-3.0,0
172,173,29.0,note,3.0,alto,68.0,29.5,Ab,,4,4,,yes,yes,R,y,IV,_,I,_,0.0,M,Eb,3.0,M,Eb,3.0,M,8.0,4,4,_,-3.0,-3.0,0
173,174,29.0,note,4.0,soprn,75.0,29.5,Eb,,4,4,,yes,yes,F,n,IV,_,I,_,0.0,M,Eb,3.0,M,Eb,3.0,M,8.0,1,1,_,-3.0,-3.0,0
174,175,29.5,note,1.0,bass,55.0,30.0,G,,4,4,,no,no,x,n,IV,_,I,_,0.0,M,Eb,3.0,M,Eb,3.0,M,8.0,3,3,_,-3.0,-3.0,0
175,176,29.5,note,2.0,tenor,60.0,30.0,C,,4,4,,yes,no,T,n,IV,_,I,_,0.0,M,Eb,3.0,M,Eb,3.0,M,8.0,6,6,_,-3.0,-3.0,0
176,177,29.5,note,3.0,alto,68.0,30.0,Ab,,4,4,,yes,no,R,y,IV,_,I,_,0.0,M,Eb,3.0,M,Eb,3.0,M,8.0,4,4,_,-3.0,-3.0,0
177,178,29.5,note,4.0,soprn,75.0,30.0,Eb,,4,4,,yes,no,F,n,IV,_,I,_,0.0,M,Eb,3.0,M,Eb,3.0,M,8.0,1,1,_,-3.0,-3.0,0
178,179,30.0,note,1.0,bass,53.0,31.0,F,,4,4,,yes,yes,R,y,II,_,I,_,0.0,M,Eb,3.0,m,Eb,3.0,M,5.0,2,2,_,-3.0,-3.0,0
179,180,30.0,note,2.0,tenor,60.0,31.0,C,,4,4,,yes,yes,F,n,II,_,I,_,0.0,M,Eb,3.0,m,Eb,3.0,M,5.0,6,6,_,-3.0,-3.0,0
180,181,30.0,note,3.0,alto,68.0,31.0,Ab,,4,4,,yes,yes,T,n,II,_,I,_,0.0,M,Eb,3.0,m,Eb,3.0,M,5.0,4,4,_,-3.0,-3.0,0
181,182,30.0,note,4.0,soprn,77.0,31.0,F,,4,4,,yes,yes,R,y,II,_,I,_,0.0,M,Eb,3.0,m,Eb,3.0,M,5.0,2,2,_,-3.0,-3.0,0
182,183,31.0,note,1.0,bass,48.0,31.5,C,,4,4,,yes,yes,R,y,VI,_,I,_,0.0,M,Eb,3.0,m,Eb,3.0,M,0.0,6,6,_,-3.0,-3.0,0
183,184,31.0,note,2.0,tenor,60.0,31.5,C,,4,4,,yes,yes,R,y,VI,_,I,_,0.0,M,Eb,3.0,m,Eb,3.0,M,0.0,6,6,_,-3.0,-3.0,0
184,185,31.0,note,3.0,alto,67.0,31.5,G,,4,4,,yes,yes,F,n,VI,_,I,_,0.0,M,Eb,3.0,m,Eb,3.0,M,0.0,3,3,_,-3.0,-3.0,0
185,186,31.0,note,4.0,soprn,75.0,31.5,Eb,,4,4,,yes,yes,T,n,VI,_,I,_,0.0,M,Eb,3.0,m,Eb,3.0,M,0.0,1,1,_,-3.0,-3.0,0
186,187,31.5,note,1.0,bass,48.0,32.0,C,,4,4,,yes,no,R,y,VI,_,I,_,0.0,M,Eb,3.0,m,Eb,3.0,M,0.0,6,6,_,-3.0,-3.0,0
187,188,31.5,note,2.0,tenor,62.0,32.0,D,,4,4,,no,no,x,n,VI,_,I,_,0.0,M,Eb,3.0,m,Eb,3.0,M,0.0,7,7,_,-3.0,-3.0,0
188,189,31.5,note,3.0,alto,67.0,32.0,G,,4,4,,yes,no,F,n,VI,_,I,_,0.0,M,Eb,3.0,m,Eb,3.0,M,0.0,3,3,_,-3.0,-3.0,0
189,190,31.5,note,4.0,soprn,74.0,32.0,D,,4,4,,no,no,x,n,VI,_,I,_,0.0,M,Eb,3.0,m,Eb,3.0,M,0.0,7,7,_,-3.0,-3.0,0
190,191,32.0,note,1.0,bass,60.0,32.5,C,,4,4,,yes,no,R,y,VI,_,I,_,0.0,M,Eb,3.0,m,Eb,3.0,M,0.0,6,6,_,-3.0,-3.0,0
191,192,32.0,note,2.0,tenor,63.0,32.5,Eb,,4,4,,yes,no,T,n,VI,_,I,_,0.0,M,Eb,3.0,m,Eb,3.0,M,0.0,1,1,_,-3.0,-3.0,0
192,193,32.0,note,3.0,alto,67.0,32.5,G,,4,4,,yes,no,F,n,VI,_,I,_,0.0,M,Eb,3.0,m,Eb,3.0,M,0.0,3,3,_,-3.0,-3.0,0
193,194,32.0,note,4.0,soprn,72.0,32.5,C,,4,4,,yes,no,R,y,VI,_,I,_,0.0,M,Eb,3.0,m,Eb,3.0,M,0.0,6,6,_,-3.0,-3.0,0
194,195,32.5,note,1.0,bass,58.0,33.0,Bb,,4,4,,no,no,x,n,VI,_,I,_,0.0,M,Eb,3.0,m,Eb,3.0,M,0.0,5,5,_,-3.0,-3.0,0
195,196,32.5,note,2.0,tenor,62.0,33.0,D,,4,4,,no,no,x,n,VI,_,I,_,0.0,M,Eb,3.0,m,Eb,3.0,M,0.0,7,7,_,-3.0,-3.0,0
196,197,32.5,note,3.0,alto,67.0,33.0,G,,4,4,,yes,no,F,n,VI,_,I,_,0.0,M,Eb,3.0,m,Eb,3.0,M,0.0,3,3,_,-3.0,-3.0,0
197,198,32.5,note,4.0,soprn,74.0,33.0,D,,4,4,,no,no,x,n,VI,_,I,_,0.0,M,Eb,3.0,m,Eb,3.0,M,0.0,7,7,_,-3.0,-3.0,0
198,199,33.0,bar,,,,37.0,,,4,4,,na,na,na,na,na,na,na,na,,na,na,,na,na,,na,,na,na,na,,,0
199,200,33.0,note,1.0,bass,57.0,33.5,A,,4,4,,yes,yes,T,y,V,_,V,_,1.0,M,Eb,3.0,Mm7,Bb,10.0,M,5.0,#4,4,#,-3.0,-2.0,1
200,201,33.0,note,2.0,tenor,60.0,33.5,C,,4,4,,yes,yes,F,n,V,_,V,_,1.0,M,Eb,3.0,Mm7,Bb,10.0,M,5.0,6,6,_,-3.0,-2.0,1
201,202,33.0,note,3.0,alto,65.0,33.5,F,,4,4,,yes,yes,R,n,V,_,V,_,1.0,M,Eb,3.0,Mm7,Bb,10.0,M,5.0,2,2,_,-3.0,-2.0,1
202,203,33.0,note,4.0,soprn,75.0,33.5,Eb,,4,4,,yes,yes,S,n,V,_,V,_,1.0,M,Eb,3.0,Mm7,Bb,10.0,M,5.0,1,1,_,-3.0,-2.0,1
203,204,33.5,note,1.0,bass,55.0,34.0,G,,4,4,,no,no,x,n,V,_,V,_,1.0,M,Eb,3.0,Mm7,Bb,10.0,M,5.0,3,3,_,-3.0,-2.0,1
204,205,33.5,note,2.0,tenor,60.0,34.0,C,,4,4,,yes,no,F,n,V,_,V,_,1.0,M,Eb,3.0,Mm7,Bb,10.0,M,5.0,6,6,_,-3.0,-2.0,1
205,206,33.5,note,3.0,alto,67.0,34.0,G,,4,4,,no,no,x,n,V,_,V,_,1.0,M,Eb,3.0,Mm7,Bb,10.0,M,5.0,3,3,_,-3.0,-2.0,1
206,207,33.5,note,4.0,soprn,75.0,34.0,Eb,,4,4,,yes,no,S,n,V,_,V,_,1.0,M,Eb,3.0,Mm7,Bb,10.0,M,5.0,1,1,_,-3.0,-2.0,1
207,208,34.0,note,1.0,bass,53.0,35.0,F,,4,4,,yes,yes,R,y,V,_,V,_,0.0,M,Eb,3.0,Mm7,Bb,10.0,M,5.0,2,2,_,-3.0,-2.0,1
208,209,34.0,note,2.0,tenor,65.0,35.0,F,,4,4,,yes,yes,R,y,V,_,V,_,0.0,M,Eb,3.0,Mm7,Bb,10.0,M,5.0,2,2,_,-3.0,-2.0,1
209,210,34.0,note,3.0,alto,69.0,35.0,A,,4,4,,yes,yes,T,n,V,_,V,_,0.0,M,Eb,3.0,Mm7,Bb,10.0,M,5.0,#4,4,#,-3.0,-2.0,1
210,211,34.0,note,4.0,soprn,75.0,35.0,Eb,,4,4,,yes,yes,S,n,V,_,V,_,0.0,M,Eb,3.0,Mm7,Bb,10.0,M,5.0,1,1,_,-3.0,-2.0,1
211,212,35.0,note,1.0,bass,58.0,36.0,Bb,,4,4,,yes,yes,R,y,V,_,I,_,0.0,M,Eb,3.0,M,Eb,3.0,M,10.0,5,5,_,-3.0,-3.0,0
212,213,35.0,note,2.0,tenor,65.0,36.0,F,,4,4,,yes,yes,F,n,V,_,I,_,0.0,M,Eb,3.0,M,Eb,3.0,M,10.0,2,2,_,-3.0,-3.0,0
213,214,35.0,note,3.0,alto,70.0,36.0,Bb,,4,4,,yes,yes,R,y,V,_,I,_,0.0,M,Eb,3.0,M,Eb,3.0,M,10.0,5,5,_,-3.0,-3.0,0
214,215,35.0,note,4.0,soprn,74.0,36.0,D,,4,4,,yes,yes,T,n,V,_,I,_,0.0,M,Eb,3.0,M,Eb,3.0,M,10.0,7,7,_,-3.0,-3.0,0
215,216,36.0,note,1.0,bass,58.0,36.5,Bb,,4,4,,yes,no,R,y,V,_,I,_,0.0,M,Eb,3.0,M,Eb,3.0,M,10.0,5,5,_,-3.0,-3.0,0
216,217,36.0,note,2.0,tenor,65.0,36.5,F,,4,4,,yes,no,F,n,V,_,I,_,0.0,M,Eb,3.0,M,Eb,3.0,M,10.0,2,2,_,-3.0,-3.0,0
217,218,36.0,note,3.0,alto,70.0,36.5,Bb,,4,4,,yes,no,R,y,V,_,I,_,0.0,M,Eb,3.0,M,Eb,3.0,M,10.0,5,5,_,-3.0,-3.0,0
218,219,36.0,note,4.0,soprn,74.0,36.5,D,,4,4,,yes,no,T,n,V,_,I,_,0.0,M,Eb,3.0,M,Eb,3.0,M,10.0,7,7,_,-3.0,-3.0,0
219,220,36.5,note,1.0,bass,56.0,37.0,Ab,,4,4,,yes,yes,S,y,V,_,I,_,3.0,M,Eb,3.0,Mm7,Eb,3.0,M,10.0,4,4,_,-3.0,-3.0,0
220,221,36.5,note,2.0,tenor,65.0,37.0,F,,4,4,,yes,yes,F,n,V,_,I,_,3.0,M,Eb,3.0,Mm7,Eb,3.0,M,10.0,2,2,_,-3.0,-3.0,0
221,222,36.5,note,3.0,alto,70.0,37.0,Bb,,4,4,,yes,yes,R,n,V,_,I,_,3.0,M,Eb,3.0,Mm7,Eb,3.0,M,10.0,5,5,_,-3.0,-3.0,0
222,223,36.5,note,4.0,soprn,74.0,37.0,D,,4,4,,yes,yes,T,n,V,_,I,_,3.0,M,Eb,3.0,Mm7,Eb,3.0,M,10.0,7,7,_,-3.0,-3.0,0
223,224,37.0,bar,,,,41.0,,,4,4,,na,na,na,na,na,na,na,na,,na,na,,na,na,,na,,na,na,na,,,0
224,225,37.0,note,1.0,bass,55.0,37.5,G,,4,4,,yes,yes,T,y,I,_,I,_,1.0,M,Eb,3.0,M,Eb,3.0,M,3.0,3,3,_,-3.0,-3.0,0
225,226,37.0,note,2.0,tenor,58.0,37.5,Bb,,4,4,,yes,yes,F,n,I,_,I,_,1.0,M,Eb,3.0,M,Eb,3.0,M,3.0,5,5,_,-3.0,-3.0,0
226,227,37.0,note,3.0,alto,70.0,37.5,Bb,,4,4,,yes,yes,F,n,I,_,I,_,1.0,M,Eb,3.0,M,Eb,3.0,M,3.0,5,5,_,-3.0,-3.0,0
227,228,37.0,note,4.0,soprn,75.0,37.5,Eb,,4,4,,yes,yes,R,n,I,_,I,_,1.0,M,Eb,3.0,M,Eb,3.0,M,3.0,1,1,_,-3.0,-3.0,0
228,229,37.5,note,1.0,bass,53.0,38.0,F,,4,4,,no,no,x,n,I,_,I,_,1.0,M,Eb,3.0,M,Eb,3.0,M,3.0,2,2,_,-3.0,-3.0,0
229,230,37.5,note,2.0,tenor,58.0,38.0,Bb,,4,4,,yes,no,F,n,I,_,I,_,1.0,M,Eb,3.0,M,Eb,3.0,M,3.0,5,5,_,-3.0,-3.0,0
230,231,37.5,note,3.0,alto,70.0,38.0,Bb,,4,4,,yes,no,F,n,I,_,I,_,1.0,M,Eb,3.0,M,Eb,3.0,M,3.0,5,5,_,-3.0,-3.0,0
231,232,37.5,note,4.0,soprn,75.0,38.0,Eb,,4,4,,yes,no,R,n,I,_,I,_,1.0,M,Eb,3.0,M,Eb,3.0,M,3.0,1,1,_,-3.0,-3.0,0
232,233,38.0,note,1.0,bass,51.0,38.5,Eb,,4,4,,no,yes,x,n,V,_,I,_,1.0,M,Eb,3.0,Mm7,Eb,3.0,M,10.0,1,1,_,-3.0,-3.0,0
233,234,38.0,note,2.0,tenor,58.0,38.5,Bb,,4,4,,yes,yes,R,n,V,_,I,_,1.0,M,Eb,3.0,Mm7,Eb,3.0,M,10.0,5,5,_,-3.0,-3.0,0
234,235,38.0,note,3.0,alto,68.0,38.5,Ab,,4,4,,yes,yes,S,n,V,_,I,_,1.0,M,Eb,3.0,Mm7,Eb,3.0,M,10.0,4,4,_,-3.0,-3.0,0
235,236,38.0,note,4.0,soprn,77.0,38.5,F,,4,4,,yes,yes,F,n,V,_,I,_,1.0,M,Eb,3.0,Mm7,Eb,3.0,M,10.0,2,2,_,-3.0,-3.0,0
236,237,38.5,note,1.0,bass,50.0,39.0,D,,4,4,,yes,no,T,y,V,_,I,_,1.0,M,Eb,3.0,Mm7,Eb,3.0,M,10.0,7,7,_,-3.0,-3.0,0
237,238,38.5,note,2.0,tenor,58.0,39.0,Bb,,4,4,,yes,no,R,n,V,_,I,_,1.0,M,Eb,3.0,Mm7,Eb,3.0,M,10.0,5,5,_,-3.0,-3.0,0
238,239,38.5,note,3.0,alto,68.0,39.0,Ab,,4,4,,yes,no,S,n,V,_,I,_,1.0,M,Eb,3.0,Mm7,Eb,3.0,M,10.0,4,4,_,-3.0,-3.0,0
239,240,38.5,note,4.0,soprn,77.0,39.0,F,,4,4,,yes,no,F,n,V,_,I,_,1.0,M,Eb,3.0,Mm7,Eb,3.0,M,10.0,2,2,_,-3.0,-3.0,0
240,241,39.0,note,1.0,bass,51.0,39.5,Eb,,4,4,,yes,yes,R,y,I,_,I,_,0.0,M,Eb,3.0,M,Eb,3.0,M,3.0,1,1,_,-3.0,-3.0,0
241,242,39.0,note,2.0,tenor,58.0,39.5,Bb,,4,4,,yes,yes,F,n,I,_,I,_,0.0,M,Eb,3.0,M,Eb,3.0,M,3.0,5,5,_,-3.0,-3.0,0
242,243,39.0,note,3.0,alto,67.0,39.5,G,,4,4,,yes,yes,T,n,I,_,I,_,0.0,M,Eb,3.0,M,Eb,3.0,M,3.0,3,3,_,-3.0,-3.0,0
243,244,39.0,note,4.0,soprn,75.0,39.5,Eb,,4,4,,yes,yes,R,y,I,_,I,_,0.0,M,Eb,3.0,M,Eb,3.0,M,3.0,1,1,_,-3.0,-3.0,0
244,245,39.5,note,1.0,bass,51.0,40.0,Eb,,4,4,,yes,no,R,y,I,_,I,_,0.0,M,Eb,3.0,M,Eb,3.0,M,3.0,1,1,_,-3.0,-3.0,0
245,246,39.5,note,2.0,tenor,58.0,40.0,Bb,,4,4,,yes,no,F,n,I,_,I,_,0.0,M,Eb,3.0,M,Eb,3.0,M,3.0,5,5,_,-3.0,-3.0,0
246,247,39.5,note,3.0,alto,67.0,40.0,G,,4,4,,yes,no,T,n,I,_,I,_,0.0,M,Eb,3.0,M,Eb,3.0,M,3.0,3,3,_,-3.0,-3.0,0
247,248,39.5,note,4.0,soprn,74.0,40.0,D,,4,4,,no,no,x,n,I,_,I,_,0.0,M,Eb,3.0,M,Eb,3.0,M,3.0,7,7,_,-3.0,-3.0,0
248,249,40.0,note,1.0,bass,53.0,40.5,F,,4,4,,yes,yes,R,y,II,_,I,_,0.0,M,Eb,3.0,m,Eb,3.0,M,5.0,2,2,_,-3.0,-3.0,0
249,250,40.0,note,2.0,tenor,65.0,40.5,F,,4,4,,yes,yes,R,y,II,_,I,_,0.0,M,Eb,3.0,m,Eb,3.0,M,5.0,2,2,_,-3.0,-3.0,0
250,251,40.0,note,3.0,alto,68.0,40.5,Ab,,4,4,,yes,yes,T,n,II,_,I,_,0.0,M,Eb,3.0,m,Eb,3.0,M,5.0,4,4,_,-3.0,-3.0,0
251,252,40.0,note,4.0,soprn,72.0,40.5,C,,4,4,,yes,yes,F,n,II,_,I,_,0.0,M,Eb,3.0,m,Eb,3.0,M,5.0,6,6,_,-3.0,-3.0,0
252,253,40.5,note,1.0,bass,53.0,41.0,F,,4,4,,yes,yes,T,y,VII,_,I,_,1.0,M,Eb,3.0,o,Eb,3.0,M,2.0,2,2,_,-3.0,-3.0,0
253,254,40.5,note,2.0,tenor,65.0,41.0,F,,4,4,,yes,yes,T,y,VII,_,I,_,1.0,M,Eb,3.0,o,Eb,3.0,M,2.0,2,2,_,-3.0,-3.0,0
254,255,40.5,note,3.0,alto,68.0,41.0,Ab,,4,4,,yes,yes,F,n,VII,_,I,_,1.0,M,Eb,3.0,o,Eb,3.0,M,2.0,4,4,_,-3.0,-3.0,0
255,256,40.5,note,4.0,soprn,74.0,41.0,D,,4,4,,yes,yes,R,n,VII,_,I,_,1.0,M,Eb,3.0,o,Eb,3.0,M,2.0,7,7,_,-3.0,-3.0,0
256,257,41.0,bar,,,,45.0,,,4,4,,na,na,na,na,na,na,na,na,,na,na,,na,na,,na,,na,na,na,,,0
257,258,41.0,note,1.0,bass,55.0,41.5,G,,4,4,,yes,yes,T,y,I,_,I,_,1.0,M,Eb,3.0,M,Eb,3.0,M,3.0,3,3,_,-3.0,-3.0,0
258,259,41.0,note,2.0,tenor,63.0,41.5,Eb,,4,4,,yes,yes,R,n,I,_,I,_,1.0,M,Eb,3.0,M,Eb,3.0,M,3.0,1,1,_,-3.0,-3.0,0
259,260,41.0,note,3.0,alto,70.0,41.5,Bb,,4,4,,yes,yes,F,n,I,_,I,_,1.0,M,Eb,3.0,M,Eb,3.0,M,3.0,5,5,_,-3.0,-3.0,0
260,261,41.0,note,4.0,soprn,75.0,41.5,Eb,,4,4,,yes,yes,R,n,I,_,I,_,1.0,M,Eb,3.0,M,Eb,3.0,M,3.0,1,1,_,-3.0,-3.0,0
261,262,41.5,note,1.0,bass,55.0,42.0,G,,4,4,,yes,no,T,y,I,_,I,_,1.0,M,Eb,3.0,M,Eb,3.0,M,3.0,3,3,_,-3.0,-3.0,0
262,263,41.5,note,2.0,tenor,62.0,42.0,D,,4,4,,no,no,x,n,I,_,I,_,1.0,M,Eb,3.0,M,Eb,3.0,M,3.0,7,7,_,-3.0,-3.0,0
263,264,41.5,note,3.0,alto,70.0,42.0,Bb,,4,4,,yes,no,F,n,I,_,I,_,1.0,M,Eb,3.0,M,Eb,3.0,M,3.0,5,5,_,-3.0,-3.0,0
264,265,41.5,note,4.0,soprn,79.0,42.0,G,,4,4,,yes,no,T,y,I,_,I,_,1.0,M,Eb,3.0,M,Eb,3.0,M,3.0,3,3,_,-3.0,-3.0,0
265,266,42.0,note,1.0,bass,57.0,43.0,A,,4,4,,yes,yes,T,y,V,_,V,_,1.0,M,Eb,3.0,M,Bb,10.0,M,5.0,#4,4,#,-3.0,-2.0,1
266,267,42.0,note,2.0,tenor,60.0,43.0,C,,4,4,,yes,yes,F,n,V,_,V,_,1.0,M,Eb,3.0,M,Bb,10.0,M,5.0,6,6,_,-3.0,-2.0,1
267,268,42.0,note,3.0,alto,72.0,43.0,C,,4,4,,yes,yes,F,n,V,_,V,_,1.0,M,Eb,3.0,M,Bb,10.0,M,5.0,6,6,_,-3.0,-2.0,1
268,269,42.0,note,4.0,soprn,77.0,43.0,F,,4,4,,yes,yes,R,n,V,_,V,_,1.0,M,Eb,3.0,M,Bb,10.0,M,5.0,2,2,_,-3.0,-2.0,1
269,270,43.0,note,1.0,bass,58.0,44.0,Bb,,4,4,,yes,yes,R,y,V,_,I,_,0.0,M,Eb,3.0,M,Eb,3.0,M,10.0,5,5,_,-3.0,-3.0,0
270,271,43.0,note,2.0,tenor,65.0,44.0,F,,4,4,,yes,yes,F,n,V,_,I,_,0.0,M,Eb,3.0,M,Eb,3.0,M,10.0,2,2,_,-3.0,-3.0,0
271,272,43.0,note,3.0,alto,70.0,44.0,Bb,,4,4,,yes,yes,R,y,V,_,I,_,0.0,M,Eb,3.0,M,Eb,3.0,M,10.0,5,5,_,-3.0,-3.0,0
272,273,43.0,note,4.0,soprn,74.0,44.0,D,,4,4,,yes,yes,T,n,V,_,I,_,0.0,M,Eb,3.0,M,Eb,3.0,M,10.0,7,7,_,-3.0,-3.0,0
273,274,44.0,note,1.0,bass,51.0,45.0,Eb,,4,4,,yes,yes,R,y,I,_,I,_,0.0,M,Eb,3.0,M,Eb,3.0,M,3.0,1,1,_,-3.0,-3.0,0
274,275,44.0,note,2.0,tenor,63.0,45.0,Eb,,4,4,,yes,yes,R,y,I,_,I,_,0.0,M,Eb,3.0,M,Eb,3.0,M,3.0,1,1,_,-3.0,-3.0,0
275,276,44.0,note,3.0,alto,70.0,45.0,Bb,,4,4,,yes,yes,F,n,I,_,I,_,0.0,M,Eb,3.0,M,Eb,3.0,M,3.0,5,5,_,-3.0,-3.0,0
276,277,44.0,note,4.0,soprn,79.0,45.0,G,,4,4,,yes,yes,T,n,I,_,I,_,0.0,M,Eb,3.0,M,Eb,3.0,M,3.0,3,3,_,-3.0,-3.0,0
277,278,45.0,bar,,,,49.0,,,4,4,,na,na,na,na,na,na,na,na,,na,na,,na,na,,na,,na,na,na,,,0
278,279,45.0,note,1.0,bass,63.0,45.5,Eb,,4,4,"279,280",yes,no,R,y,I,_,I,_,0.0,M,Eb,3.0,M,Eb,3.0,M,3.0,1,1,_,-3.0,-3.0,0
279,281,45.0,note,3.0,alto,70.0,45.5,Bb,,4,4,,yes,no,F,n,I,_,I,_,0.0,M,Eb,3.0,M,Eb,3.0,M,3.0,5,5,_,-3.0,-3.0,0
280,282,45.0,note,4.0,soprn,79.0,45.5,G,,4,4,,yes,no,T,n,I,_,I,_,0.0,M,Eb,3.0,M,Eb,3.0,M,3.0,3,3,_,-3.0,-3.0,0
281,283,45.5,note,1.0,bass,62.0,46.0,D,,4,4,,no,no,x,n,I,_,I,_,0.0,M,Eb,3.0,M,Eb,3.0,M,3.0,7,7,_,-3.0,-3.0,0
282,284,45.5,note,2.0,tenor,63.0,46.0,Eb,,4,4,,yes,no,R,y,I,_,I,_,0.0,M,Eb,3.0,M,Eb,3.0,M,3.0,1,1,_,-3.0,-3.0,0
283,285,45.5,note,3.0,alto,70.0,46.0,Bb,,4,4,,yes,no,F,n,I,_,I,_,0.0,M,Eb,3.0,M,Eb,3.0,M,3.0,5,5,_,-3.0,-3.0,0
284,286,45.5,note,4.0,soprn,79.0,46.0,G,,4,4,,yes,no,T,n,I,_,I,_,0.0,M,Eb,3.0,M,Eb,3.0,M,3.0,3,3,_,-3.0,-3.0,0
285,287,46.0,note,1.0,bass,60.0,46.5,C,,4,4,,yes,yes,R,y,VI,_,I,_,0.0,M,Eb,3.0,m,Eb,3.0,M,0.0,6,6,_,-3.0,-3.0,0
286,288,46.0,note,2.0,tenor,63.0,46.5,Eb,,4,4,,yes,yes,T,n,VI,_,I,_,0.0,M,Eb,3.0,m,Eb,3.0,M,0.0,1,1,_,-3.0,-3.0,0
287,289,46.0,note,3.0,alto,72.0,46.5,C,,4,4,,yes,yes,R,y,VI,_,I,_,0.0,M,Eb,3.0,m,Eb,3.0,M,0.0,6,6,_,-3.0,-3.0,0
288,290,46.0,note,4.0,soprn,79.0,46.5,G,,4,4,,yes,yes,F,n,VI,_,I,_,0.0,M,Eb,3.0,m,Eb,3.0,M,0.0,3,3,_,-3.0,-3.0,0
289,291,46.5,note,1.0,bass,58.0,47.0,Bb,,4,4,,no,no,x,n,VI,_,I,_,0.0,M,Eb,3.0,m,Eb,3.0,M,0.0,5,5,_,-3.0,-3.0,0
290,292,46.5,note,2.0,tenor,63.0,47.0,Eb,,4,4,,yes,no,T,n,VI,_,I,_,0.0,M,Eb,3.0,m,Eb,3.0,M,0.0,1,1,_,-3.0,-3.0,0
291,293,46.5,note,3.0,alto,72.0,47.0,C,,4,4,,yes,no,R,y,VI,_,I,_,0.0,M,Eb,3.0,m,Eb,3.0,M,0.0,6,6,_,-3.0,-3.0,0
292,294,46.5,note,4.0,soprn,79.0,47.0,G,,4,4,,yes,no,F,n,VI,_,I,_,0.0,M,Eb,3.0,m,Eb,3.0,M,0.0,3,3,_,-3.0,-3.0,0
293,295,47.0,note,1.0,bass,56.0,47.5,Ab,,4,4,,yes,yes,T,y,II,_,I,_,1.0,M,Eb,3.0,m,Eb,3.0,M,5.0,4,4,_,-3.0,-3.0,0
294,296,47.0,note,2.0,tenor,65.0,47.5,F,,4,4,,yes,yes,R,n,II,_,I,_,1.0,M,Eb,3.0,m,Eb,3.0,M,5.0,2,2,_,-3.0,-3.0,0
295,297,47.0,note,3.0,alto,72.0,47.5,C,,4,4,,yes,yes,F,n,II,_,I,_,1.0,M,Eb,3.0,m,Eb,3.0,M,5.0,6,6,_,-3.0,-3.0,0
296,298,47.0,note,4.0,soprn,77.0,47.5,F,,4,4,,yes,yes,R,n,II,_,I,_,1.0,M,Eb,3.0,m,Eb,3.0,M,5.0,2,2,_,-3.0,-3.0,0
297,299,47.5,note,1.0,bass,58.0,48.0,Bb,,4,4,,no,no,x,n,II,_,I,_,1.0,M,Eb,3.0,m,Eb,3.0,M,5.0,5,5,_,-3.0,-3.0,0
298,300,47.5,note,2.0,tenor,65.0,48.0,F,,4,4,,yes,no,R,n,II,_,I,_,1.0,M,Eb,3.0,m,Eb,3.0,M,5.0,2,2,_,-3.0,-3.0,0
299,301,47.5,note,3.0,alto,72.0,48.0,C,,4,4,,yes,no,F,n,II,_,I,_,1.0,M,Eb,3.0,m,Eb,3.0,M,5.0,6,6,_,-3.0,-3.0,0
300,302,47.5,note,4.0,soprn,77.0,48.0,F,,4,4,,yes,no,R,n,II,_,I,_,1.0,M,Eb,3.0,m,Eb,3.0,M,5.0,2,2,_,-3.0,-3.0,0
301,303,48.0,note,1.0,bass,60.0,48.5,C,,4,4,,yes,yes,F,n,II,_,I,_,0.0,M,Eb,3.0,m,Eb,3.0,M,5.0,6,6,_,-3.0,-3.0,0
302,304,48.0,note,2.0,tenor,65.0,48.5,F,,4,4,,yes,yes,R,y,II,_,I,_,0.0,M,Eb,3.0,m,Eb,3.0,M,5.0,2,2,_,-3.0,-3.0,0
303,305,48.0,note,3.0,alto,68.0,48.5,Ab,,4,4,,yes,yes,T,n,II,_,I,_,0.0,M,Eb,3.0,m,Eb,3.0,M,5.0,4,4,_,-3.0,-3.0,0
304,306,48.0,note,4.0,soprn,75.0,48.5,Eb,,4,4,,no,yes,x,n,II,_,I,_,0.0,M,Eb,3.0,m,Eb,3.0,M,5.0,1,1,_,-3.0,-3.0,0
305,307,48.5,note,1.0,bass,56.0,49.0,Ab,,4,4,,yes,yes,T,y,II,_,I,_,1.0,M,Eb,3.0,m7,Eb,3.0,M,5.0,4,4,_,-3.0,-3.0,0
306,308,48.5,note,2.0,tenor,65.0,49.0,F,,4,4,,yes,yes,R,n,II,_,I,_,1.0,M,Eb,3.0,m7,Eb,3.0,M,5.0,2,2,_,-3.0,-3.0,0
307,309,48.5,note,3.0,alto,68.0,49.0,Ab,,4,4,,yes,yes,T,y,II,_,I,_,1.0,M,Eb,3.0,m7,Eb,3.0,M,5.0,4,4,_,-3.0,-3.0,0
308,310,48.5,note,4.0,soprn,75.0,49.0,Eb,,4,4,,yes,yes,S,n,II,_,I,_,1.0,M,Eb,3.0,m7,Eb,3.0,M,5.0,1,1,_,-3.0,-3.0,0
309,311,49.0,bar,,,,53.0,,,4,4,,na,na,na,na,na,na,na,na,,na,na,,na,na,,na,,na,na,na,,,0
310,312,49.0,note,1.0,bass,58.0,50.0,Bb,,4,4,"312,313",yes,yes,F,y,I,_,I,_,2.0,M,Eb,3.0,M,Eb,3.0,M,3.0,5,5,_,-3.0,-3.0,0
311,314,49.0,note,3.0,alto,67.0,50.0,G,,4,4,,yes,yes,T,n,I,_,I,_,2.0,M,Eb,3.0,M,Eb,3.0,M,3.0,3,3,_,-3.0,-3.0,0
312,315,49.0,note,4.0,soprn,75.0,50.0,Eb,,4,4,,yes,yes,R,n,I,_,I,_,2.0,M,Eb,3.0,M,Eb,3.0,M,3.0,1,1,_,-3.0,-3.0,0
313,316,50.0,note,1.0,bass,46.0,51.0,Bb,,4,4,,yes,yes,R,y,V,_,I,_,0.0,M,Eb,3.0,M,Eb,3.0,M,10.0,5,5,_,-3.0,-3.0,0
314,317,50.0,note,2.0,tenor,58.0,51.0,Bb,,4,4,,yes,yes,R,y,V,_,I,_,0.0,M,Eb,3.0,M,Eb,3.0,M,10.0,5,5,_,-3.0,-3.0,0
315,318,50.0,note,3.0,alto,65.0,51.0,F,,4,4,,yes,yes,F,n,V,_,I,_,0.0,M,Eb,3.0,M,Eb,3.0,M,10.0,2,2,_,-3.0,-3.0,0
316,319,50.0,note,4.0,soprn,74.0,51.0,D,,4,4,,yes,yes,T,n,V,_,I,_,0.0,M,Eb,3.0,M,Eb,3.0,M,10.0,7,7,_,-3.0,-3.0,0
317,320,51.0,note,1.0,bass,51.0,52.0,Eb,,4,4,,yes,yes,R,y,I,_,I,_,0.0,M,Eb,3.0,M,Eb,3.0,M,3.0,1,1,_,-3.0,-3.0,0
318,321,51.0,note,2.0,tenor,58.0,52.0,Bb,,4,4,,yes,yes,F,n,I,_,I,_,0.0,M,Eb,3.0,M,Eb,3.0,M,3.0,5,5,_,-3.0,-3.0,0
319,322,51.0,note,3.0,alto,67.0,52.0,G,,4,4,,yes,yes,T,n,I,_,I,_,0.0,M,Eb,3.0,M,Eb,3.0,M,3.0,3,3,_,-3.0,-3.0,0
320,323,51.0,note,4.0,soprn,75.0,52.0,Eb,,4,4,,yes,yes,R,y,I,_,I,_,0.0,M,Eb,3.0,M,Eb,3.0,M,3.0,1,1,_,-3.0,-3.0,0
321,324,52.0,note,1.0,bass,53.0,53.0,F,,4,4,,yes,yes,T,y,VII,_,I,_,1.0,M,Eb,3.0,o,Eb,3.0,M,2.0,2,2,_,-3.0,-3.0,0
322,325,52.0,note,2.0,tenor,65.0,53.0,F,,4,4,,yes,yes,T,y,VII,_,I,_,1.0,M,Eb,3.0,o,Eb,3.0,M,2.0,2,2,_,-3.0,-3.0,0
323,326,52.0,note,3.0,alto,68.0,53.0,Ab,,4,4,,yes,yes,F,n,VII,_,I,_,1.0,M,Eb,3.0,o,Eb,3.0,M,2.0,4,4,_,-3.0,-3.0,0
324,327,52.0,note,4.0,soprn,74.0,53.0,D,,4,4,,yes,yes,R,n,VII,_,I,_,1.0,M,Eb,3.0,o,Eb,3.0,M,2.0,7,7,_,-3.0,-3.0,0
325,328,53.0,bar,,,,57.0,,,4,4,,na,na,na,na,na,na,na,na,,na,na,,na,na,,na,,na,na,na,,,0
326,329,53.0,note,1.0,bass,55.0,53.5,G,,4,4,,yes,yes,T,y,I,_,I,_,1.0,M,Eb,3.0,M,Eb,3.0,M,3.0,3,3,_,-3.0,-3.0,0
327,330,53.0,note,2.0,tenor,58.0,53.5,Bb,,4,4,,yes,yes,F,n,I,_,I,_,1.0,M,Eb,3.0,M,Eb,3.0,M,3.0,5,5,_,-3.0,-3.0,0
328,331,53.0,note,3.0,alto,67.0,53.5,G,,4,4,,yes,yes,T,y,I,_,I,_,1.0,M,Eb,3.0,M,Eb,3.0,M,3.0,3,3,_,-3.0,-3.0,0
329,332,53.0,note,4.0,soprn,75.0,53.5,Eb,,4,4,,yes,yes,R,n,I,_,I,_,1.0,M,Eb,3.0,M,Eb,3.0,M,3.0,1,1,_,-3.0,-3.0,0
330,333,53.5,note,1.0,bass,57.0,54.0,A,,4,4,,yes,yes,R,y,VII,_,I,_,0.0,M,Bb,10.0,o,Bb,10.0,M,9.0,7,7,_,-2.0,-2.0,0
331,334,53.5,note,2.0,tenor,60.0,54.0,C,,4,4,,yes,yes,T,n,VII,_,I,_,0.0,M,Bb,10.0,o,Bb,10.0,M,9.0,2,2,_,-2.0,-2.0,0
332,335,53.5,note,3.0,alto,67.0,54.0,G,,4,4,,no,yes,x,n,VII,_,I,_,0.0,M,Bb,10.0,o,Bb,10.0,M,9.0,6,6,_,-2.0,-2.0,0
333,336,53.5,note,4.0,soprn,75.0,54.0,Eb,,4,4,,yes,yes,F,n,VII,_,I,_,0.0,M,Bb,10.0,o,Bb,10.0,M,9.0,4,4,_,-2.0,-2.0,0
334,337,54.0,note,1.0,bass,58.0,54.5,Bb,,4,4,,yes,yes,R,y,I,_,I,_,0.0,M,Bb,10.0,M,Bb,10.0,M,10.0,1,1,_,-2.0,-2.0,0
335,338,54.0,note,2.0,tenor,62.0,54.5,D,,4,4,,yes,yes,T,n,I,_,I,_,0.0,M,Bb,10.0,M,Bb,10.0,M,10.0,3,3,_,-2.0,-2.0,0
336,339,54.0,note,3.0,alto,65.0,54.5,F,,4,4,,yes,yes,F,n,I,_,I,_,0.0,M,Bb,10.0,M,Bb,10.0,M,10.0,5,5,_,-2.0,-2.0,0
337,340,54.0,note,4.0,soprn,74.0,54.5,D,,4,4,,yes,yes,T,n,I,_,I,_,0.0,M,Bb,10.0,M,Bb,10.0,M,10.0,3,3,_,-2.0,-2.0,0
338,341,54.5,note,1.0,bass,55.0,55.0,G,,4,4,,yes,yes,R,y,VI,_,I,_,0.0,M,Bb,10.0,m,Bb,10.0,M,7.0,6,6,_,-2.0,-2.0,0
339,342,54.5,note,2.0,tenor,62.0,55.0,D,,4,4,,yes,yes,F,n,VI,_,I,_,0.0,M,Bb,10.0,m,Bb,10.0,M,7.0,3,3,_,-2.0,-2.0,0
340,343,54.5,note,3.0,alto,70.0,55.0,Bb,,4,4,,yes,yes,T,n,VI,_,I,_,0.0,M,Bb,10.0,m,Bb,10.0,M,7.0,1,1,_,-2.0,-2.0,0
341,344,54.5,note,4.0,soprn,74.0,55.0,D,,4,4,,yes,yes,F,n,VI,_,I,_,0.0,M,Bb,10.0,m,Bb,10.0,M,7.0,3,3,_,-2.0,-2.0,0
342,345,55.0,note,1.0,bass,51.0,55.5,Eb,,4,4,,yes,yes,T,y,II,_,I,_,1.0,M,Bb,10.0,m,Bb,10.0,M,0.0,4,4,_,-2.0,-2.0,0
343,346,55.0,note,2.0,tenor,63.0,55.5,Eb,,4,4,,yes,yes,T,y,II,_,I,_,1.0,M,Bb,10.0,m,Bb,10.0,M,0.0,4,4,_,-2.0,-2.0,0
344,347,55.0,note,3.0,alto,67.0,55.5,G,,4,4,,yes,yes,F,n,II,_,I,_,1.0,M,Bb,10.0,m,Bb,10.0,M,0.0,6,6,_,-2.0,-2.0,0
345,348,55.0,note,4.0,soprn,72.0,55.5,C,,4,4,,yes,yes,R,n,II,_,I,_,1.0,M,Bb,10.0,m,Bb,10.0,M,0.0,2,2,_,-2.0,-2.0,0
346,349,55.5,note,1.0,bass,53.0,56.0,F,,4,4,,no,no,x,n,II,_,I,_,1.0,M,Bb,10.0,m,Bb,10.0,M,0.0,5,5,_,-2.0,-2.0,0
347,350,55.5,note,2.0,tenor,63.0,56.0,Eb,,4,4,,yes,no,T,y,II,_,I,_,1.0,M,Bb,10.0,m,Bb,10.0,M,0.0,4,4,_,-2.0,-2.0,0
348,351,55.5,note,3.0,alto,67.0,56.0,G,,4,4,,yes,no,F,n,II,_,I,_,1.0,M,Bb,10.0,m,Bb,10.0,M,0.0,6,6,_,-2.0,-2.0,0
349,352,55.5,note,4.0,soprn,72.0,56.0,C,,4,4,,yes,no,R,n,II,_,I,_,1.0,M,Bb,10.0,m,Bb,10.0,M,0.0,2,2,_,-2.0,-2.0,0
350,353,56.0,note,1.0,bass,55.0,56.5,G,,4,4,,yes,yes,R,y,VI,_,I,_,0.0,M,Bb,10.0,m,Bb,10.0,M,7.0,6,6,_,-2.0,-2.0,0
351,354,56.0,note,2.0,tenor,62.0,56.5,D,,4,4,,yes,yes,F,n,VI,_,I,_,0.0,M,Bb,10.0,m,Bb,10.0,M,7.0,3,3,_,-2.0,-2.0,0
352,355,56.0,note,3.0,alto,67.0,56.5,G,,4,4,,yes,yes,R,y,VI,_,I,_,0.0,M,Bb,10.0,m,Bb,10.0,M,7.0,6,6,_,-2.0,-2.0,0
353,356,56.0,note,4.0,soprn,70.0,56.5,Bb,,4,4,,yes,yes,T,n,VI,_,I,_,0.0,M,Bb,10.0,m,Bb,10.0,M,7.0,1,1,_,-2.0,-2.0,0
354,357,56.5,note,1.0,bass,51.0,57.0,Eb,,4,4,,no,no,x,n,VI,_,I,_,0.0,M,Bb,10.0,m,Bb,10.0,M,7.0,4,4,_,-2.0,-2.0,0
355,358,56.5,note,2.0,tenor,62.0,57.0,D,,4,4,,yes,no,F,n,VI,_,I,_,0.0,M,Bb,10.0,m,Bb,10.0,M,7.0,3,3,_,-2.0,-2.0,0
356,359,56.5,note,3.0,alto,67.0,57.0,G,,4,4,,yes,no,R,y,VI,_,I,_,0.0,M,Bb,10.0,m,Bb,10.0,M,7.0,6,6,_,-2.0,-2.0,0
357,360,56.5,note,4.0,soprn,70.0,57.0,Bb,,4,4,,yes,no,T,n,VI,_,I,_,0.0,M,Bb,10.0,m,Bb,10.0,M,7.0,1,1,_,-2.0,-2.0,0
358,361,57.0,bar,,,,61.0,,,4,4,,na,na,na,na,na,na,na,na,,na,na,,na,na,,na,,na,na,na,,,0
359,362,57.0,note,1.0,bass,48.0,57.5,C,,4,4,,yes,yes,R,y,II,_,I,_,0.0,M,Bb,10.0,m,Bb,10.0,M,0.0,2,2,_,-2.0,-2.0,0
360,363,57.0,note,2.0,tenor,63.0,57.5,Eb,,4,4,,yes,yes,T,n,II,_,I,_,0.0,M,Bb,10.0,m,Bb,10.0,M,0.0,4,4,_,-2.0,-2.0,0
361,364,57.0,note,3.0,alto,67.0,57.5,G,,4,4,,yes,yes,F,n,II,_,I,_,0.0,M,Bb,10.0,m,Bb,10.0,M,0.0,6,6,_,-2.0,-2.0,0
362,365,57.0,note,4.0,soprn,70.0,57.5,Bb,,4,4,,no,yes,x,n,II,_,I,_,0.0,M,Bb,10.0,m,Bb,10.0,M,0.0,1,1,_,-2.0,-2.0,0
363,366,57.5,note,1.0,bass,48.0,58.0,C,,4,4,,yes,no,R,y,II,_,I,_,0.0,M,Bb,10.0,m,Bb,10.0,M,0.0,2,2,_,-2.0,-2.0,0
364,367,57.5,note,2.0,tenor,62.0,58.0,D,,4,4,,no,no,x,n,II,_,I,_,0.0,M,Bb,10.0,m,Bb,10.0,M,0.0,3,3,_,-2.0,-2.0,0
365,368,57.5,note,3.0,alto,67.0,58.0,G,,4,4,,yes,no,F,n,II,_,I,_,0.0,M,Bb,10.0,m,Bb,10.0,M,0.0,6,6,_,-2.0,-2.0,0
366,369,57.5,note,4.0,soprn,70.0,58.0,Bb,,4,4,,no,no,x,n,II,_,I,_,0.0,M,Bb,10.0,m,Bb,10.0,M,0.0,1,1,_,-2.0,-2.0,0
367,370,58.0,note,1.0,bass,53.0,59.0,F,,4,4,,yes,yes,R,y,V,_,I,_,0.0,M,Bb,10.0,M,Bb,10.0,M,5.0,5,5,_,-2.0,-2.0,0
368,371,58.0,note,2.0,tenor,60.0,59.0,C,,4,4,,yes,yes,F,n,V,_,I,_,0.0,M,Bb,10.0,M,Bb,10.0,M,5.0,2,2,_,-2.0,-2.0,0
369,372,58.0,note,3.0,alto,65.0,59.0,F,,4,4,,yes,yes,R,y,V,_,I,_,0.0,M,Bb,10.0,M,Bb,10.0,M,5.0,5,5,_,-2.0,-2.0,0
370,373,58.0,note,4.0,soprn,69.0,59.0,A,,4,4,,yes,yes,T,n,V,_,I,_,0.0,M,Bb,10.0,M,Bb,10.0,M,5.0,7,7,_,-2.0,-2.0,0
371,374,59.0,note,1.0,bass,46.0,60.0,Bb,,4,4,,yes,yes,R,y,I,_,I,_,0.0,M,Bb,10.0,M,Bb,10.0,M,10.0,1,1,_,-2.0,-2.0,0
372,375,59.0,note,2.0,tenor,62.0,60.0,D,,4,4,,yes,yes,T,n,I,_,I,_,0.0,M,Bb,10.0,M,Bb,10.0,M,10.0,3,3,_,-2.0,-2.0,0
373,376,59.0,note,3.0,alto,65.0,60.0,F,,4,4,,yes,yes,F,n,I,_,I,_,0.0,M,Bb,10.0,M,Bb,10.0,M,10.0,5,5,_,-2.0,-2.0,0
374,377,59.0,note,4.0,soprn,70.0,60.0,Bb,,4,4,,yes,yes,R,y,I,_,I,_,0.0,M,Bb,10.0,M,Bb,10.0,M,10.0,1,1,_,-2.0,-2.0,0
375,378,60.0,note,1.0,bass,51.0,60.5,Eb,,4,4,,yes,yes,R,y,IV,_,I,_,0.0,M,Bb,10.0,M,Bb,10.0,M,3.0,4,4,_,-2.0,-2.0,0
376,379,60.0,note,2.0,tenor,58.0,60.5,Bb,,4,4,,yes,yes,F,n,IV,_,I,_,0.0,M,Bb,10.0,M,Bb,10.0,M,3.0,1,1,_,-2.0,-2.0,0
377,380,60.0,note,3.0,alto,63.0,60.5,Eb,,4,4,,yes,yes,R,y,IV,_,I,_,0.0,M,Bb,10.0,M,Bb,10.0,M,3.0,4,4,_,-2.0,-2.0,0
378,381,60.0,note,4.0,soprn,79.0,60.5,G,,4,4,,yes,yes,T,n,IV,_,I,_,0.0,M,Bb,10.0,M,Bb,10.0,M,3.0,6,6,_,-2.0,-2.0,0
379,382,60.5,note,1.0,bass,51.0,61.0,Eb,,4,4,,yes,no,R,y,IV,_,I,_,0.0,M,Bb,10.0,M,Bb,10.0,M,3.0,4,4,_,-2.0,-2.0,0
380,383,60.5,note,2.0,tenor,60.0,61.0,C,,4,4,,no,no,x,n,IV,_,I,_,0.0,M,Bb,10.0,M,Bb,10.0,M,3.0,2,2,_,-2.0,-2.0,0
381,384,60.5,note,3.0,alto,63.0,61.0,Eb,,4,4,,yes,no,R,y,IV,_,I,_,0.0,M,Bb,10.0,M,Bb,10.0,M,3.0,4,4,_,-2.0,-2.0,0
382,385,60.5,note,4.0,soprn,79.0,61.0,G,,4,4,,yes,no,T,n,IV,_,I,_,0.0,M,Bb,10.0,M,Bb,10.0,M,3.0,6,6,_,-2.0,-2.0,0
383,386,61.0,bar,,,,65.0,,,4,4,,na,na,na,na,na,na,na,na,,na,na,,na,na,,na,,na,na,na,,,0
384,387,61.0,note,1.0,bass,58.0,61.5,Bb,,4,4,,yes,yes,R,y,V,_,I,_,0.0,M,Eb,3.0,M,Eb,3.0,M,10.0,5,5,_,-3.0,-3.0,0
385,388,61.0,note,2.0,tenor,62.0,61.5,D,,4,4,,yes,yes,T,n,V,_,I,_,0.0,M,Eb,3.0,M,Eb,3.0,M,10.0,7,7,_,-3.0,-3.0,0
386,389,61.0,note,3.0,alto,65.0,61.5,F,,4,4,,yes,yes,F,n,V,_,I,_,0.0,M,Eb,3.0,M,Eb,3.0,M,10.0,2,2,_,-3.0,-3.0,0
387,390,61.0,note,4.0,soprn,77.0,61.5,F,,4,4,,yes,yes,F,n,V,_,I,_,0.0,M,Eb,3.0,M,Eb,3.0,M,10.0,2,2,_,-3.0,-3.0,0
388,391,61.5,note,1.0,bass,59.0,61.75,B,,4,4,,no,no,x,n,V,_,I,_,0.0,M,Eb,3.0,M,Eb,3.0,M,10.0,#5,5,#,-3.0,-3.0,0
389,392,61.5,note,2.0,tenor,62.0,61.75,D,,4,4,,yes,no,T,n,V,_,I,_,0.0,M,Eb,3.0,M,Eb,3.0,M,10.0,7,7,_,-3.0,-3.0,0
390,393,61.5,note,3.0,alto,67.0,61.75,G,,4,4,,no,no,x,n,V,_,I,_,0.0,M,Eb,3.0,M,Eb,3.0,M,10.0,3,3,_,-3.0,-3.0,0
391,394,61.5,note,4.0,soprn,77.0,61.75,F,,4,4,,yes,no,F,n,V,_,I,_,0.0,M,Eb,3.0,M,Eb,3.0,M,10.0,2,2,_,-3.0,-3.0,0
392,395,61.75,note,1.0,bass,59.0,62.0,B,,4,4,,no,yes,x,n,V,_,I,_,0.0,M,Eb,3.0,Mm7,Eb,3.0,M,10.0,#5,5,#,-3.0,-3.0,0
393,396,61.75,note,2.0,tenor,62.0,62.0,D,,4,4,,yes,yes,T,n,V,_,I,_,0.0,M,Eb,3.0,Mm7,Eb,3.0,M,10.0,7,7,_,-3.0,-3.0,0
394,397,61.75,note,3.0,alto,68.0,62.0,Ab,,4,4,,yes,yes,S,n,V,_,I,_,0.0,M,Eb,3.0,Mm7,Eb,3.0,M,10.0,4,4,_,-3.0,-3.0,0
395,398,61.75,note,4.0,soprn,77.0,62.0,F,,4,4,,yes,yes,F,n,V,_,I,_,0.0,M,Eb,3.0,Mm7,Eb,3.0,M,10.0,2,2,_,-3.0,-3.0,0
396,399,62.0,note,1.0,bass,60.0,62.5,C,,4,4,,yes,yes,R,y,VI,_,I,_,0.0,M,Eb,3.0,m,Eb,3.0,M,0.0,6,6,_,-3.0,-3.0,0
397,400,62.0,note,2.0,tenor,63.0,62.5,Eb,,4,4,,yes,yes,T,n,VI,_,I,_,0.0,M,Eb,3.0,m,Eb,3.0,M,0.0,1,1,_,-3.0,-3.0,0
398,401,62.0,note,3.0,alto,67.0,62.5,G,,4,4,,yes,yes,F,n,VI,_,I,_,0.0,M,Eb,3.0,m,Eb,3.0,M,0.0,3,3,_,-3.0,-3.0,0
399,402,62.0,note,4.0,soprn,75.0,62.5,Eb,,4,4,,yes,yes,T,n,VI,_,I,_,0.0,M,Eb,3.0,m,Eb,3.0,M,0.0,1,1,_,-3.0,-3.0,0
400,403,62.5,note,1.0,bass,60.0,63.0,C,,4,4,"403,404",yes,no,R,y,VI,_,I,_,0.0,M,Eb,3.0,m,Eb,3.0,M,0.0,6,6,_,-3.0,-3.0,0
401,405,62.5,note,3.0,alto,69.0,63.0,A,,4,4,,no,no,x,n,VI,_,I,_,0.0,M,Eb,3.0,m,Eb,3.0,M,0.0,#4,4,#,-3.0,-3.0,0
402,406,62.5,note,4.0,soprn,75.0,63.0,Eb,,4,4,,yes,no,T,n,VI,_,I,_,0.0,M,Eb,3.0,m,Eb,3.0,M,0.0,1,1,_,-3.0,-3.0,0
403,407,63.0,note,1.0,bass,55.0,64.0,G,,4,4,,yes,yes,R,y,V,_,I,_,0.0,m,c,0.0,M,c,0.0,m,7.0,5,5,_,-3.0,-3.0,0
404,408,63.0,note,2.0,tenor,67.0,64.0,G,,4,4,,yes,yes,R,y,V,_,I,_,0.0,m,c,0.0,M,c,0.0,m,7.0,5,5,_,-3.0,-3.0,0
405,409,63.0,note,3.0,alto,71.0,64.0,B,,4,4,,yes,yes,T,n,V,_,I,_,0.0,m,c,0.0,M,c,0.0,m,7.0,#7,7,#,-3.0,-3.0,0
406,410,63.0,note,4.0,soprn,74.0,64.0,D,,4,4,,yes,yes,F,n,V,_,I,_,0.0,m,c,0.0,M,c,0.0,m,7.0,2,2,_,-3.0,-3.0,0
407,411,64.0,note,1.0,bass,52.0,65.0,E,,4,4,,yes,yes,T,y,V,_,IV,_,1.0,m,c,0.0,M,f,5.0,m,0.0,#3,3,#,-3.0,-4.0,1
408,412,64.0,note,2.0,tenor,60.0,65.0,C,,4,4,,yes,yes,R,n,V,_,IV,_,1.0,m,c,0.0,M,f,5.0,m,0.0,1,1,_,-3.0,-4.0,1
409,413,64.0,note,3.0,alto,72.0,65.0,C,,4,4,,yes,yes,R,n,V,_,IV,_,1.0,m,c,0.0,M,f,5.0,m,0.0,1,1,_,-3.0,-4.0,1
410,414,64.0,note,4.0,soprn,79.0,65.0,G,,4,4,,yes,yes,F,n,V,_,IV,_,1.0,m,c,0.0,M,f,5.0,m,0.0,5,5,_,-3.0,-4.0,1
411,415,65.0,bar,,,,69.0,,,4,4,,na,na,na,na,na,na,na,na,,na,na,,na,na,,na,,na,na,na,,,0
412,416,65.0,note,1.0,bass,53.0,65.5,F,,4,4,,yes,yes,R,y,IV,_,I,_,0.0,m,c,0.0,m,c,0.0,m,5.0,4,4,_,-3.0,-3.0,0
413,417,65.0,note,2.0,tenor,65.0,65.5,F,,4,4,,yes,yes,R,y,IV,_,I,_,0.0,m,c,0.0,m,c,0.0,m,5.0,4,4,_,-3.0,-3.0,0
414,418,65.0,note,3.0,alto,72.0,65.5,C,,4,4,,yes,yes,F,n,IV,_,I,_,0.0,m,c,0.0,m,c,0.0,m,5.0,1,1,_,-3.0,-3.0,0
415,419,65.0,note,4.0,soprn,80.0,65.5,Ab,,4,4,,yes,yes,T,n,IV,_,I,_,0.0,m,c,0.0,m,c,0.0,m,5.0,6,6,_,-3.0,-3.0,0
416,420,65.5,note,1.0,bass,55.0,66.0,G,,4,4,,yes,yes,F,y,I,_,I,_,2.0,m,c,0.0,m,c,0.0,m,0.0,5,5,_,-3.0,-3.0,0
417,421,65.5,note,2.0,tenor,63.0,66.0,Eb,,4,4,,yes,yes,T,n,I,_,I,_,2.0,m,c,0.0,m,c,0.0,m,0.0,3,3,_,-3.0,-3.0,0
418,422,65.5,note,3.0,alto,72.0,66.0,C,,4,4,,yes,yes,R,n,I,_,I,_,2.0,m,c,0.0,m,c,0.0,m,0.0,1,1,_,-3.0,-3.0,0
419,423,65.5,note,4.0,soprn,79.0,66.0,G,,4,4,,yes,yes,F,y,I,_,I,_,2.0,m,c,0.0,m,c,0.0,m,0.0,5,5,_,-3.0,-3.0,0
420,424,66.0,note,1.0,bass,56.0,66.5,Ab,,4,4,,yes,yes,T,y,IV,_,I,_,1.0,m,c,0.0,m,c,0.0,m,5.0,6,6,_,-3.0,-3.0,0
421,425,66.0,note,2.0,tenor,62.0,66.5,D,,4,4,,no,yes,x,n,IV,_,I,_,1.0,m,c,0.0,m,c,0.0,m,5.0,2,2,_,-3.0,-3.0,0
422,426,66.0,note,3.0,alto,71.0,66.5,B,,4,4,,no,yes,x,n,IV,_,I,_,1.0,m,c,0.0,m,c,0.0,m,5.0,#7,7,#,-3.0,-3.0,0
423,427,66.0,note,4.0,soprn,77.0,66.5,F,,4,4,,yes,yes,R,n,IV,_,I,_,1.0,m,c,0.0,m,c,0.0,m,5.0,4,4,_,-3.0,-3.0,0
424,428,66.5,note,1.0,bass,56.0,67.0,Ab,,4,4,,yes,no,T,y,IV,_,I,_,1.0,m,c,0.0,m,c,0.0,m,5.0,6,6,_,-3.0,-3.0,0
425,429,66.5,note,2.0,tenor,60.0,67.0,C,,4,4,,yes,no,F,n,IV,_,I,_,1.0,m,c,0.0,m,c,0.0,m,5.0,1,1,_,-3.0,-3.0,0
426,430,66.5,note,3.0,alto,72.0,67.0,C,,4,4,,yes,no,F,n,IV,_,I,_,1.0,m,c,0.0,m,c,0.0,m,5.0,1,1,_,-3.0,-3.0,0
427,431,66.5,note,4.0,soprn,77.0,67.0,F,,4,4,,yes,no,R,n,IV,_,I,_,1.0,m,c,0.0,m,c,0.0,m,5.0,4,4,_,-3.0,-3.0,0
428,432,67.0,note,1.0,bass,47.0,68.0,B,,4,4,,yes,yes,T,y,V,_,I,_,1.0,m,c,0.0,M,c,0.0,m,7.0,#7,7,#,-3.0,-3.0,0
429,433,67.0,note,2.0,tenor,62.0,68.0,D,,4,4,,yes,yes,F,n,V,_,I,_,1.0,m,c,0.0,M,c,0.0,m,7.0,2,2,_,-3.0,-3.0,0
430,434,67.0,note,3.0,alto,67.0,68.0,G,,4,4,,yes,yes,R,n,V,_,I,_,1.0,m,c,0.0,M,c,0.0,m,7.0,5,5,_,-3.0,-3.0,0
431,435,67.0,note,4.0,soprn,79.0,68.0,G,,4,4,,yes,yes,R,n,V,_,I,_,1.0,m,c,0.0,M,c,0.0,m,7.0,5,5,_,-3.0,-3.0,0
432,436,68.0,note,1.0,bass,48.0,69.0,C,,4,4,,yes,yes,R,y,I,_,I,_,0.0,m,c,0.0,m,c,0.0,m,0.0,1,1,_,-3.0,-3.0,0
433,437,68.0,note,2.0,tenor,60.0,69.0,C,,4,4,,yes,yes,R,y,I,_,I,_,0.0,m,c,0.0,m,c,0.0,m,0.0,1,1,_,-3.0,-3.0,0
434,438,68.0,note,3.0,alto,67.0,69.0,G,,4,4,,yes,yes,F,n,I,_,I,_,0.0,m,c,0.0,m,c,0.0,m,0.0,5,5,_,-3.0,-3.0,0
435,439,68.0,note,4.0,soprn,75.0,69.0,Eb,,4,4,,yes,yes,T,n,I,_,I,_,0.0,m,c,0.0,m,c,0.0,m,0.0,3,3,_,-3.0,-3.0,0
436,440,69.0,bar,,,,73.0,,,4,4,,na,na,na,na,na,na,na,na,,na,na,,na,na,,na,,na,na,na,,,0
437,441,69.0,note,1.0,bass,57.0,69.5,A,,4,4,,yes,yes,T,y,V,_,V,_,1.0,M,Eb,3.0,Mm7,Bb,10.0,M,5.0,#4,4,#,-3.0,-2.0,1
438,442,69.0,note,2.0,tenor,60.0,69.5,C,,4,4,,yes,yes,F,n,V,_,V,_,1.0,M,Eb,3.0,Mm7,Bb,10.0,M,5.0,6,6,_,-3.0,-2.0,1
439,443,69.0,note,3.0,alto,66.0,69.5,Gb,,4,4,,no,yes,x,n,V,_,V,_,1.0,M,Eb,3.0,Mm7,Bb,10.0,M,5.0,b3,3,b,-3.0,-2.0,1
440,444,69.0,note,4.0,soprn,75.0,69.5,Eb,,4,4,,yes,yes,S,n,V,_,V,_,1.0,M,Eb,3.0,Mm7,Bb,10.0,M,5.0,1,1,_,-3.0,-2.0,1
441,445,69.5,note,1.0,bass,57.0,70.0,A,,4,4,,yes,no,T,y,V,_,V,_,1.0,M,Eb,3.0,Mm7,Bb,10.0,M,5.0,#4,4,#,-3.0,-2.0,1
442,446,69.5,note,2.0,tenor,60.0,70.0,C,,4,4,,yes,no,F,n,V,_,V,_,1.0,M,Eb,3.0,Mm7,Bb,10.0,M,5.0,6,6,_,-3.0,-2.0,1
443,447,69.5,note,3.0,alto,65.0,70.0,F,,4,4,,yes,no,R,n,V,_,V,_,1.0,M,Eb,3.0,Mm7,Bb,10.0,M,5.0,2,2,_,-3.0,-2.0,1
444,448,69.5,note,4.0,soprn,75.0,70.0,Eb,,4,4,,yes,no,S,n,V,_,V,_,1.0,M,Eb,3.0,Mm7,Bb,10.0,M,5.0,1,1,_,-3.0,-2.0,1
445,449,70.0,note,1.0,bass,58.0,71.0,Bb,,4,4,"449,450",yes,yes,R,y,V,_,I,_,0.0,M,Eb,3.0,M,Eb,3.0,M,10.0,5,5,_,-3.0,-3.0,0
446,451,70.0,note,3.0,alto,65.0,71.0,F,,4,4,,yes,yes,F,n,V,_,I,_,0.0,M,Eb,3.0,M,Eb,3.0,M,10.0,2,2,_,-3.0,-3.0,0
447,452,70.0,note,4.0,soprn,74.0,71.0,D,,4,4,,yes,yes,T,n,V,_,I,_,0.0,M,Eb,3.0,M,Eb,3.0,M,10.0,7,7,_,-3.0,-3.0,0
448,453,71.0,note,1.0,bass,51.0,72.0,Eb,,4,4,,yes,yes,R,y,I,_,I,_,0.0,M,Eb,3.0,M,Eb,3.0,M,3.0,1,1,_,-3.0,-3.0,0
449,454,71.0,note,2.0,tenor,58.0,72.0,Bb,,4,4,,yes,yes,F,n,I,_,I,_,0.0,M,Eb,3.0,M,Eb,3.0,M,3.0,5,5,_,-3.0,-3.0,0
450,455,71.0,note,3.0,alto,67.0,72.0,G,,4,4,,yes,yes,T,n,I,_,I,_,0.0,M,Eb,3.0,M,Eb,3.0,M,3.0,3,3,_,-3.0,-3.0,0
451,456,71.0,note,4.0,soprn,75.0,72.0,Eb,,4,4,,yes,yes,R,y,I,_,I,_,0.0,M,Eb,3.0,M,Eb,3.0,M,3.0,1,1,_,-3.0,-3.0,0
452,457,72.0,note,1.0,bass,51.0,73.0,Eb,,4,4,,yes,yes,R,y,V,_,IV,_,0.0,M,Eb,3.0,Mm7,Ab,8.0,M,3.0,1,1,_,-3.0,-4.0,1
453,458,72.0,note,2.0,tenor,61.0,73.0,Db,,4,4,,yes,yes,S,n,V,_,IV,_,0.0,M,Eb,3.0,Mm7,Ab,8.0,M,3.0,b7,7,b,-3.0,-4.0,1
454,459,72.0,note,3.0,alto,67.0,73.0,G,,4,4,,yes,yes,T,n,V,_,IV,_,0.0,M,Eb,3.0,Mm7,Ab,8.0,M,3.0,3,3,_,-3.0,-4.0,1
455,460,72.0,note,4.0,soprn,75.0,73.0,Eb,,4,4,,yes,yes,R,y,V,_,IV,_,0.0,M,Eb,3.0,Mm7,Ab,8.0,M,3.0,1,1,_,-3.0,-4.0,1
456,461,73.0,bar,,,,77.0,,,4,4,,na,na,na,na,na,na,na,na,,na,na,,na,na,,na,,na,na,na,,,0
457,462,73.0,note,1.0,bass,56.0,73.5,Ab,,4,4,,yes,yes,R,y,IV,_,I,_,0.0,M,Eb,3.0,M,Eb,3.0,M,8.0,4,4,_,-3.0,-3.0,0
458,463,73.0,note,2.0,tenor,60.0,73.5,C,,4,4,,yes,yes,T,n,IV,_,I,_,0.0,M,Eb,3.0,M,Eb,3.0,M,8.0,6,6,_,-3.0,-3.0,0
459,464,73.0,note,3.0,alto,68.0,73.5,Ab,,4,4,,yes,yes,R,y,IV,_,I,_,0.0,M,Eb,3.0,M,Eb,3.0,M,8.0,4,4,_,-3.0,-3.0,0
460,465,73.0,note,4.0,soprn,75.0,73.5,Eb,,4,4,,yes,yes,F,n,IV,_,I,_,0.0,M,Eb,3.0,M,Eb,3.0,M,8.0,1,1,_,-3.0,-3.0,0
461,466,73.5,note,1.0,bass,58.0,74.0,Bb,,4,4,,no,no,x,n,IV,_,I,_,0.0,M,Eb,3.0,M,Eb,3.0,M,8.0,5,5,_,-3.0,-3.0,0
462,467,73.5,note,2.0,tenor,62.0,74.0,D,,4,4,,no,no,x,n,IV,_,I,_,0.0,M,Eb,3.0,M,Eb,3.0,M,8.0,7,7,_,-3.0,-3.0,0
463,468,73.5,note,3.0,alto,68.0,74.0,Ab,,4,4,,yes,no,R,y,IV,_,I,_,0.0,M,Eb,3.0,M,Eb,3.0,M,8.0,4,4,_,-3.0,-3.0,0
464,469,73.5,note,4.0,soprn,75.0,74.0,Eb,,4,4,,yes,no,F,n,IV,_,I,_,0.0,M,Eb,3.0,M,Eb,3.0,M,8.0,1,1,_,-3.0,-3.0,0
465,470,74.0,note,1.0,bass,60.0,75.0,C,,4,4,,yes,yes,T,y,IV,_,I,_,1.0,M,Eb,3.0,M,Eb,3.0,M,8.0,6,6,_,-3.0,-3.0,0
466,471,74.0,note,2.0,tenor,63.0,75.0,Eb,,4,4,,yes,yes,F,n,IV,_,I,_,1.0,M,Eb,3.0,M,Eb,3.0,M,8.0,1,1,_,-3.0,-3.0,0
467,472,74.0,note,3.0,alto,68.0,75.0,Ab,,4,4,,yes,yes,R,n,IV,_,I,_,1.0,M,Eb,3.0,M,Eb,3.0,M,8.0,4,4,_,-3.0,-3.0,0
468,473,74.0,note,4.0,soprn,75.0,75.0,Eb,,4,4,,yes,yes,F,n,IV,_,I,_,1.0,M,Eb,3.0,M,Eb,3.0,M,8.0,1,1,_,-3.0,-3.0,0
469,474,75.0,note,1.0,bass,50.0,76.0,D,,4,4,,yes,yes,T,y,V,_,I,_,1.0,M,Eb,3.0,Mm7,Eb,3.0,M,10.0,7,7,_,-3.0,-3.0,0
470,475,75.0,note,2.0,tenor,58.0,76.0,Bb,,4,4,,yes,yes,R,n,V,_,I,_,1.0,M,Eb,3.0,Mm7,Eb,3.0,M,10.0,5,5,_,-3.0,-3.0,0
471,476,75.0,note,3.0,alto,68.0,76.0,Ab,,4,4,,yes,yes,S,n,V,_,I,_,1.0,M,Eb,3.0,Mm7,Eb,3.0,M,10.0,4,4,_,-3.0,-3.0,0
472,477,75.0,note,4.0,soprn,77.0,76.0,F,,4,4,,yes,yes,F,n,V,_,I,_,1.0,M,Eb,3.0,Mm7,Eb,3.0,M,10.0,2,2,_,-3.0,-3.0,0
473,478,76.0,note,1.0,bass,51.0,77.0,Eb,,4,4,,yes,yes,R,y,I,_,I,_,0.0,M,Eb,3.0,M,Eb,3.0,M,3.0,1,1,_,-3.0,-3.0,0
474,479,76.0,note,2.0,tenor,58.0,77.0,Bb,,4,4,,yes,yes,F,n,I,_,I,_,0.0,M,Eb,3.0,M,Eb,3.0,M,3.0,5,5,_,-3.0,-3.0,0
475,480,76.0,note,3.0,alto,67.0,77.0,G,,4,4,,yes,yes,T,n,I,_,I,_,0.0,M,Eb,3.0,M,Eb,3.0,M,3.0,3,3,_,-3.0,-3.0,0
476,481,76.0,note,4.0,soprn,75.0,77.0,Eb,,4,4,,yes,yes,R,y,I,_,I,_,0.0,M,Eb,3.0,M,Eb,3.0,M,3.0,1,1,_,-3.0,-3.0,0
477,482,77.0,bar,,,,81.0,,,4,4,,na,na,na,na,na,na,na,na,,na,na,,na,na,,na,,na,na,na,,,0
478,483,77.0,note,1.0,bass,45.0,79.0,A,,4,4,,yes,yes,T,y,V,_,V,_,1.0,M,Eb,3.0,Mm7,Bb,10.0,M,5.0,#4,4,#,-3.0,-2.0,1
479,484,77.0,note,2.0,tenor,60.0,79.0,C,,4,4,,yes,yes,F,n,V,_,V,_,1.0,M,Eb,3.0,Mm7,Bb,10.0,M,5.0,6,6,_,-3.0,-2.0,1
480,485,77.0,note,3.0,alto,65.0,79.0,F,,4,4,,yes,yes,R,n,V,_,V,_,1.0,M,Eb,3.0,Mm7,Bb,10.0,M,5.0,2,2,_,-3.0,-2.0,1
481,486,77.0,note,4.0,soprn,75.0,79.0,Eb,,4,4,,yes,yes,S,n,V,_,V,_,1.0,M,Eb,3.0,Mm7,Bb,10.0,M,5.0,1,1,_,-3.0,-2.0,1
482,487,79.0,note,1.0,bass,46.0,80.0,Bb,,4,4,,yes,yes,R,y,V,_,I,_,0.0,M,Eb,3.0,M,Eb,3.0,M,10.0,5,5,_,-3.0,-3.0,0
483,488,79.0,note,2.0,tenor,58.0,80.0,Bb,,4,4,,yes,yes,R,y,V,_,I,_,0.0,M,Eb,3.0,M,Eb,3.0,M,10.0,5,5,_,-3.0,-3.0,0
484,489,79.0,note,3.0,alto,65.0,80.0,F,,4,4,,yes,yes,F,n,V,_,I,_,0.0,M,Eb,3.0,M,Eb,3.0,M,10.0,2,2,_,-3.0,-3.0,0
485,490,79.0,note,4.0,soprn,75.0,80.0,Eb,,4,4,,no,yes,x,n,V,_,I,_,0.0,M,Eb,3.0,M,Eb,3.0,M,10.0,1,1,_,-3.0,-3.0,0
486,491,80.0,note,1.0,bass,46.0,81.0,Bb,,4,4,,yes,no,R,y,V,_,I,_,0.0,M,Eb,3.0,M,Eb,3.0,M,10.0,5,5,_,-3.0,-3.0,0
487,492,80.0,note,2.0,tenor,58.0,81.0,Bb,,4,4,,yes,no,R,y,V,_,I,_,0.0,M,Eb,3.0,M,Eb,3.0,M,10.0,5,5,_,-3.0,-3.0,0
488,493,80.0,note,3.0,alto,65.0,81.0,F,,4,4,,yes,no,F,n,V,_,I,_,0.0,M,Eb,3.0,M,Eb,3.0,M,10.0,2,2,_,-3.0,-3.0,0
489,494,80.0,note,4.0,soprn,74.0,81.0,D,,4,4,,yes,no,T,n,V,_,I,_,0.0,M,Eb,3.0,M,Eb,3.0,M,10.0,7,7,_,-3.0,-3.0,0
490,495,81.0,bar,,,,84.0,,,4,4,,na,na,na,na,na,na,na,na,,na,na,,na,na,,na,,na,na,na,,,0
491,496,81.0,note,1.0,bass,39.0,84.0,Eb,,4,4,,yes,yes,R,y,I,_,I,_,0.0,M,Eb,3.0,M,Eb,3.0,M,3.0,1,1,_,-3.0,-3.0,0
492,497,81.0,note,2.0,tenor,58.0,84.0,Bb,,4,4,,yes,yes,F,n,I,_,I,_,0.0,M,Eb,3.0,M,Eb,3.0,M,3.0,5,5,_,-3.0,-3.0,0
493,498,81.0,note,3.0,alto,67.0,84.0,G,,4,4,,yes,yes,T,n,I,_,I,_,0.0,M,Eb,3.0,M,Eb,3.0,M,3.0,3,3,_,-3.0,-3.0,0
494,499,81.0,note,4.0,soprn,75.0,84.0,Eb,,4,4,,yes,yes,R,y,I,_,I,_,0.0,M,Eb,3.0,M,Eb,3.0,M,3.0,1,1,_,-3.0,-3.0,0
