,original_index,onset,type,track,instrument,pitch,release,spelling,other,ts_numerator,ts_denominator,duplicated_indices,chord_tone,harmony_onset,chord_factors,bass_pcs,primary_degree,primary_alteration,secondary_degree,secondary_alteration,inversion,mode,key,key_pc,quality,granular_key,granular_key_pc,granular_mode,root_pc,scale_degree,scale_degree_step,scale_degree_alteration,key_signature,granular_key_signature,tonicization
0,0,0.0,time_signature,,,,,,"{""numerator"": 4, ""denominator"": 4}",4,4,,na,na,na,na,na,na,na,na,,na,na,,na,na,,na,,na,na,na,,,0
1,1,0.0,bar,,,,0.0625,,,4,4,,na,na,na,na,na,na,na,na,,na,na,,na,na,,na,,na,na,na,,,0
2,2,0.0,bar,,,,4.0,,,4,4,,na,na,na,na,na,na,na,na,,na,na,,na,na,,na,,na,na,na,,,0
3,3,0.0,note,1.0,bass,50.0,2.0,D,,4,4,,yes,yes,S,y,V,_,I,_,3.0,m,a,9.0,Mm7,a,9.0,m,4.0,4,4,_,0.0,0.0,0
4,4,0.0,note,2.0,tenor,56.0,2.0,G#,,4,4,,yes,yes,T,n,V,_,I,_,3.0,m,a,9.0,Mm7,a,9.0,m,4.0,#7,7,#,0.0,0.0,0
5,5,0.0,note,3.0,alto,64.0,2.0,E,,4,4,,yes,yes,R,n,V,_,I,_,3.0,m,a,9.0,Mm7,a,9.0,m,4.0,5,5,_,0.0,0.0,0
6,6,0.0,note,4.0,soprn,71.0,2.0,B,,4,4,,yes,yes,F,n,V,_,I,_,3.0,m,a,9.0,Mm7,a,9.0,m,4.0,2,2,_,0.0,0.0,0
7,7,2.0,note,1.0,bass,48.0,3.0,C,,4,4,,yes,yes,T,y,I,_,I,_,1.0,m,a,9.0,m,a,9.0,m,9.0,3,3,_,0.0,0.0,0
8,8,2.0,note,2.0,tenor,57.0,3.0,A,,4,4,,yes,yes,R,n,I,_,I,_,1.0,m,a,9.0,m,a,9.0,m,9.0,1,1,_,0.0,0.0,0
9,9,2.0,note,3.0,alto,64.0,3.0,E,,4,4,"9,10",yes,yes,F,n,I,_,I,_,1.0,m,a,9.0,m,a,9.0,m,9.0,5,5,_,0.0,0.0,0
10,11,3.0,note,1.0,bass,47.0,4.0,B,,4,4,,yes,yes,T,y,VII,_,I,_,1.0,m,a,9.0,o,a,9.0,m,8.0,2,2,_,0.0,0.0,0
11,12,3.0,note,2.0,tenor,62.0,4.0,D,,4,4,,yes,yes,F,n,VII,_,I,_,1.0,m,a,9.0,o,a,9.0,m,8.0,4,4,_,0.0,0.0,0
12,13,3.0,note,3.0,alto,68.0,4.0,G#,,4,4,,yes,yes,R,n,VII,_,I,_,1.0,m,a,9.0,o,a,9.0,m,8.0,#7,7,#,0.0,0.0,0
13,14,3.0,note,4.0,soprn,71.0,4.0,B,,4,4,,yes,yes,T,y,VII,_,I,_,1.0,m,a,9.0,o,a,9.0,m,8.0,2,2,_,0.0,0.0,0
14,15,4.0,bar,,,,8.0,,,4,4,,na,na,na,na,na,na,na,na,,na,na,,na,na,,na,,na,na,na,,,0
15,16,4.0,note,1.0,bass,45.0,5.0,A,,4,4,,yes,yes,R,y,I,_,I,_,0.0,m,a,9.0,m,a,9.0,m,9.0,1,1,_,0.0,0.0,0
16,17,4.0,note,2.0,tenor,64.0,5.0,E,,4,4,,yes,yes,F,n,I,_,I,_,0.0,m,a,9.0,m,a,9.0,m,9.0,5,5,_,0.0,0.0,0
17,18,4.0,note,3.0,alto,69.0,5.0,A,,4,4,,yes,yes,R,y,I,_,I,_,0.0,m,a,9.0,m,a,9.0,m,9.0,1,1,_,0.0,0.0,0
18,19,4.0,note,4.0,soprn,72.0,5.0,C,,4,4,,yes,yes,T,n,I,_,I,_,0.0,m,a,9.0,m,a,9.0,m,9.0,3,3,_,0.0,0.0,0
19,20,5.0,note,1.0,bass,47.0,5.5,B,,4,4,,yes,yes,T,y,VII,_,I,_,1.0,m,a,9.0,M,a,9.0,m,7.0,2,2,_,0.0,0.0,0
20,21,5.0,note,2.0,tenor,62.0,5.5,D,,4,4,,yes,yes,F,n,VII,_,I,_,1.0,m,a,9.0,M,a,9.0,m,7.0,4,4,_,0.0,0.0,0
21,22,5.0,note,3.0,alto,67.0,5.5,G,,4,4,,yes,yes,R,n,VII,_,I,_,1.0,m,a,9.0,M,a,9.0,m,7.0,7,7,_,0.0,0.0,0
22,23,5.0,note,4.0,soprn,71.0,5.5,B,,4,4,,yes,yes,T,y,VII,_,I,_,1.0,m,a,9.0,M,a,9.0,m,7.0,2,2,_,0.0,0.0,0
23,24,5.5,note,1.0,bass,47.0,6.0,B,,4,4,,yes,no,T,y,VII,_,I,_,1.0,m,a,9.0,M,a,9.0,m,7.0,2,2,_,0.0,0.0,0
24,25,5.5,note,2.0,tenor,62.0,6.0,D,,4,4,,yes,no,F,n,VII,_,I,_,1.0,m,a,9.0,M,a,9.0,m,7.0,4,4,_,0.0,0.0,0
25,26,5.5,note,3.0,alto,66.0,6.0,F#,,4,4,,no,no,x,n,VII,_,I,_,1.0,m,a,9.0,M,a,9.0,m,7.0,#6,6,#,0.0,0.0,0
26,27,5.5,note,4.0,soprn,69.0,6.0,A,,4,4,,no,no,x,n,VII,_,I,_,1.0,m,a,9.0,M,a,9.0,m,7.0,1,1,_,0.0,0.0,0
27,28,6.0,note,1.0,bass,48.0,6.5,C,,4,4,,yes,yes,R,y,III,_,I,_,0.0,m,a,9.0,M,a,9.0,m,0.0,3,3,_,0.0,0.0,0
28,29,6.0,note,2.0,tenor,64.0,6.5,E,,4,4,"29,30",yes,yes,T,n,III,_,I,_,0.0,m,a,9.0,M,a,9.0,m,0.0,5,5,_,0.0,0.0,0
29,31,6.0,note,4.0,soprn,67.0,6.5,G,,4,4,,yes,yes,F,n,III,_,I,_,0.0,m,a,9.0,M,a,9.0,m,0.0,7,7,_,0.0,0.0,0
30,32,6.5,note,1.0,bass,47.0,7.0,B,,4,4,,no,no,x,n,III,_,I,_,0.0,m,a,9.0,M,a,9.0,m,0.0,2,2,_,0.0,0.0,0
31,33,6.5,note,2.0,tenor,62.0,7.0,D,,4,4,,no,no,x,n,III,_,I,_,0.0,m,a,9.0,M,a,9.0,m,0.0,4,4,_,0.0,0.0,0
32,34,6.5,note,3.0,alto,64.0,7.0,E,,4,4,,yes,no,T,n,III,_,I,_,0.0,m,a,9.0,M,a,9.0,m,0.0,5,5,_,0.0,0.0,0
33,35,6.5,note,4.0,soprn,67.0,7.0,G,,4,4,,yes,no,F,n,III,_,I,_,0.0,m,a,9.0,M,a,9.0,m,0.0,7,7,_,0.0,0.0,0
34,36,7.0,note,1.0,bass,45.0,8.0,A,,4,4,,yes,yes,T,y,VI,_,I,_,1.0,m,a,9.0,o,a,9.0,m,6.0,1,1,_,0.0,0.0,0
35,37,7.0,note,2.0,tenor,60.0,8.0,C,,4,4,,yes,yes,F,n,VI,_,I,_,1.0,m,a,9.0,o,a,9.0,m,6.0,3,3,_,0.0,0.0,0
36,38,7.0,note,3.0,alto,66.0,8.0,F#,,4,4,,yes,yes,R,n,VI,_,I,_,1.0,m,a,9.0,o,a,9.0,m,6.0,#6,6,#,0.0,0.0,0
37,39,7.0,note,4.0,soprn,69.0,8.0,A,,4,4,,yes,yes,T,y,VI,_,I,_,1.0,m,a,9.0,o,a,9.0,m,6.0,1,1,_,0.0,0.0,0
38,40,8.0,bar,,,,12.0,,,4,4,,na,na,na,na,na,na,na,na,,na,na,,na,na,,na,,na,na,na,,,0
39,41,8.0,note,1.0,bass,52.0,10.0,E,,4,4,,yes,yes,R,y,V,_,I,_,0.0,m,a,9.0,M,a,9.0,m,4.0,5,5,_,0.0,0.0,0
40,42,8.0,note,2.0,tenor,59.0,10.0,B,,4,4,,yes,yes,F,n,V,_,I,_,0.0,m,a,9.0,M,a,9.0,m,4.0,2,2,_,0.0,0.0,0
41,43,8.0,note,3.0,alto,68.0,10.0,G#,,4,4,,yes,yes,T,n,V,_,I,_,0.0,m,a,9.0,M,a,9.0,m,4.0,#7,7,#,0.0,0.0,0
42,44,8.0,note,4.0,soprn,71.0,10.0,B,,4,4,,yes,yes,F,n,V,_,I,_,0.0,m,a,9.0,M,a,9.0,m,4.0,2,2,_,0.0,0.0,0
43,45,10.0,note,1.0,bass,52.0,12.0,E,,4,4,,yes,no,R,y,V,_,I,_,0.0,m,a,9.0,M,a,9.0,m,4.0,5,5,_,0.0,0.0,0
44,46,10.0,note,2.0,tenor,64.0,12.0,E,,4,4,,yes,no,R,y,V,_,I,_,0.0,m,a,9.0,M,a,9.0,m,4.0,5,5,_,0.0,0.0,0
45,47,10.0,note,3.0,alto,68.0,12.0,G#,,4,4,,yes,no,T,n,V,_,I,_,0.0,m,a,9.0,M,a,9.0,m,4.0,#7,7,#,0.0,0.0,0
46,48,10.0,note,4.0,soprn,71.0,12.0,B,,4,4,,yes,no,F,n,V,_,I,_,0.0,m,a,9.0,M,a,9.0,m,4.0,2,2,_,0.0,0.0,0
47,49,12.0,bar,,,,16.0,,,4,4,,na,na,na,na,na,na,na,na,,na,na,,na,na,,na,,na,na,na,,,0
48,50,12.0,note,1.0,bass,57.0,13.0,A,,4,4,,yes,yes,R,y,I,_,I,_,0.0,m,a,9.0,m,a,9.0,m,9.0,1,1,_,0.0,0.0,0
49,51,12.0,note,2.0,tenor,64.0,13.0,E,,4,4,,yes,yes,F,n,I,_,I,_,0.0,m,a,9.0,m,a,9.0,m,9.0,5,5,_,0.0,0.0,0
50,52,12.0,note,3.0,alto,69.0,13.0,A,,4,4,,yes,yes,R,y,I,_,I,_,0.0,m,a,9.0,m,a,9.0,m,9.0,1,1,_,0.0,0.0,0
51,53,12.0,note,4.0,soprn,72.0,13.0,C,,4,4,,yes,yes,T,n,I,_,I,_,0.0,m,a,9.0,m,a,9.0,m,9.0,3,3,_,0.0,0.0,0
52,54,13.0,note,1.0,bass,55.0,13.5,G,,4,4,,yes,yes,R,y,V,_,I,_,0.0,M,C,0.0,Mm7,C,0.0,M,7.0,5,5,_,0.0,0.0,0
53,55,13.0,note,2.0,tenor,65.0,13.5,F,,4,4,,yes,yes,S,n,V,_,I,_,0.0,M,C,0.0,Mm7,C,0.0,M,7.0,4,4,_,0.0,0.0,0
54,56,13.0,note,3.0,alto,71.0,13.5,B,,4,4,,yes,yes,T,n,V,_,I,_,0.0,M,C,0.0,Mm7,C,0.0,M,7.0,7,7,_,0.0,0.0,0
55,57,13.0,note,4.0,soprn,74.0,13.5,D,,4,4,,yes,yes,F,n,V,_,I,_,0.0,M,C,0.0,Mm7,C,0.0,M,7.0,2,2,_,0.0,0.0,0
56,58,13.5,note,1.0,bass,53.0,14.0,F,,4,4,,yes,yes,S,y,V,_,I,_,3.0,M,C,0.0,Mm7,C,0.0,M,7.0,4,4,_,0.0,0.0,0
57,59,13.5,note,2.0,tenor,65.0,14.0,F,,4,4,,yes,yes,S,y,V,_,I,_,3.0,M,C,0.0,Mm7,C,0.0,M,7.0,4,4,_,0.0,0.0,0
58,60,13.5,note,3.0,alto,71.0,14.0,B,,4,4,,yes,yes,T,n,V,_,I,_,3.0,M,C,0.0,Mm7,C,0.0,M,7.0,7,7,_,0.0,0.0,0
59,61,13.5,note,4.0,soprn,74.0,14.0,D,,4,4,,yes,yes,F,n,V,_,I,_,3.0,M,C,0.0,Mm7,C,0.0,M,7.0,2,2,_,0.0,0.0,0
60,62,14.0,note,1.0,bass,52.0,14.5,E,,4,4,,yes,yes,T,y,I,_,I,_,1.0,M,C,0.0,M,C,0.0,M,0.0,3,3,_,0.0,0.0,0
61,63,14.0,note,2.0,tenor,67.0,14.5,G,,4,4,,yes,yes,F,n,I,_,I,_,1.0,M,C,0.0,M,C,0.0,M,0.0,5,5,_,0.0,0.0,0
62,64,14.0,note,3.0,alto,72.0,14.5,C,,4,4,"64,65",yes,yes,R,n,I,_,I,_,1.0,M,C,0.0,M,C,0.0,M,0.0,1,1,_,0.0,0.0,0
63,66,14.5,note,1.0,bass,52.0,15.0,E,,4,4,,yes,no,T,y,I,_,I,_,1.0,M,C,0.0,M,C,0.0,M,0.0,3,3,_,0.0,0.0,0
64,67,14.5,note,2.0,tenor,67.0,15.0,G,,4,4,,yes,no,F,n,I,_,I,_,1.0,M,C,0.0,M,C,0.0,M,0.0,5,5,_,0.0,0.0,0
65,68,14.5,note,4.0,soprn,71.0,15.0,B,,4,4,,no,no,x,n,I,_,I,_,1.0,M,C,0.0,M,C,0.0,M,0.0,7,7,_,0.0,0.0,0
66,69,14.5,note,3.0,alto,72.0,15.0,C,,4,4,,yes,no,R,n,I,_,I,_,1.0,M,C,0.0,M,C,0.0,M,0.0,1,1,_,0.0,0.0,0
67,70,15.0,note,1.0,bass,53.0,16.0,F,,4,4,,yes,yes,R,y,IV,_,I,_,0.0,M,C,0.0,M,C,0.0,M,5.0,4,4,_,0.0,0.0,0
68,71,15.0,note,2.0,tenor,60.0,16.0,C,,4,4,,yes,yes,F,n,IV,_,I,_,0.0,M,C,0.0,M,C,0.0,M,5.0,1,1,_,0.0,0.0,0
69,72,15.0,note,3.0,alto,65.0,16.0,F,,4,4,,yes,yes,R,y,IV,_,I,_,0.0,M,C,0.0,M,C,0.0,M,5.0,4,4,_,0.0,0.0,0
70,73,15.0,note,4.0,soprn,69.0,16.0,A,,4,4,,yes,yes,T,n,IV,_,I,_,0.0,M,C,0.0,M,C,0.0,M,5.0,6,6,_,0.0,0.0,0
71,74,16.0,bar,,,,20.0,,,4,4,,na,na,na,na,na,na,na,na,,na,na,,na,na,,na,,na,na,na,,,0
72,75,16.0,note,1.0,bass,48.0,16.5,C,,4,4,,yes,yes,R,y,I,_,I,_,0.0,M,C,0.0,M,C,0.0,M,0.0,1,1,_,0.0,0.0,0
73,76,16.0,note,2.0,tenor,60.0,16.5,C,,4,4,,yes,yes,R,y,I,_,I,_,0.0,M,C,0.0,M,C,0.0,M,0.0,1,1,_,0.0,0.0,0
74,77,16.0,note,3.0,alto,64.0,16.5,E,,4,4,,yes,yes,T,n,I,_,I,_,0.0,M,C,0.0,M,C,0.0,M,0.0,3,3,_,0.0,0.0,0
75,78,16.0,note,4.0,soprn,67.0,16.5,G,,4,4,,yes,yes,F,n,I,_,I,_,0.0,M,C,0.0,M,C,0.0,M,0.0,5,5,_,0.0,0.0,0
76,79,16.5,note,1.0,bass,48.0,17.0,C,,4,4,,yes,no,R,y,I,_,I,_,0.0,M,C,0.0,M,C,0.0,M,0.0,1,1,_,0.0,0.0,0
77,80,16.5,note,2.0,tenor,59.0,17.0,B,,4,4,,no,no,x,n,I,_,I,_,0.0,M,C,0.0,M,C,0.0,M,0.0,7,7,_,0.0,0.0,0
78,81,16.5,note,3.0,alto,64.0,17.0,E,,4,4,,yes,no,T,n,I,_,I,_,0.0,M,C,0.0,M,C,0.0,M,0.0,3,3,_,0.0,0.0,0
79,82,16.5,note,4.0,soprn,67.0,17.0,G,,4,4,,yes,no,F,n,I,_,I,_,0.0,M,C,0.0,M,C,0.0,M,0.0,5,5,_,0.0,0.0,0
80,83,17.0,note,1.0,bass,50.0,17.5,D,,4,4,,yes,yes,R,y,II,_,I,_,0.0,M,C,0.0,m,C,0.0,M,2.0,2,2,_,0.0,0.0,0
81,84,17.0,note,2.0,tenor,57.0,17.5,A,,4,4,,yes,yes,F,n,II,_,I,_,0.0,M,C,0.0,m,C,0.0,M,2.0,6,6,_,0.0,0.0,0
82,85,17.0,note,3.0,alto,62.0,17.5,D,,4,4,,yes,yes,R,y,II,_,I,_,0.0,M,C,0.0,m,C,0.0,M,2.0,2,2,_,0.0,0.0,0
83,86,17.0,note,4.0,soprn,65.0,17.5,F,,4,4,,yes,yes,T,n,II,_,I,_,0.0,M,C,0.0,m,C,0.0,M,2.0,4,4,_,0.0,0.0,0
84,87,17.5,note,1.0,bass,50.0,18.0,D,,4,4,,yes,no,R,y,II,_,I,_,0.0,M,C,0.0,m,C,0.0,M,2.0,2,2,_,0.0,0.0,0
85,88,17.5,note,2.0,tenor,57.0,18.0,A,,4,4,,yes,no,F,n,II,_,I,_,0.0,M,C,0.0,m,C,0.0,M,2.0,6,6,_,0.0,0.0,0
86,89,17.5,note,3.0,alto,60.0,18.0,C,,4,4,,no,no,x,n,II,_,I,_,0.0,M,C,0.0,m,C,0.0,M,2.0,1,1,_,0.0,0.0,0
87,90,17.5,note,4.0,soprn,65.0,18.0,F,,4,4,,yes,no,T,n,II,_,I,_,0.0,M,C,0.0,m,C,0.0,M,2.0,4,4,_,0.0,0.0,0
88,91,18.0,note,1.0,bass,52.0,20.0,E,,4,4,,yes,yes,R,y,V,_,I,_,0.0,m,a,9.0,M,a,9.0,m,4.0,5,5,_,0.0,0.0,0
89,92,18.0,note,2.0,tenor,56.0,20.0,G#,,4,4,,yes,yes,T,n,V,_,I,_,0.0,m,a,9.0,M,a,9.0,m,4.0,#7,7,#,0.0,0.0,0
90,93,18.0,note,3.0,alto,59.0,20.0,B,,4,4,,yes,yes,F,n,V,_,I,_,0.0,m,a,9.0,M,a,9.0,m,4.0,2,2,_,0.0,0.0,0
91,94,18.0,note,4.0,soprn,64.0,20.0,E,,4,4,,yes,yes,R,y,V,_,I,_,0.0,m,a,9.0,M,a,9.0,m,4.0,5,5,_,0.0,0.0,0
92,95,20.0,bar,,,,24.0,,,4,4,,na,na,na,na,na,na,na,na,,na,na,,na,na,,na,,na,na,na,,,0
93,96,20.0,note,2.0,tenor,57.0,22.0,A,,4,4,,yes,yes,R,n,I,_,I,_,1.0,m,a,9.0,m,a,9.0,m,9.0,1,1,_,0.0,0.0,0
94,97,20.0,note,1.0,bass,60.0,22.0,C,,4,4,,yes,yes,T,y,I,_,I,_,1.0,m,a,9.0,m,a,9.0,m,9.0,3,3,_,0.0,0.0,0
95,98,20.0,note,3.0,alto,64.0,22.0,E,,4,4,,yes,yes,F,n,I,_,I,_,1.0,m,a,9.0,m,a,9.0,m,9.0,5,5,_,0.0,0.0,0
96,99,20.0,note,4.0,soprn,69.0,22.0,A,,4,4,,yes,yes,R,n,I,_,I,_,1.0,m,a,9.0,m,a,9.0,m,9.0,1,1,_,0.0,0.0,0
97,100,22.0,note,1.0,bass,59.0,23.0,B,,4,4,"100,101",yes,yes,T,y,VII,_,I,_,1.0,m,a,9.0,M,a,9.0,m,7.0,2,2,_,0.0,0.0,0
98,102,22.0,note,3.0,alto,62.0,23.0,D,,4,4,,yes,yes,F,n,VII,_,I,_,1.0,m,a,9.0,M,a,9.0,m,7.0,4,4,_,0.0,0.0,0
99,103,22.0,note,4.0,soprn,67.0,23.0,G,,4,4,,yes,yes,R,n,VII,_,I,_,1.0,m,a,9.0,M,a,9.0,m,7.0,7,7,_,0.0,0.0,0
100,104,23.0,note,1.0,bass,57.0,23.5,A,,4,4,,yes,yes,R,y,I,_,I,_,0.0,m,a,9.0,m,a,9.0,m,9.0,1,1,_,0.0,0.0,0
101,105,23.0,note,2.0,tenor,60.0,23.5,C,,4,4,,yes,yes,T,n,I,_,I,_,0.0,m,a,9.0,m,a,9.0,m,9.0,3,3,_,0.0,0.0,0
102,106,23.0,note,3.0,alto,64.0,23.5,E,,4,4,,yes,yes,F,n,I,_,I,_,0.0,m,a,9.0,m,a,9.0,m,9.0,5,5,_,0.0,0.0,0
103,107,23.0,note,4.0,soprn,72.0,23.5,C,,4,4,,yes,yes,T,n,I,_,I,_,0.0,m,a,9.0,m,a,9.0,m,9.0,3,3,_,0.0,0.0,0
104,108,23.5,note,1.0,bass,57.0,24.0,A,,4,4,,yes,yes,T,y,VII,_,VII,_,1.0,m,a,9.0,o,G,7.0,M,6.0,1,1,_,0.0,1.0,1
105,109,23.5,note,2.0,tenor,60.0,24.0,C,,4,4,,yes,yes,F,n,VII,_,VII,_,1.0,m,a,9.0,o,G,7.0,M,6.0,3,3,_,0.0,1.0,1
106,110,23.5,note,3.0,alto,66.0,24.0,F#,,4,4,,yes,yes,R,n,VII,_,VII,_,1.0,m,a,9.0,o,G,7.0,M,6.0,#6,6,#,0.0,1.0,1
107,111,23.5,note,4.0,soprn,72.0,24.0,C,,4,4,,yes,yes,F,n,VII,_,VII,_,1.0,m,a,9.0,o,G,7.0,M,6.0,3,3,_,0.0,1.0,1
108,112,24.0,bar,,,,28.0,,,4,4,,na,na,na,na,na,na,na,na,,na,na,,na,na,,na,,na,na,na,,,0
109,113,24.0,note,1.0,bass,55.0,25.0,G,,4,4,,yes,yes,R,y,VII,_,I,_,0.0,m,a,9.0,M,a,9.0,m,7.0,7,7,_,0.0,0.0,0
110,114,24.0,note,2.0,tenor,62.0,25.0,D,,4,4,,yes,yes,F,n,VII,_,I,_,0.0,m,a,9.0,M,a,9.0,m,7.0,4,4,_,0.0,0.0,0
111,115,24.0,note,3.0,alto,67.0,25.0,G,,4,4,,yes,yes,R,y,VII,_,I,_,0.0,m,a,9.0,M,a,9.0,m,7.0,7,7,_,0.0,0.0,0
112,116,24.0,note,4.0,soprn,71.0,25.0,B,,4,4,,yes,yes,T,n,VII,_,I,_,0.0,m,a,9.0,M,a,9.0,m,7.0,2,2,_,0.0,0.0,0
113,117,25.0,note,1.0,bass,53.0,25.5,F,,4,4,,yes,yes,T,y,IV,_,I,_,1.0,m,a,9.0,m,a,9.0,m,2.0,6,6,_,0.0,0.0,0
114,118,25.0,note,2.0,tenor,62.0,25.5,D,,4,4,,yes,yes,R,n,IV,_,I,_,1.0,m,a,9.0,m,a,9.0,m,2.0,4,4,_,0.0,0.0,0
115,119,25.0,note,3.0,alto,69.0,25.5,A,,4,4,"119,120",yes,yes,F,n,IV,_,I,_,1.0,m,a,9.0,m,a,9.0,m,2.0,1,1,_,0.0,0.0,0
116,121,25.5,note,1.0,bass,52.0,26.0,E,,4,4,,no,no,x,n,IV,_,I,_,1.0,m,a,9.0,m,a,9.0,m,2.0,5,5,_,0.0,0.0,0
117,122,25.5,note,2.0,tenor,64.0,26.0,E,,4,4,,no,no,x,n,IV,_,I,_,1.0,m,a,9.0,m,a,9.0,m,2.0,5,5,_,0.0,0.0,0
118,123,25.5,note,3.0,alto,69.0,26.0,A,,4,4,"123,124",yes,no,F,n,IV,_,I,_,1.0,m,a,9.0,m,a,9.0,m,2.0,1,1,_,0.0,0.0,0
119,125,26.0,note,1.0,bass,50.0,26.5,D,,4,4,,yes,yes,T,y,II,_,I,_,1.0,m,a,9.0,o,a,9.0,m,11.0,4,4,_,0.0,0.0,0
120,126,26.0,note,2.0,tenor,65.0,26.5,F,,4,4,,yes,yes,F,n,II,_,I,_,1.0,m,a,9.0,o,a,9.0,m,11.0,6,6,_,0.0,0.0,0
121,127,26.0,note,3.0,alto,71.0,26.5,B,,4,4,,yes,yes,R,n,II,_,I,_,1.0,m,a,9.0,o,a,9.0,m,11.0,2,2,_,0.0,0.0,0
122,128,26.0,note,4.0,soprn,74.0,26.5,D,,4,4,,yes,yes,T,y,II,_,I,_,1.0,m,a,9.0,o,a,9.0,m,11.0,4,4,_,0.0,0.0,0
123,129,26.5,note,1.0,bass,50.0,27.0,D,,4,4,,yes,no,T,y,II,_,I,_,1.0,m,a,9.0,o,a,9.0,m,11.0,4,4,_,0.0,0.0,0
124,130,26.5,note,2.0,tenor,65.0,27.0,F,,4,4,,yes,no,F,n,II,_,I,_,1.0,m,a,9.0,o,a,9.0,m,11.0,6,6,_,0.0,0.0,0
125,131,26.5,note,3.0,alto,69.0,27.0,A,,4,4,,no,no,x,n,II,_,I,_,1.0,m,a,9.0,o,a,9.0,m,11.0,1,1,_,0.0,0.0,0
126,132,26.5,note,4.0,soprn,72.0,27.0,C,,4,4,,no,no,x,n,II,_,I,_,1.0,m,a,9.0,o,a,9.0,m,11.0,3,3,_,0.0,0.0,0
127,133,27.0,note,1.0,bass,52.0,28.0,E,,4,4,,yes,yes,R,y,V,_,I,_,0.0,m,a,9.0,M,a,9.0,m,4.0,5,5,_,0.0,0.0,0
128,134,27.0,note,2.0,tenor,59.0,28.0,B,,4,4,,yes,yes,F,n,V,_,I,_,0.0,m,a,9.0,M,a,9.0,m,4.0,2,2,_,0.0,0.0,0
129,135,27.0,note,3.0,alto,68.0,28.0,G#,,4,4,,yes,yes,T,n,V,_,I,_,0.0,m,a,9.0,M,a,9.0,m,4.0,#7,7,#,0.0,0.0,0
130,136,27.0,note,4.0,soprn,71.0,28.0,B,,4,4,,yes,yes,F,n,V,_,I,_,0.0,m,a,9.0,M,a,9.0,m,4.0,2,2,_,0.0,0.0,0
131,137,28.0,bar,,,,32.0,,,4,4,,na,na,na,na,na,na,na,na,,na,na,,na,na,,na,,na,na,na,,,0
132,138,28.0,note,1.0,bass,45.0,30.0,A,,4,4,,yes,yes,R,y,I,_,I,_,0.0,m,a,9.0,m,a,9.0,m,9.0,1,1,_,0.0,0.0,0
133,139,28.0,note,2.0,tenor,60.0,30.0,C,,4,4,,yes,yes,T,n,I,_,I,_,0.0,m,a,9.0,m,a,9.0,m,9.0,3,3,_,0.0,0.0,0
134,140,28.0,note,3.0,alto,64.0,30.0,E,,4,4,,yes,yes,F,n,I,_,I,_,0.0,m,a,9.0,m,a,9.0,m,9.0,5,5,_,0.0,0.0,0
135,141,28.0,note,4.0,soprn,69.0,30.0,A,,4,4,,yes,yes,R,y,I,_,I,_,0.0,m,a,9.0,m,a,9.0,m,9.0,1,1,_,0.0,0.0,0
136,142,30.0,note,1.0,bass,57.0,32.0,A,,4,4,,yes,no,R,y,I,_,I,_,0.0,m,a,9.0,m,a,9.0,m,9.0,1,1,_,0.0,0.0,0
137,143,30.0,note,2.0,tenor,64.0,32.0,E,,4,4,,yes,no,F,n,I,_,I,_,0.0,m,a,9.0,m,a,9.0,m,9.0,5,5,_,0.0,0.0,0
138,144,30.0,note,3.0,alto,69.0,32.0,A,,4,4,,yes,no,R,y,I,_,I,_,0.0,m,a,9.0,m,a,9.0,m,9.0,1,1,_,0.0,0.0,0
139,145,30.0,note,4.0,soprn,72.0,32.0,C,,4,4,,yes,no,T,n,I,_,I,_,0.0,m,a,9.0,m,a,9.0,m,9.0,3,3,_,0.0,0.0,0
140,146,32.0,bar,,,,36.0,,,4,4,,na,na,na,na,na,na,na,na,,na,na,,na,na,,na,,na,na,na,,,0
141,147,32.0,note,1.0,bass,52.0,33.0,E,,4,4,,yes,yes,R,y,V,_,I,_,0.0,m,a,9.0,m,a,9.0,m,4.0,5,5,_,0.0,0.0,0
142,148,32.0,note,2.0,tenor,64.0,33.0,E,,4,4,,yes,yes,R,y,V,_,I,_,0.0,m,a,9.0,m,a,9.0,m,4.0,5,5,_,0.0,0.0,0
143,149,32.0,note,3.0,alto,67.0,33.0,G,,4,4,,yes,yes,T,n,V,_,I,_,0.0,m,a,9.0,m,a,9.0,m,4.0,7,7,_,0.0,0.0,0
144,150,32.0,note,4.0,soprn,71.0,33.0,B,,4,4,,yes,yes,F,n,V,_,I,_,0.0,m,a,9.0,m,a,9.0,m,4.0,2,2,_,0.0,0.0,0
145,151,33.0,note,1.0,bass,50.0,33.5,D,,4,4,,no,yes,x,n,III,_,I,_,0.0,m,a,9.0,M,a,9.0,m,0.0,4,4,_,0.0,0.0,0
146,152,33.0,note,2.0,tenor,64.0,33.5,E,,4,4,,yes,yes,T,n,III,_,I,_,0.0,m,a,9.0,M,a,9.0,m,0.0,5,5,_,0.0,0.0,0
147,153,33.0,note,3.0,alto,67.0,33.5,G,,4,4,,yes,yes,F,n,III,_,I,_,0.0,m,a,9.0,M,a,9.0,m,0.0,7,7,_,0.0,0.0,0
148,154,33.0,note,4.0,soprn,72.0,33.5,C,,4,4,,yes,yes,R,y,III,_,I,_,0.0,m,a,9.0,M,a,9.0,m,0.0,3,3,_,0.0,0.0,0
149,155,33.5,note,1.0,bass,48.0,34.0,C,,4,4,,yes,no,R,y,III,_,I,_,0.0,m,a,9.0,M,a,9.0,m,0.0,3,3,_,0.0,0.0,0
150,156,33.5,note,2.0,tenor,64.0,34.0,E,,4,4,,yes,no,T,n,III,_,I,_,0.0,m,a,9.0,M,a,9.0,m,0.0,5,5,_,0.0,0.0,0
151,157,33.5,note,3.0,alto,67.0,34.0,G,,4,4,,yes,no,F,n,III,_,I,_,0.0,m,a,9.0,M,a,9.0,m,0.0,7,7,_,0.0,0.0,0
152,158,33.5,note,4.0,soprn,72.0,34.0,C,,4,4,,yes,no,R,y,III,_,I,_,0.0,m,a,9.0,M,a,9.0,m,0.0,3,3,_,0.0,0.0,0
153,159,34.0,note,1.0,bass,47.0,34.5,B,,4,4,,yes,yes,T,y,V,_,I,_,1.0,M,C,0.0,M,C,0.0,M,7.0,7,7,_,0.0,0.0,0
154,160,34.0,note,2.0,tenor,62.0,34.5,D,,4,4,,yes,yes,F,n,V,_,I,_,1.0,M,C,0.0,M,C,0.0,M,7.0,2,2,_,0.0,0.0,0
155,161,34.0,note,3.0,alto,67.0,34.5,G,,4,4,,yes,yes,R,n,V,_,I,_,1.0,M,C,0.0,M,C,0.0,M,7.0,5,5,_,0.0,0.0,0
156,162,34.0,note,4.0,soprn,74.0,34.5,D,,4,4,,yes,yes,F,n,V,_,I,_,1.0,M,C,0.0,M,C,0.0,M,7.0,2,2,_,0.0,0.0,0
157,163,34.5,note,1.0,bass,47.0,35.0,B,,4,4,,yes,yes,T,y,V,_,I,_,1.0,M,C,0.0,Mm7,C,0.0,M,7.0,7,7,_,0.0,0.0,0
158,164,34.5,note,2.0,tenor,62.0,35.0,D,,4,4,,yes,yes,F,n,V,_,I,_,1.0,M,C,0.0,Mm7,C,0.0,M,7.0,2,2,_,0.0,0.0,0
159,165,34.5,note,3.0,alto,65.0,35.0,F,,4,4,,yes,yes,S,n,V,_,I,_,1.0,M,C,0.0,Mm7,C,0.0,M,7.0,4,4,_,0.0,0.0,0
160,166,34.5,note,4.0,soprn,74.0,35.0,D,,4,4,,yes,yes,F,n,V,_,I,_,1.0,M,C,0.0,Mm7,C,0.0,M,7.0,2,2,_,0.0,0.0,0
161,167,35.0,note,1.0,bass,48.0,36.0,C,,4,4,,yes,yes,R,y,I,_,I,_,0.0,M,C,0.0,M,C,0.0,M,0.0,1,1,_,0.0,0.0,0
162,168,35.0,note,2.0,tenor,60.0,36.0,C,,4,4,,yes,yes,R,y,I,_,I,_,0.0,M,C,0.0,M,C,0.0,M,0.0,1,1,_,0.0,0.0,0
163,169,35.0,note,3.0,alto,64.0,36.0,E,,4,4,,yes,yes,T,n,I,_,I,_,0.0,M,C,0.0,M,C,0.0,M,0.0,3,3,_,0.0,0.0,0
164,170,35.0,note,4.0,soprn,67.0,36.0,G,,4,4,,yes,yes,F,n,I,_,I,_,0.0,M,C,0.0,M,C,0.0,M,0.0,5,5,_,0.0,0.0,0
165,171,36.0,bar,,,,40.0,,,4,4,,na,na,na,na,na,na,na,na,,na,na,,na,na,,na,,na,na,na,,,0
166,172,36.0,note,1.0,bass,50.0,36.5,D,,4,4,,yes,yes,F,y,I,_,I,_,2.0,M,G,7.0,M,G,7.0,M,7.0,5,5,_,1.0,1.0,0
167,173,36.0,note,2.0,tenor,54.0,36.5,F#,,4,4,,no,yes,x,n,I,_,I,_,2.0,M,G,7.0,M,G,7.0,M,7.0,7,7,_,1.0,1.0,0
168,174,36.0,note,3.0,alto,62.0,36.5,D,,4,4,,yes,yes,F,y,I,_,I,_,2.0,M,G,7.0,M,G,7.0,M,7.0,5,5,_,1.0,1.0,0
169,175,36.0,note,4.0,soprn,71.0,36.5,B,,4,4,,yes,yes,T,n,I,_,I,_,2.0,M,G,7.0,M,G,7.0,M,7.0,3,3,_,1.0,1.0,0
170,176,36.5,note,1.0,bass,50.0,37.0,D,,4,4,,yes,no,F,y,I,_,I,_,2.0,M,G,7.0,M,G,7.0,M,7.0,5,5,_,1.0,1.0,0
171,177,36.5,note,2.0,tenor,55.0,37.0,G,,4,4,,yes,no,R,n,I,_,I,_,2.0,M,G,7.0,M,G,7.0,M,7.0,1,1,_,1.0,1.0,0
172,178,36.5,note,3.0,alto,62.0,37.0,D,,4,4,,yes,no,F,y,I,_,I,_,2.0,M,G,7.0,M,G,7.0,M,7.0,5,5,_,1.0,1.0,0
173,179,36.5,note,4.0,soprn,71.0,37.0,B,,4,4,,yes,no,T,n,I,_,I,_,2.0,M,G,7.0,M,G,7.0,M,7.0,3,3,_,1.0,1.0,0
174,180,37.0,note,1.0,bass,50.0,37.5,D,,4,4,,yes,yes,R,y,V,_,I,_,0.0,M,G,7.0,Mm7,G,7.0,M,2.0,5,5,_,1.0,1.0,0
175,181,37.0,note,2.0,tenor,55.0,37.5,G,,4,4,,no,yes,x,n,V,_,I,_,0.0,M,G,7.0,Mm7,G,7.0,M,2.0,1,1,_,1.0,1.0,0
176,182,37.0,note,3.0,alto,60.0,37.5,C,,4,4,,yes,yes,S,n,V,_,I,_,0.0,M,G,7.0,Mm7,G,7.0,M,2.0,4,4,_,1.0,1.0,0
177,183,37.0,note,4.0,soprn,69.0,37.5,A,,4,4,,yes,yes,F,n,V,_,I,_,0.0,M,G,7.0,Mm7,G,7.0,M,2.0,2,2,_,1.0,1.0,0
178,184,37.5,note,1.0,bass,50.0,38.0,D,,4,4,,yes,no,R,y,V,_,I,_,0.0,M,G,7.0,Mm7,G,7.0,M,2.0,5,5,_,1.0,1.0,0
179,185,37.5,note,2.0,tenor,54.0,38.0,F#,,4,4,,yes,no,T,n,V,_,I,_,0.0,M,G,7.0,Mm7,G,7.0,M,2.0,7,7,_,1.0,1.0,0
180,186,37.5,note,3.0,alto,60.0,38.0,C,,4,4,,yes,no,S,n,V,_,I,_,0.0,M,G,7.0,Mm7,G,7.0,M,2.0,4,4,_,1.0,1.0,0
181,187,37.5,note,4.0,soprn,69.0,38.0,A,,4,4,,yes,no,F,n,V,_,I,_,0.0,M,G,7.0,Mm7,G,7.0,M,2.0,2,2,_,1.0,1.0,0
182,188,38.0,note,1.0,bass,43.0,40.0,G,,4,4,,yes,yes,R,y,I,_,I,_,0.0,M,G,7.0,M,G,7.0,M,7.0,1,1,_,1.0,1.0,0
183,189,38.0,note,2.0,tenor,55.0,40.0,G,,4,4,,yes,yes,R,y,I,_,I,_,0.0,M,G,7.0,M,G,7.0,M,7.0,1,1,_,1.0,1.0,0
184,190,38.0,note,3.0,alto,59.0,40.0,B,,4,4,,yes,yes,T,n,I,_,I,_,0.0,M,G,7.0,M,G,7.0,M,7.0,3,3,_,1.0,1.0,0
185,191,38.0,note,4.0,soprn,67.0,40.0,G,,4,4,,yes,yes,R,y,I,_,I,_,0.0,M,G,7.0,M,G,7.0,M,7.0,1,1,_,1.0,1.0,0
186,192,40.0,bar,,,,44.0,,,4,4,,na,na,na,na,na,na,na,na,,na,na,,na,na,,na,,na,na,na,,,0
187,193,40.0,note,1.0,bass,48.0,42.0,C,,4,4,,yes,yes,R,y,IV,_,I,_,0.0,M,G,7.0,M,G,7.0,M,0.0,4,4,_,1.0,1.0,0
188,194,40.0,note,2.0,tenor,55.0,42.0,G,,4,4,,yes,yes,F,n,IV,_,I,_,0.0,M,G,7.0,M,G,7.0,M,0.0,1,1,_,1.0,1.0,0
189,195,40.0,note,3.0,alto,64.0,42.0,E,,4,4,,yes,yes,T,n,IV,_,I,_,0.0,M,G,7.0,M,G,7.0,M,0.0,6,6,_,1.0,1.0,0
190,196,40.0,note,4.0,soprn,67.0,42.0,G,,4,4,,yes,yes,F,n,IV,_,I,_,0.0,M,G,7.0,M,G,7.0,M,0.0,1,1,_,1.0,1.0,0
191,197,42.0,note,1.0,bass,45.0,43.0,A,,4,4,,yes,yes,R,y,II,_,I,_,0.0,M,G,7.0,m,G,7.0,M,9.0,2,2,_,1.0,1.0,0
192,198,42.0,note,2.0,tenor,57.0,43.0,A,,4,4,,yes,yes,R,y,II,_,I,_,0.0,M,G,7.0,m,G,7.0,M,9.0,2,2,_,1.0,1.0,0
193,199,42.0,note,3.0,alto,64.0,43.0,E,,4,4,,yes,yes,F,n,II,_,I,_,0.0,M,G,7.0,m,G,7.0,M,9.0,6,6,_,1.0,1.0,0
194,200,42.0,note,4.0,soprn,72.0,43.0,C,,4,4,,yes,yes,T,n,II,_,I,_,0.0,M,G,7.0,m,G,7.0,M,9.0,4,4,_,1.0,1.0,0
195,201,43.0,note,1.0,bass,52.0,43.5,E,,4,4,,yes,yes,R,y,V,_,I,_,0.0,m,a,9.0,M,a,9.0,m,4.0,5,5,_,0.0,0.0,0
196,202,43.0,note,2.0,tenor,56.0,43.5,G#,,4,4,,yes,yes,T,n,V,_,I,_,0.0,m,a,9.0,M,a,9.0,m,4.0,#7,7,#,0.0,0.0,0
197,203,43.0,note,3.0,alto,64.0,43.5,E,,4,4,,yes,yes,R,y,V,_,I,_,0.0,m,a,9.0,M,a,9.0,m,4.0,5,5,_,0.0,0.0,0
198,204,43.0,note,4.0,soprn,71.0,43.5,B,,4,4,,yes,yes,F,n,V,_,I,_,0.0,m,a,9.0,M,a,9.0,m,4.0,2,2,_,0.0,0.0,0
199,205,43.5,note,1.0,bass,52.0,44.0,E,,4,4,,yes,yes,R,y,V,_,I,_,0.0,m,a,9.0,Mm7,a,9.0,m,4.0,5,5,_,0.0,0.0,0
200,206,43.5,note,2.0,tenor,56.0,44.0,G#,,4,4,,yes,yes,T,n,V,_,I,_,0.0,m,a,9.0,Mm7,a,9.0,m,4.0,#7,7,#,0.0,0.0,0
201,207,43.5,note,3.0,alto,62.0,44.0,D,,4,4,,yes,yes,S,n,V,_,I,_,0.0,m,a,9.0,Mm7,a,9.0,m,4.0,4,4,_,0.0,0.0,0
202,208,43.5,note,4.0,soprn,71.0,44.0,B,,4,4,,yes,yes,F,n,V,_,I,_,0.0,m,a,9.0,Mm7,a,9.0,m,4.0,2,2,_,0.0,0.0,0
203,209,44.0,bar,,,,48.0,,,4,4,,na,na,na,na,na,na,na,na,,na,na,,na,na,,na,,na,na,na,,,0
204,210,44.0,note,1.0,bass,53.0,45.0,F,,4,4,,yes,yes,R,y,VI,_,I,_,0.0,m,a,9.0,M,a,9.0,m,5.0,6,6,_,0.0,0.0,0
205,211,44.0,note,2.0,tenor,57.0,45.0,A,,4,4,,yes,yes,T,n,VI,_,I,_,0.0,m,a,9.0,M,a,9.0,m,5.0,1,1,_,0.0,0.0,0
206,212,44.0,note,3.0,alto,60.0,45.0,C,,4,4,,yes,yes,F,n,VI,_,I,_,0.0,m,a,9.0,M,a,9.0,m,5.0,3,3,_,0.0,0.0,0
207,213,44.0,note,4.0,soprn,69.0,45.0,A,,4,4,,yes,yes,T,n,VI,_,I,_,0.0,m,a,9.0,M,a,9.0,m,5.0,1,1,_,0.0,0.0,0
208,214,45.0,note,1.0,bass,48.0,46.0,C,,4,4,,yes,yes,R,y,III,_,I,_,0.0,m,a,9.0,M,a,9.0,m,0.0,3,3,_,0.0,0.0,0
209,215,45.0,note,2.0,tenor,55.0,46.0,G,,4,4,,yes,yes,F,n,III,_,I,_,0.0,m,a,9.0,M,a,9.0,m,0.0,7,7,_,0.0,0.0,0
210,216,45.0,note,3.0,alto,60.0,46.0,C,,4,4,,yes,yes,R,y,III,_,I,_,0.0,m,a,9.0,M,a,9.0,m,0.0,3,3,_,0.0,0.0,0
211,217,45.0,note,4.0,soprn,64.0,46.0,E,,4,4,,yes,yes,T,n,III,_,I,_,0.0,m,a,9.0,M,a,9.0,m,0.0,5,5,_,0.0,0.0,0
212,218,46.0,note,1.0,bass,46.0,47.0,Bb,,4,4,,yes,yes,T,y,IV,_,IV,_,1.0,m,a,9.0,m,d,2.0,m,7.0,b2,2,b,0.0,-1.0,1
213,219,46.0,note,2.0,tenor,55.0,47.0,G,,4,4,,yes,yes,R,n,IV,_,IV,_,1.0,m,a,9.0,m,d,2.0,m,7.0,7,7,_,0.0,-1.0,1
214,220,46.0,note,3.0,alto,62.0,47.0,D,,4,4,,yes,yes,F,n,IV,_,IV,_,1.0,m,a,9.0,m,d,2.0,m,7.0,4,4,_,0.0,-1.0,1
215,221,46.0,note,4.0,soprn,67.0,47.0,G,,4,4,,yes,yes,R,n,IV,_,IV,_,1.0,m,a,9.0,m,d,2.0,m,7.0,7,7,_,0.0,-1.0,1
216,222,47.0,note,1.0,bass,45.0,48.0,A,,4,4,,yes,yes,F,y,IV,_,I,_,2.0,m,a,9.0,m,a,9.0,m,2.0,1,1,_,0.0,0.0,0
217,223,47.0,note,2.0,tenor,57.0,48.0,A,,4,4,,yes,yes,F,y,IV,_,I,_,2.0,m,a,9.0,m,a,9.0,m,2.0,1,1,_,0.0,0.0,0
218,224,47.0,note,3.0,alto,62.0,48.0,D,,4,4,,yes,yes,R,n,IV,_,I,_,2.0,m,a,9.0,m,a,9.0,m,2.0,4,4,_,0.0,0.0,0
219,225,47.0,note,4.0,soprn,65.0,48.0,F,,4,4,,yes,yes,T,n,IV,_,I,_,2.0,m,a,9.0,m,a,9.0,m,2.0,6,6,_,0.0,0.0,0
220,226,48.0,bar,,,,52.0,,,4,4,,na,na,na,na,na,na,na,na,,na,na,,na,na,,na,,na,na,na,,,0
221,227,48.0,note,1.0,bass,44.0,49.0,G#,,4,4,,yes,yes,T,y,V,_,I,_,1.0,m,a,9.0,Mm7,a,9.0,m,4.0,#7,7,#,0.0,0.0,0
222,228,48.0,note,2.0,tenor,59.0,49.0,B,,4,4,,yes,yes,F,n,V,_,I,_,1.0,m,a,9.0,Mm7,a,9.0,m,4.0,2,2,_,0.0,0.0,0
223,229,48.0,note,3.0,alto,62.0,49.0,D,,4,4,,yes,yes,S,n,V,_,I,_,1.0,m,a,9.0,Mm7,a,9.0,m,4.0,4,4,_,0.0,0.0,0
224,230,48.0,note,4.0,soprn,64.0,49.0,E,,4,4,,yes,yes,R,n,V,_,I,_,1.0,m,a,9.0,Mm7,a,9.0,m,4.0,5,5,_,0.0,0.0,0
225,231,49.0,note,1.0,bass,45.0,50.0,A,,4,4,,yes,yes,R,y,I,_,I,_,0.0,m,a,9.0,m,a,9.0,m,9.0,1,1,_,0.0,0.0,0
226,232,49.0,note,2.0,tenor,57.0,50.0,A,,4,4,,yes,yes,R,y,I,_,I,_,0.0,m,a,9.0,m,a,9.0,m,9.0,1,1,_,0.0,0.0,0
227,233,49.0,note,3.0,alto,60.0,50.0,C,,4,4,,yes,yes,T,n,I,_,I,_,0.0,m,a,9.0,m,a,9.0,m,9.0,3,3,_,0.0,0.0,0
228,234,49.0,note,4.0,soprn,64.0,50.0,E,,4,4,,yes,yes,F,n,I,_,I,_,0.0,m,a,9.0,m,a,9.0,m,9.0,5,5,_,0.0,0.0,0
229,235,50.0,note,1.0,bass,40.0,52.0,E,,4,4,,yes,yes,R,y,V,_,I,_,0.0,m,a,9.0,M,a,9.0,m,4.0,5,5,_,0.0,0.0,0
230,236,50.0,note,2.0,tenor,56.0,52.0,G#,,4,4,,yes,yes,T,n,V,_,I,_,0.0,m,a,9.0,M,a,9.0,m,4.0,#7,7,#,0.0,0.0,0
231,237,50.0,note,3.0,alto,59.0,52.0,B,,4,4,,yes,yes,F,n,V,_,I,_,0.0,m,a,9.0,M,a,9.0,m,4.0,2,2,_,0.0,0.0,0
232,238,50.0,note,4.0,soprn,64.0,52.0,E,,4,4,,yes,yes,R,y,V,_,I,_,0.0,m,a,9.0,M,a,9.0,m,4.0,5,5,_,0.0,0.0,0
