{"salami_sliced": true, "n_salami_sliced_notes": 39296, "n_unsalami_sliced_notes": 27548, "n_undedoubled_notes": 39296, "n_dedoubled_notes": 38512, "dedoubled": true, "n_chords": 6573, "global_key": "g", "global_key_sig": -2, "paths": ["/Users/malcolm/datasets/humdrum-data/bach-js/371chorales/kern/chor269.krn", "/Users/malcolm/datasets/When-in-Rome/Corpus/Early_Choral/Bach,_Johann_Sebastian/Chorales/269/analysis.txt"], "score_name": "Bach,_Johann_Sebastian_Chorales_269", "synthetic": false, "has_weights": false, "has_instrument": true, "has_spelling": true, "has_scale_degree": true, "has_time_signatures": true, "merged_notes": false, "has_harmonic_analysis": true, "spelled_columns": ["spelling", "key", "granular_key"], "pc_columns": ["key_pc", "granular_key_pc", "root_pc"], "key_sig_class_columns": ["key_signature", "granular_key_signature"]}