{"salami_sliced": true, "n_salami_sliced_notes": 86480, "n_unsalami_sliced_notes": 60663, "n_undedoubled_notes": 86480, "n_dedoubled_notes": 84798, "dedoubled": true, "n_chords": 14421, "global_key": "A", "global_key_sig": 3, "paths": ["/Users/malcolm/datasets/humdrum-data/bach-js/371chorales/kern/chor032.krn", "/Users/malcolm/datasets/When-in-Rome/Corpus/Early_Choral/Bach,_Johann_Sebastian/Chorales/032/analysis.txt"], "score_name": "Bach,_Johann_Sebastian_Chorales_032", "synthetic": false, "has_weights": false, "has_instrument": true, "has_spelling": true, "has_scale_degree": true, "has_time_signatures": true, "merged_notes": false, "has_harmonic_analysis": true, "spelled_columns": ["spelling", "key", "granular_key"], "pc_columns": ["key_pc", "granular_key_pc", "root_pc"], "key_sig_class_columns": ["key_signature", "granular_key_signature"]}