,original_index,onset,type,track,instrument,pitch,release,spelling,other,ts_numerator,ts_denominator,duplicated_indices,chord_tone,harmony_onset,chord_factors,bass_pcs,primary_degree,primary_alteration,secondary_degree,secondary_alteration,inversion,mode,key,key_pc,quality,granular_key,granular_key_pc,granular_mode,root_pc,scale_degree,scale_degree_step,scale_degree_alteration,key_signature,granular_key_signature,tonicization
0,0,0.0,time_signature,,,,,,"{""numerator"": 3, ""denominator"": 4}",3,4,,na,na,na,na,na,na,na,na,,na,na,,na,na,,na,,na,na,na,,,0
1,1,0.0,bar,,,,1.0,,,4,4,,na,na,na,na,na,na,na,na,,na,na,,na,na,,na,,na,na,na,,,0
2,2,0.0,note,1.0,bass,46.0,0.5,Bb,,3,4,,yes,yes,R,y,I,_,I,_,0.0,M,Bb,10.0,M,Bb,10.0,M,10.0,1,1,_,-2.0,-2.0,0
3,3,0.0,note,2.0,tenor,62.0,0.5,D,,3,4,,yes,yes,T,n,I,_,I,_,0.0,M,Bb,10.0,M,Bb,10.0,M,10.0,3,3,_,-2.0,-2.0,0
4,4,0.0,note,3.0,alto,65.0,0.5,F,,3,4,,yes,yes,F,n,I,_,I,_,0.0,M,Bb,10.0,M,Bb,10.0,M,10.0,5,5,_,-2.0,-2.0,0
5,5,0.0,note,4.0,soprn,70.0,0.5,Bb,,3,4,,yes,yes,R,y,I,_,I,_,0.0,M,Bb,10.0,M,Bb,10.0,M,10.0,1,1,_,-2.0,-2.0,0
6,6,0.5,note,1.0,bass,45.0,1.0,A,,3,4,,no,no,x,n,I,_,I,_,0.0,M,Bb,10.0,M,Bb,10.0,M,10.0,7,7,_,-2.0,-2.0,0
7,7,0.5,note,2.0,tenor,62.0,1.0,D,,3,4,,yes,no,T,n,I,_,I,_,0.0,M,Bb,10.0,M,Bb,10.0,M,10.0,3,3,_,-2.0,-2.0,0
8,8,0.5,note,3.0,alto,65.0,1.0,F,,3,4,,yes,no,F,n,I,_,I,_,0.0,M,Bb,10.0,M,Bb,10.0,M,10.0,5,5,_,-2.0,-2.0,0
9,9,0.5,note,4.0,soprn,70.0,1.0,Bb,,3,4,,yes,no,R,y,I,_,I,_,0.0,M,Bb,10.0,M,Bb,10.0,M,10.0,1,1,_,-2.0,-2.0,0
10,10,1.0,bar,,,,4.0,,,3,4,,na,na,na,na,na,na,na,na,,na,na,,na,na,,na,,na,na,na,,,0
11,11,1.0,note,1.0,bass,43.0,1.5,G,,3,4,,yes,yes,R,y,VI,_,I,_,0.0,M,Bb,10.0,m,Bb,10.0,M,7.0,6,6,_,-2.0,-2.0,0
12,12,1.0,note,2.0,tenor,62.0,1.5,D,,3,4,,yes,yes,F,n,VI,_,I,_,0.0,M,Bb,10.0,m,Bb,10.0,M,7.0,3,3,_,-2.0,-2.0,0
13,13,1.0,note,3.0,alto,67.0,1.5,G,,3,4,,yes,yes,R,y,VI,_,I,_,0.0,M,Bb,10.0,m,Bb,10.0,M,7.0,6,6,_,-2.0,-2.0,0
14,14,1.0,note,4.0,soprn,70.0,1.5,Bb,,3,4,,yes,yes,T,n,VI,_,I,_,0.0,M,Bb,10.0,m,Bb,10.0,M,7.0,1,1,_,-2.0,-2.0,0
15,15,1.5,note,1.0,bass,45.0,2.0,A,,3,4,,no,no,x,n,VI,_,I,_,0.0,M,Bb,10.0,m,Bb,10.0,M,7.0,7,7,_,-2.0,-2.0,0
16,16,1.5,note,2.0,tenor,62.0,2.0,D,,3,4,,yes,no,F,n,VI,_,I,_,0.0,M,Bb,10.0,m,Bb,10.0,M,7.0,3,3,_,-2.0,-2.0,0
17,17,1.5,note,3.0,alto,67.0,2.0,G,,3,4,,yes,no,R,y,VI,_,I,_,0.0,M,Bb,10.0,m,Bb,10.0,M,7.0,6,6,_,-2.0,-2.0,0
18,18,1.5,note,4.0,soprn,70.0,2.0,Bb,,3,4,,yes,no,T,n,VI,_,I,_,0.0,M,Bb,10.0,m,Bb,10.0,M,7.0,1,1,_,-2.0,-2.0,0
19,19,2.0,note,1.0,bass,46.0,2.5,Bb,,3,4,,yes,yes,T,y,VI,_,I,_,1.0,M,Bb,10.0,m,Bb,10.0,M,7.0,1,1,_,-2.0,-2.0,0
20,20,2.0,note,2.0,tenor,62.0,2.5,D,,3,4,,yes,yes,F,n,VI,_,I,_,1.0,M,Bb,10.0,m,Bb,10.0,M,7.0,3,3,_,-2.0,-2.0,0
21,21,2.0,note,3.0,alto,67.0,2.5,G,,3,4,,yes,yes,R,n,VI,_,I,_,1.0,M,Bb,10.0,m,Bb,10.0,M,7.0,6,6,_,-2.0,-2.0,0
22,22,2.0,note,4.0,soprn,70.0,2.5,Bb,,3,4,,yes,yes,T,y,VI,_,I,_,1.0,M,Bb,10.0,m,Bb,10.0,M,7.0,1,1,_,-2.0,-2.0,0
23,23,2.5,note,1.0,bass,48.0,3.0,C,,3,4,,no,no,x,n,VI,_,I,_,1.0,M,Bb,10.0,m,Bb,10.0,M,7.0,2,2,_,-2.0,-2.0,0
24,24,2.5,note,2.0,tenor,62.0,3.0,D,,3,4,,yes,no,F,n,VI,_,I,_,1.0,M,Bb,10.0,m,Bb,10.0,M,7.0,3,3,_,-2.0,-2.0,0
25,25,2.5,note,3.0,alto,67.0,3.0,G,,3,4,,yes,no,R,n,VI,_,I,_,1.0,M,Bb,10.0,m,Bb,10.0,M,7.0,6,6,_,-2.0,-2.0,0
26,26,2.5,note,4.0,soprn,70.0,3.0,Bb,,3,4,,yes,no,T,y,VI,_,I,_,1.0,M,Bb,10.0,m,Bb,10.0,M,7.0,1,1,_,-2.0,-2.0,0
27,27,3.0,note,1.0,bass,50.0,3.5,D,,3,4,,yes,yes,R,y,III,_,I,_,0.0,M,Bb,10.0,m,Bb,10.0,M,2.0,3,3,_,-2.0,-2.0,0
28,28,3.0,note,2.0,tenor,62.0,3.5,D,,3,4,,yes,yes,R,y,III,_,I,_,0.0,M,Bb,10.0,m,Bb,10.0,M,2.0,3,3,_,-2.0,-2.0,0
29,29,3.0,note,3.0,alto,65.0,3.5,F,,3,4,,yes,yes,T,n,III,_,I,_,0.0,M,Bb,10.0,m,Bb,10.0,M,2.0,5,5,_,-2.0,-2.0,0
30,30,3.0,note,4.0,soprn,69.0,3.5,A,,3,4,,yes,yes,F,n,III,_,I,_,0.0,M,Bb,10.0,m,Bb,10.0,M,2.0,7,7,_,-2.0,-2.0,0
31,31,3.5,note,1.0,bass,46.0,4.0,Bb,,3,4,,yes,yes,R,y,I,_,I,_,0.0,M,Bb,10.0,M,Bb,10.0,M,10.0,1,1,_,-2.0,-2.0,0
32,32,3.5,note,2.0,tenor,62.0,4.0,D,,3,4,,yes,yes,T,n,I,_,I,_,0.0,M,Bb,10.0,M,Bb,10.0,M,10.0,3,3,_,-2.0,-2.0,0
33,33,3.5,note,3.0,alto,65.0,4.0,F,,3,4,,yes,yes,F,n,I,_,I,_,0.0,M,Bb,10.0,M,Bb,10.0,M,10.0,5,5,_,-2.0,-2.0,0
34,34,3.5,note,4.0,soprn,69.0,4.0,A,,3,4,,no,yes,x,n,I,_,I,_,0.0,M,Bb,10.0,M,Bb,10.0,M,10.0,7,7,_,-2.0,-2.0,0
35,35,4.0,bar,,,,7.0,,,3,4,,na,na,na,na,na,na,na,na,,na,na,,na,na,,na,,na,na,na,,,0
36,36,4.0,note,1.0,bass,51.0,4.5,Eb,,3,4,,yes,yes,R,y,IV,_,I,_,0.0,M,Bb,10.0,M,Bb,10.0,M,3.0,4,4,_,-2.0,-2.0,0
37,37,4.0,note,2.0,tenor,58.0,4.5,Bb,,3,4,,yes,yes,F,n,IV,_,I,_,0.0,M,Bb,10.0,M,Bb,10.0,M,3.0,1,1,_,-2.0,-2.0,0
38,38,4.0,note,3.0,alto,63.0,4.5,Eb,,3,4,,yes,yes,R,y,IV,_,I,_,0.0,M,Bb,10.0,M,Bb,10.0,M,3.0,4,4,_,-2.0,-2.0,0
39,39,4.0,note,4.0,soprn,67.0,4.5,G,,3,4,,yes,yes,T,n,IV,_,I,_,0.0,M,Bb,10.0,M,Bb,10.0,M,3.0,6,6,_,-2.0,-2.0,0
40,40,4.5,note,1.0,bass,53.0,5.0,F,,3,4,,no,no,x,n,IV,_,I,_,0.0,M,Bb,10.0,M,Bb,10.0,M,3.0,5,5,_,-2.0,-2.0,0
41,41,4.5,note,2.0,tenor,58.0,5.0,Bb,,3,4,,yes,no,F,n,IV,_,I,_,0.0,M,Bb,10.0,M,Bb,10.0,M,3.0,1,1,_,-2.0,-2.0,0
42,42,4.5,note,3.0,alto,63.0,5.0,Eb,,3,4,,yes,no,R,y,IV,_,I,_,0.0,M,Bb,10.0,M,Bb,10.0,M,3.0,4,4,_,-2.0,-2.0,0
43,43,4.5,note,4.0,soprn,67.0,5.0,G,,3,4,,yes,no,T,n,IV,_,I,_,0.0,M,Bb,10.0,M,Bb,10.0,M,3.0,6,6,_,-2.0,-2.0,0
44,44,5.0,note,1.0,bass,55.0,5.5,G,,3,4,,yes,yes,T,y,IV,_,I,_,1.0,M,Bb,10.0,M,Bb,10.0,M,3.0,6,6,_,-2.0,-2.0,0
45,45,5.0,note,2.0,tenor,58.0,5.5,Bb,,3,4,,yes,yes,F,n,IV,_,I,_,1.0,M,Bb,10.0,M,Bb,10.0,M,3.0,1,1,_,-2.0,-2.0,0
46,46,5.0,note,3.0,alto,63.0,5.5,Eb,,3,4,,yes,yes,R,n,IV,_,I,_,1.0,M,Bb,10.0,M,Bb,10.0,M,3.0,4,4,_,-2.0,-2.0,0
47,47,5.0,note,4.0,soprn,67.0,5.5,G,,3,4,,yes,yes,T,y,IV,_,I,_,1.0,M,Bb,10.0,M,Bb,10.0,M,3.0,6,6,_,-2.0,-2.0,0
48,48,5.5,note,1.0,bass,57.0,6.0,A,,3,4,,no,no,x,n,IV,_,I,_,1.0,M,Bb,10.0,M,Bb,10.0,M,3.0,7,7,_,-2.0,-2.0,0
49,49,5.5,note,2.0,tenor,58.0,6.0,Bb,,3,4,,yes,no,F,n,IV,_,I,_,1.0,M,Bb,10.0,M,Bb,10.0,M,3.0,1,1,_,-2.0,-2.0,0
50,50,5.5,note,3.0,alto,63.0,6.0,Eb,,3,4,,yes,no,R,n,IV,_,I,_,1.0,M,Bb,10.0,M,Bb,10.0,M,3.0,4,4,_,-2.0,-2.0,0
51,51,5.5,note,4.0,soprn,67.0,6.0,G,,3,4,,yes,no,T,y,IV,_,I,_,1.0,M,Bb,10.0,M,Bb,10.0,M,3.0,6,6,_,-2.0,-2.0,0
52,52,6.0,note,1.0,bass,58.0,6.5,Bb,,3,4,"52,53",yes,yes,R,y,I,_,I,_,0.0,M,Bb,10.0,M,Bb,10.0,M,10.0,1,1,_,-2.0,-2.0,0
53,54,6.0,note,3.0,alto,62.0,6.5,D,,3,4,,yes,yes,T,n,I,_,I,_,0.0,M,Bb,10.0,M,Bb,10.0,M,10.0,3,3,_,-2.0,-2.0,0
54,55,6.0,note,4.0,soprn,65.0,6.5,F,,3,4,,yes,yes,F,n,I,_,I,_,0.0,M,Bb,10.0,M,Bb,10.0,M,10.0,5,5,_,-2.0,-2.0,0
55,56,6.5,note,1.0,bass,57.0,7.0,A,,3,4,,no,no,x,n,I,_,I,_,0.0,M,Bb,10.0,M,Bb,10.0,M,10.0,7,7,_,-2.0,-2.0,0
56,57,6.5,note,2.0,tenor,58.0,7.0,Bb,,3,4,,yes,no,R,y,I,_,I,_,0.0,M,Bb,10.0,M,Bb,10.0,M,10.0,1,1,_,-2.0,-2.0,0
57,58,6.5,note,3.0,alto,62.0,7.0,D,,3,4,,yes,no,T,n,I,_,I,_,0.0,M,Bb,10.0,M,Bb,10.0,M,10.0,3,3,_,-2.0,-2.0,0
58,59,6.5,note,4.0,soprn,65.0,7.0,F,,3,4,,yes,no,F,n,I,_,I,_,0.0,M,Bb,10.0,M,Bb,10.0,M,10.0,5,5,_,-2.0,-2.0,0
59,60,7.0,bar,,,,10.0,,,3,4,,na,na,na,na,na,na,na,na,,na,na,,na,na,,na,,na,na,na,,,0
60,61,7.0,note,1.0,bass,55.0,7.5,G,,3,4,,yes,yes,R,y,VI,_,I,_,0.0,M,Bb,10.0,m,Bb,10.0,M,7.0,6,6,_,-2.0,-2.0,0
61,62,7.0,note,2.0,tenor,58.0,7.5,Bb,,3,4,,yes,yes,T,n,VI,_,I,_,0.0,M,Bb,10.0,m,Bb,10.0,M,7.0,1,1,_,-2.0,-2.0,0
62,63,7.0,note,3.0,alto,62.0,7.5,D,,3,4,,yes,yes,F,n,VI,_,I,_,0.0,M,Bb,10.0,m,Bb,10.0,M,7.0,3,3,_,-2.0,-2.0,0
63,64,7.0,note,4.0,soprn,70.0,7.5,Bb,,3,4,,yes,yes,T,n,VI,_,I,_,0.0,M,Bb,10.0,m,Bb,10.0,M,7.0,1,1,_,-2.0,-2.0,0
64,65,7.5,note,1.0,bass,53.0,8.0,F,,3,4,,no,no,x,n,VI,_,I,_,0.0,M,Bb,10.0,m,Bb,10.0,M,7.0,5,5,_,-2.0,-2.0,0
65,66,7.5,note,2.0,tenor,58.0,8.0,Bb,,3,4,,yes,no,T,n,VI,_,I,_,0.0,M,Bb,10.0,m,Bb,10.0,M,7.0,1,1,_,-2.0,-2.0,0
66,67,7.5,note,3.0,alto,62.0,8.0,D,,3,4,,yes,no,F,n,VI,_,I,_,0.0,M,Bb,10.0,m,Bb,10.0,M,7.0,3,3,_,-2.0,-2.0,0
67,68,7.5,note,4.0,soprn,70.0,8.0,Bb,,3,4,,yes,no,T,n,VI,_,I,_,0.0,M,Bb,10.0,m,Bb,10.0,M,7.0,1,1,_,-2.0,-2.0,0
68,69,8.0,note,1.0,bass,51.0,8.5,Eb,,3,4,,yes,yes,T,y,II,_,I,_,1.0,M,Bb,10.0,m,Bb,10.0,M,0.0,4,4,_,-2.0,-2.0,0
69,70,8.0,note,2.0,tenor,58.0,8.5,Bb,,3,4,,no,yes,x,n,II,_,I,_,1.0,M,Bb,10.0,m,Bb,10.0,M,0.0,1,1,_,-2.0,-2.0,0
70,71,8.0,note,3.0,alto,67.0,8.5,G,,3,4,,yes,yes,F,n,II,_,I,_,1.0,M,Bb,10.0,m,Bb,10.0,M,0.0,6,6,_,-2.0,-2.0,0
71,72,8.0,note,4.0,soprn,72.0,8.5,C,,3,4,,yes,yes,R,n,II,_,I,_,1.0,M,Bb,10.0,m,Bb,10.0,M,0.0,2,2,_,-2.0,-2.0,0
72,73,8.5,note,1.0,bass,50.0,9.0,D,,3,4,,no,no,x,n,II,_,I,_,1.0,M,Bb,10.0,m,Bb,10.0,M,0.0,3,3,_,-2.0,-2.0,0
73,74,8.5,note,2.0,tenor,58.0,9.0,Bb,,3,4,,no,no,x,n,II,_,I,_,1.0,M,Bb,10.0,m,Bb,10.0,M,0.0,1,1,_,-2.0,-2.0,0
74,75,8.5,note,3.0,alto,67.0,9.0,G,,3,4,,yes,no,F,n,II,_,I,_,1.0,M,Bb,10.0,m,Bb,10.0,M,0.0,6,6,_,-2.0,-2.0,0
75,76,8.5,note,4.0,soprn,72.0,9.0,C,,3,4,,yes,no,R,n,II,_,I,_,1.0,M,Bb,10.0,m,Bb,10.0,M,0.0,2,2,_,-2.0,-2.0,0
76,77,9.0,note,1.0,bass,51.0,9.5,Eb,,3,4,,no,yes,x,n,V,_,I,_,0.0,M,Bb,10.0,M,Bb,10.0,M,5.0,4,4,_,-2.0,-2.0,0
77,78,9.0,note,2.0,tenor,57.0,9.5,A,,3,4,,yes,yes,T,n,V,_,I,_,0.0,M,Bb,10.0,M,Bb,10.0,M,5.0,7,7,_,-2.0,-2.0,0
78,79,9.0,note,3.0,alto,65.0,9.5,F,,3,4,,yes,yes,R,y,V,_,I,_,0.0,M,Bb,10.0,M,Bb,10.0,M,5.0,5,5,_,-2.0,-2.0,0
79,80,9.0,note,4.0,soprn,72.0,9.5,C,,3,4,,yes,yes,F,n,V,_,I,_,0.0,M,Bb,10.0,M,Bb,10.0,M,5.0,2,2,_,-2.0,-2.0,0
80,81,9.5,note,1.0,bass,53.0,10.0,F,,3,4,,yes,no,R,y,V,_,I,_,0.0,M,Bb,10.0,M,Bb,10.0,M,5.0,5,5,_,-2.0,-2.0,0
81,82,9.5,note,2.0,tenor,57.0,10.0,A,,3,4,,yes,no,T,n,V,_,I,_,0.0,M,Bb,10.0,M,Bb,10.0,M,5.0,7,7,_,-2.0,-2.0,0
82,83,9.5,note,3.0,alto,65.0,10.0,F,,3,4,,yes,no,R,y,V,_,I,_,0.0,M,Bb,10.0,M,Bb,10.0,M,5.0,5,5,_,-2.0,-2.0,0
83,84,9.5,note,4.0,soprn,72.0,10.0,C,,3,4,,yes,no,F,n,V,_,I,_,0.0,M,Bb,10.0,M,Bb,10.0,M,5.0,2,2,_,-2.0,-2.0,0
84,85,10.0,bar,,,,13.0,,,3,4,,na,na,na,na,na,na,na,na,,na,na,,na,na,,na,,na,na,na,,,0
85,86,10.0,note,1.0,bass,46.0,12.0,Bb,,3,4,,yes,yes,R,y,I,_,I,_,0.0,M,Bb,10.0,M,Bb,10.0,M,10.0,1,1,_,-2.0,-2.0,0
86,87,10.0,note,2.0,tenor,58.0,12.0,Bb,,3,4,,yes,yes,R,y,I,_,I,_,0.0,M,Bb,10.0,M,Bb,10.0,M,10.0,1,1,_,-2.0,-2.0,0
87,88,10.0,note,3.0,alto,65.0,12.0,F,,3,4,,yes,yes,F,n,I,_,I,_,0.0,M,Bb,10.0,M,Bb,10.0,M,10.0,5,5,_,-2.0,-2.0,0
88,89,10.0,note,4.0,soprn,74.0,12.0,D,,3,4,,yes,yes,T,n,I,_,I,_,0.0,M,Bb,10.0,M,Bb,10.0,M,10.0,3,3,_,-2.0,-2.0,0
89,90,12.0,note,1.0,bass,42.0,13.0,F#,,3,4,,yes,yes,T,y,V,_,VI,_,1.0,M,Bb,10.0,M,g,7.0,m,2.0,#5,5,#,-2.0,-2.0,1
90,91,12.0,note,2.0,tenor,57.0,13.0,A,,3,4,,yes,yes,F,n,V,_,VI,_,1.0,M,Bb,10.0,M,g,7.0,m,2.0,7,7,_,-2.0,-2.0,1
91,92,12.0,note,3.0,alto,69.0,13.0,A,,3,4,,yes,yes,F,n,V,_,VI,_,1.0,M,Bb,10.0,M,g,7.0,m,2.0,7,7,_,-2.0,-2.0,1
92,93,12.0,note,4.0,soprn,74.0,13.0,D,,3,4,,yes,yes,R,n,V,_,VI,_,1.0,M,Bb,10.0,M,g,7.0,m,2.0,3,3,_,-2.0,-2.0,1
93,94,13.0,bar,,,,16.0,,,3,4,,na,na,na,na,na,na,na,na,,na,na,,na,na,,na,,na,na,na,,,0
94,95,13.0,note,1.0,bass,43.0,13.5,G,,3,4,,yes,yes,R,y,VI,_,I,_,0.0,M,Bb,10.0,m,Bb,10.0,M,7.0,6,6,_,-2.0,-2.0,0
95,96,13.0,note,2.0,tenor,58.0,13.5,Bb,,3,4,,yes,yes,T,n,VI,_,I,_,0.0,M,Bb,10.0,m,Bb,10.0,M,7.0,1,1,_,-2.0,-2.0,0
96,97,13.0,note,3.0,alto,67.0,13.5,G,,3,4,,yes,yes,R,y,VI,_,I,_,0.0,M,Bb,10.0,m,Bb,10.0,M,7.0,6,6,_,-2.0,-2.0,0
97,98,13.0,note,4.0,soprn,74.0,13.5,D,,3,4,,yes,yes,F,n,VI,_,I,_,0.0,M,Bb,10.0,m,Bb,10.0,M,7.0,3,3,_,-2.0,-2.0,0
98,99,13.5,note,1.0,bass,50.0,14.0,D,,3,4,,yes,yes,F,y,VI,_,I,_,2.0,M,Bb,10.0,m,Bb,10.0,M,7.0,3,3,_,-2.0,-2.0,0
99,100,13.5,note,2.0,tenor,58.0,14.0,Bb,,3,4,,yes,yes,T,n,VI,_,I,_,2.0,M,Bb,10.0,m,Bb,10.0,M,7.0,1,1,_,-2.0,-2.0,0
100,101,13.5,note,3.0,alto,67.0,14.0,G,,3,4,,yes,yes,R,n,VI,_,I,_,2.0,M,Bb,10.0,m,Bb,10.0,M,7.0,6,6,_,-2.0,-2.0,0
101,102,13.5,note,4.0,soprn,74.0,14.0,D,,3,4,,yes,yes,F,y,VI,_,I,_,2.0,M,Bb,10.0,m,Bb,10.0,M,7.0,3,3,_,-2.0,-2.0,0
102,103,14.0,note,1.0,bass,55.0,14.5,G,,3,4,,yes,no,R,n,VI,_,I,_,2.0,M,Bb,10.0,m,Bb,10.0,M,7.0,6,6,_,-2.0,-2.0,0
103,104,14.0,note,2.0,tenor,58.0,14.5,Bb,,3,4,,yes,no,T,n,VI,_,I,_,2.0,M,Bb,10.0,m,Bb,10.0,M,7.0,1,1,_,-2.0,-2.0,0
104,105,14.0,note,3.0,alto,67.0,14.5,G,,3,4,,yes,no,R,n,VI,_,I,_,2.0,M,Bb,10.0,m,Bb,10.0,M,7.0,6,6,_,-2.0,-2.0,0
105,106,14.0,note,4.0,soprn,74.0,14.5,D,,3,4,,yes,no,F,y,VI,_,I,_,2.0,M,Bb,10.0,m,Bb,10.0,M,7.0,3,3,_,-2.0,-2.0,0
106,107,14.5,note,1.0,bass,53.0,15.0,F,,3,4,,no,no,x,n,VI,_,I,_,2.0,M,Bb,10.0,m,Bb,10.0,M,7.0,5,5,_,-2.0,-2.0,0
107,108,14.5,note,2.0,tenor,58.0,15.0,Bb,,3,4,,yes,no,T,n,VI,_,I,_,2.0,M,Bb,10.0,m,Bb,10.0,M,7.0,1,1,_,-2.0,-2.0,0
108,109,14.5,note,3.0,alto,67.0,15.0,G,,3,4,,yes,no,R,n,VI,_,I,_,2.0,M,Bb,10.0,m,Bb,10.0,M,7.0,6,6,_,-2.0,-2.0,0
109,110,14.5,note,4.0,soprn,74.0,15.0,D,,3,4,,yes,no,F,y,VI,_,I,_,2.0,M,Bb,10.0,m,Bb,10.0,M,7.0,3,3,_,-2.0,-2.0,0
110,111,15.0,note,1.0,bass,51.0,15.5,Eb,,3,4,,yes,yes,R,y,IV,_,I,_,0.0,M,Bb,10.0,M,Bb,10.0,M,3.0,4,4,_,-2.0,-2.0,0
111,112,15.0,note,2.0,tenor,58.0,15.5,Bb,,3,4,,yes,yes,F,n,IV,_,I,_,0.0,M,Bb,10.0,M,Bb,10.0,M,3.0,1,1,_,-2.0,-2.0,0
112,113,15.0,note,3.0,alto,67.0,15.5,G,,3,4,,yes,yes,T,n,IV,_,I,_,0.0,M,Bb,10.0,M,Bb,10.0,M,3.0,6,6,_,-2.0,-2.0,0
113,114,15.0,note,4.0,soprn,74.0,15.5,D,,3,4,,no,yes,x,n,IV,_,I,_,0.0,M,Bb,10.0,M,Bb,10.0,M,3.0,3,3,_,-2.0,-2.0,0
114,115,15.5,note,1.0,bass,50.0,16.0,D,,3,4,,no,no,x,n,IV,_,I,_,0.0,M,Bb,10.0,M,Bb,10.0,M,3.0,3,3,_,-2.0,-2.0,0
115,116,15.5,note,2.0,tenor,58.0,16.0,Bb,,3,4,,yes,no,F,n,IV,_,I,_,0.0,M,Bb,10.0,M,Bb,10.0,M,3.0,1,1,_,-2.0,-2.0,0
116,117,15.5,note,3.0,alto,67.0,16.0,G,,3,4,,yes,no,T,n,IV,_,I,_,0.0,M,Bb,10.0,M,Bb,10.0,M,3.0,6,6,_,-2.0,-2.0,0
117,118,15.5,note,4.0,soprn,74.0,16.0,D,,3,4,,no,no,x,n,IV,_,I,_,0.0,M,Bb,10.0,M,Bb,10.0,M,3.0,3,3,_,-2.0,-2.0,0
118,119,16.0,bar,,,,19.0,,,3,4,,na,na,na,na,na,na,na,na,,na,na,,na,na,,na,,na,na,na,,,0
119,120,16.0,note,1.0,bass,51.0,16.5,Eb,,3,4,,yes,yes,T,y,II,_,I,_,1.0,M,Bb,10.0,m,Bb,10.0,M,0.0,4,4,_,-2.0,-2.0,0
120,121,16.0,note,2.0,tenor,58.0,16.5,Bb,,3,4,,no,yes,x,n,II,_,I,_,1.0,M,Bb,10.0,m,Bb,10.0,M,0.0,1,1,_,-2.0,-2.0,0
121,122,16.0,note,3.0,alto,67.0,16.5,G,,3,4,,yes,yes,F,n,II,_,I,_,1.0,M,Bb,10.0,m,Bb,10.0,M,0.0,6,6,_,-2.0,-2.0,0
122,123,16.0,note,4.0,soprn,72.0,16.5,C,,3,4,,yes,yes,R,n,II,_,I,_,1.0,M,Bb,10.0,m,Bb,10.0,M,0.0,2,2,_,-2.0,-2.0,0
123,124,16.5,note,1.0,bass,48.0,17.0,C,,3,4,,yes,yes,R,y,II,_,I,_,0.0,M,Bb,10.0,m7,Bb,10.0,M,0.0,2,2,_,-2.0,-2.0,0
124,125,16.5,note,2.0,tenor,58.0,17.0,Bb,,3,4,,yes,yes,S,n,II,_,I,_,0.0,M,Bb,10.0,m7,Bb,10.0,M,0.0,1,1,_,-2.0,-2.0,0
125,126,16.5,note,3.0,alto,67.0,17.0,G,,3,4,,yes,yes,F,n,II,_,I,_,0.0,M,Bb,10.0,m7,Bb,10.0,M,0.0,6,6,_,-2.0,-2.0,0
126,127,16.5,note,4.0,soprn,72.0,17.0,C,,3,4,,yes,yes,R,y,II,_,I,_,0.0,M,Bb,10.0,m7,Bb,10.0,M,0.0,2,2,_,-2.0,-2.0,0
127,128,17.0,note,1.0,bass,53.0,17.5,F,,3,4,,yes,yes,R,y,V,_,I,_,0.0,M,Bb,10.0,M,Bb,10.0,M,5.0,5,5,_,-2.0,-2.0,0
128,129,17.0,note,2.0,tenor,57.0,17.5,A,,3,4,,yes,yes,T,n,V,_,I,_,0.0,M,Bb,10.0,M,Bb,10.0,M,5.0,7,7,_,-2.0,-2.0,0
129,130,17.0,note,3.0,alto,65.0,17.5,F,,3,4,,yes,yes,R,y,V,_,I,_,0.0,M,Bb,10.0,M,Bb,10.0,M,5.0,5,5,_,-2.0,-2.0,0
130,131,17.0,note,4.0,soprn,72.0,17.5,C,,3,4,,yes,yes,F,n,V,_,I,_,0.0,M,Bb,10.0,M,Bb,10.0,M,5.0,2,2,_,-2.0,-2.0,0
131,132,17.5,note,1.0,bass,51.0,18.0,Eb,,3,4,,yes,yes,S,y,V,_,I,_,3.0,M,Bb,10.0,Mm7,Bb,10.0,M,5.0,4,4,_,-2.0,-2.0,0
132,133,17.5,note,2.0,tenor,57.0,18.0,A,,3,4,,yes,yes,T,n,V,_,I,_,3.0,M,Bb,10.0,Mm7,Bb,10.0,M,5.0,7,7,_,-2.0,-2.0,0
133,134,17.5,note,3.0,alto,65.0,18.0,F,,3,4,,yes,yes,R,n,V,_,I,_,3.0,M,Bb,10.0,Mm7,Bb,10.0,M,5.0,5,5,_,-2.0,-2.0,0
134,135,17.5,note,4.0,soprn,72.0,18.0,C,,3,4,,yes,yes,F,n,V,_,I,_,3.0,M,Bb,10.0,Mm7,Bb,10.0,M,5.0,2,2,_,-2.0,-2.0,0
135,136,18.0,note,1.0,bass,50.0,18.5,D,,3,4,,yes,yes,T,y,I,_,I,_,1.0,M,Bb,10.0,M,Bb,10.0,M,10.0,3,3,_,-2.0,-2.0,0
136,137,18.0,note,2.0,tenor,58.0,18.5,Bb,,3,4,,yes,yes,R,n,I,_,I,_,1.0,M,Bb,10.0,M,Bb,10.0,M,10.0,1,1,_,-2.0,-2.0,0
137,138,18.0,note,3.0,alto,65.0,18.5,F,,3,4,,yes,yes,F,n,I,_,I,_,1.0,M,Bb,10.0,M,Bb,10.0,M,10.0,5,5,_,-2.0,-2.0,0
138,139,18.0,note,4.0,soprn,74.0,18.5,D,,3,4,,yes,yes,T,y,I,_,I,_,1.0,M,Bb,10.0,M,Bb,10.0,M,10.0,3,3,_,-2.0,-2.0,0
139,140,18.5,note,1.0,bass,48.0,19.0,C,,3,4,,no,no,x,n,I,_,I,_,1.0,M,Bb,10.0,M,Bb,10.0,M,10.0,2,2,_,-2.0,-2.0,0
140,141,18.5,note,2.0,tenor,58.0,19.0,Bb,,3,4,,yes,no,R,n,I,_,I,_,1.0,M,Bb,10.0,M,Bb,10.0,M,10.0,1,1,_,-2.0,-2.0,0
141,142,18.5,note,3.0,alto,65.0,19.0,F,,3,4,,yes,no,F,n,I,_,I,_,1.0,M,Bb,10.0,M,Bb,10.0,M,10.0,5,5,_,-2.0,-2.0,0
142,143,18.5,note,4.0,soprn,74.0,19.0,D,,3,4,,yes,no,T,y,I,_,I,_,1.0,M,Bb,10.0,M,Bb,10.0,M,10.0,3,3,_,-2.0,-2.0,0
143,144,19.0,bar,,,,22.0,,,3,4,,na,na,na,na,na,na,na,na,,na,na,,na,na,,na,,na,na,na,,,0
144,145,19.0,note,1.0,bass,46.0,19.5,Bb,,3,4,,no,yes,x,n,V,_,I,_,1.0,M,Bb,10.0,Mm7,Bb,10.0,M,5.0,1,1,_,-2.0,-2.0,0
145,146,19.0,note,2.0,tenor,60.0,19.5,C,,3,4,,yes,yes,F,n,V,_,I,_,1.0,M,Bb,10.0,Mm7,Bb,10.0,M,5.0,2,2,_,-2.0,-2.0,0
146,147,19.0,note,3.0,alto,65.0,19.5,F,,3,4,,yes,yes,R,n,V,_,I,_,1.0,M,Bb,10.0,Mm7,Bb,10.0,M,5.0,5,5,_,-2.0,-2.0,0
147,148,19.0,note,4.0,soprn,75.0,19.5,Eb,,3,4,,yes,yes,S,n,V,_,I,_,1.0,M,Bb,10.0,Mm7,Bb,10.0,M,5.0,4,4,_,-2.0,-2.0,0
148,149,19.5,note,1.0,bass,45.0,20.0,A,,3,4,,yes,no,T,y,V,_,I,_,1.0,M,Bb,10.0,Mm7,Bb,10.0,M,5.0,7,7,_,-2.0,-2.0,0
149,150,19.5,note,2.0,tenor,60.0,20.0,C,,3,4,,yes,no,F,n,V,_,I,_,1.0,M,Bb,10.0,Mm7,Bb,10.0,M,5.0,2,2,_,-2.0,-2.0,0
150,151,19.5,note,3.0,alto,65.0,20.0,F,,3,4,,yes,no,R,n,V,_,I,_,1.0,M,Bb,10.0,Mm7,Bb,10.0,M,5.0,5,5,_,-2.0,-2.0,0
151,152,19.5,note,4.0,soprn,75.0,20.0,Eb,,3,4,,yes,no,S,n,V,_,I,_,1.0,M,Bb,10.0,Mm7,Bb,10.0,M,5.0,4,4,_,-2.0,-2.0,0
152,153,20.0,note,1.0,bass,46.0,20.5,Bb,,3,4,,yes,yes,R,y,I,_,I,_,0.0,M,Bb,10.0,M,Bb,10.0,M,10.0,1,1,_,-2.0,-2.0,0
153,154,20.0,note,2.0,tenor,58.0,20.5,Bb,,3,4,,yes,yes,R,y,I,_,I,_,0.0,M,Bb,10.0,M,Bb,10.0,M,10.0,1,1,_,-2.0,-2.0,0
154,155,20.0,note,3.0,alto,65.0,20.5,F,,3,4,,yes,yes,F,n,I,_,I,_,0.0,M,Bb,10.0,M,Bb,10.0,M,10.0,5,5,_,-2.0,-2.0,0
155,156,20.0,note,4.0,soprn,74.0,20.5,D,,3,4,,yes,yes,T,n,I,_,I,_,0.0,M,Bb,10.0,M,Bb,10.0,M,10.0,3,3,_,-2.0,-2.0,0
156,157,20.5,note,1.0,bass,48.0,21.0,C,,3,4,,no,no,x,n,I,_,I,_,0.0,M,Bb,10.0,M,Bb,10.0,M,10.0,2,2,_,-2.0,-2.0,0
157,158,20.5,note,2.0,tenor,58.0,21.0,Bb,,3,4,,yes,no,R,y,I,_,I,_,0.0,M,Bb,10.0,M,Bb,10.0,M,10.0,1,1,_,-2.0,-2.0,0
158,159,20.5,note,3.0,alto,65.0,21.0,F,,3,4,,yes,no,F,n,I,_,I,_,0.0,M,Bb,10.0,M,Bb,10.0,M,10.0,5,5,_,-2.0,-2.0,0
159,160,20.5,note,4.0,soprn,74.0,21.0,D,,3,4,,yes,no,T,n,I,_,I,_,0.0,M,Bb,10.0,M,Bb,10.0,M,10.0,3,3,_,-2.0,-2.0,0
160,161,21.0,note,1.0,bass,50.0,21.5,D,,3,4,,yes,yes,T,y,I,_,I,_,1.0,M,Bb,10.0,M,Bb,10.0,M,10.0,3,3,_,-2.0,-2.0,0
161,162,21.0,note,2.0,tenor,58.0,21.5,Bb,,3,4,,yes,yes,R,n,I,_,I,_,1.0,M,Bb,10.0,M,Bb,10.0,M,10.0,1,1,_,-2.0,-2.0,0
162,163,21.0,note,3.0,alto,65.0,21.5,F,,3,4,,yes,yes,F,n,I,_,I,_,1.0,M,Bb,10.0,M,Bb,10.0,M,10.0,5,5,_,-2.0,-2.0,0
163,164,21.0,note,4.0,soprn,74.0,21.5,D,,3,4,,yes,yes,T,y,I,_,I,_,1.0,M,Bb,10.0,M,Bb,10.0,M,10.0,3,3,_,-2.0,-2.0,0
164,165,21.5,note,1.0,bass,51.0,22.0,Eb,,3,4,,no,no,x,n,I,_,I,_,1.0,M,Bb,10.0,M,Bb,10.0,M,10.0,4,4,_,-2.0,-2.0,0
165,166,21.5,note,2.0,tenor,58.0,22.0,Bb,,3,4,,yes,no,R,n,I,_,I,_,1.0,M,Bb,10.0,M,Bb,10.0,M,10.0,1,1,_,-2.0,-2.0,0
166,167,21.5,note,3.0,alto,65.0,22.0,F,,3,4,,yes,no,F,n,I,_,I,_,1.0,M,Bb,10.0,M,Bb,10.0,M,10.0,5,5,_,-2.0,-2.0,0
167,168,21.5,note,4.0,soprn,74.0,22.0,D,,3,4,,yes,no,T,y,I,_,I,_,1.0,M,Bb,10.0,M,Bb,10.0,M,10.0,3,3,_,-2.0,-2.0,0
168,169,22.0,bar,,,,25.0,,,3,4,,na,na,na,na,na,na,na,na,,na,na,,na,na,,na,,na,na,na,,,0
169,170,22.0,note,1.0,bass,53.0,24.0,F,,3,4,,yes,yes,R,y,V,_,I,_,0.0,M,Bb,10.0,M,Bb,10.0,M,5.0,5,5,_,-2.0,-2.0,0
170,171,22.0,note,2.0,tenor,57.0,24.0,A,,3,4,,yes,yes,T,n,V,_,I,_,0.0,M,Bb,10.0,M,Bb,10.0,M,5.0,7,7,_,-2.0,-2.0,0
171,172,22.0,note,3.0,alto,65.0,24.0,F,,3,4,,yes,yes,R,y,V,_,I,_,0.0,M,Bb,10.0,M,Bb,10.0,M,5.0,5,5,_,-2.0,-2.0,0
172,173,22.0,note,4.0,soprn,72.0,24.0,C,,3,4,,yes,yes,F,n,V,_,I,_,0.0,M,Bb,10.0,M,Bb,10.0,M,5.0,2,2,_,-2.0,-2.0,0
173,174,24.0,note,1.0,bass,55.0,25.0,G,,3,4,,yes,yes,R,y,VI,_,I,_,0.0,M,Bb,10.0,m,Bb,10.0,M,7.0,6,6,_,-2.0,-2.0,0
174,175,24.0,note,2.0,tenor,62.0,25.0,D,,3,4,,yes,yes,F,n,VI,_,I,_,0.0,M,Bb,10.0,m,Bb,10.0,M,7.0,3,3,_,-2.0,-2.0,0
175,176,24.0,note,3.0,alto,67.0,25.0,G,,3,4,,yes,yes,R,y,VI,_,I,_,0.0,M,Bb,10.0,m,Bb,10.0,M,7.0,6,6,_,-2.0,-2.0,0
176,177,24.0,note,4.0,soprn,70.0,25.0,Bb,,3,4,,yes,yes,T,n,VI,_,I,_,0.0,M,Bb,10.0,m,Bb,10.0,M,7.0,1,1,_,-2.0,-2.0,0
177,178,25.0,bar,,,,28.0,,,3,4,,na,na,na,na,na,na,na,na,,na,na,,na,na,,na,,na,na,na,,,0
178,179,25.0,note,1.0,bass,57.0,25.5,A,,3,4,,yes,yes,T,y,V,_,I,_,1.0,M,Bb,10.0,M,Bb,10.0,M,5.0,7,7,_,-2.0,-2.0,0
179,180,25.0,note,2.0,tenor,60.0,25.5,C,,3,4,,yes,yes,F,n,V,_,I,_,1.0,M,Bb,10.0,M,Bb,10.0,M,5.0,2,2,_,-2.0,-2.0,0
180,181,25.0,note,3.0,alto,65.0,25.5,F,,3,4,,yes,yes,R,n,V,_,I,_,1.0,M,Bb,10.0,M,Bb,10.0,M,5.0,5,5,_,-2.0,-2.0,0
181,182,25.0,note,4.0,soprn,72.0,25.5,C,,3,4,,yes,yes,F,n,V,_,I,_,1.0,M,Bb,10.0,M,Bb,10.0,M,5.0,2,2,_,-2.0,-2.0,0
182,183,25.5,note,1.0,bass,53.0,26.0,F,,3,4,,yes,yes,R,y,V,_,I,_,0.0,M,Bb,10.0,M,Bb,10.0,M,5.0,5,5,_,-2.0,-2.0,0
183,184,25.5,note,2.0,tenor,60.0,26.0,C,,3,4,,yes,yes,F,n,V,_,I,_,0.0,M,Bb,10.0,M,Bb,10.0,M,5.0,2,2,_,-2.0,-2.0,0
184,185,25.5,note,3.0,alto,65.0,26.0,F,,3,4,,yes,yes,R,y,V,_,I,_,0.0,M,Bb,10.0,M,Bb,10.0,M,5.0,5,5,_,-2.0,-2.0,0
185,186,25.5,note,4.0,soprn,72.0,26.0,C,,3,4,,yes,yes,F,n,V,_,I,_,0.0,M,Bb,10.0,M,Bb,10.0,M,5.0,2,2,_,-2.0,-2.0,0
186,187,26.0,note,1.0,bass,55.0,26.5,G,,3,4,,no,yes,x,n,V,_,I,_,1.0,M,Bb,10.0,M,Bb,10.0,M,5.0,6,6,_,-2.0,-2.0,0
187,188,26.0,note,2.0,tenor,60.0,26.5,C,,3,4,,yes,yes,F,n,V,_,I,_,1.0,M,Bb,10.0,M,Bb,10.0,M,5.0,2,2,_,-2.0,-2.0,0
188,189,26.0,note,3.0,alto,65.0,26.5,F,,3,4,,yes,yes,R,n,V,_,I,_,1.0,M,Bb,10.0,M,Bb,10.0,M,5.0,5,5,_,-2.0,-2.0,0
189,190,26.0,note,4.0,soprn,72.0,26.5,C,,3,4,,yes,yes,F,n,V,_,I,_,1.0,M,Bb,10.0,M,Bb,10.0,M,5.0,2,2,_,-2.0,-2.0,0
190,191,26.5,note,1.0,bass,57.0,27.0,A,,3,4,,yes,no,T,y,V,_,I,_,1.0,M,Bb,10.0,M,Bb,10.0,M,5.0,7,7,_,-2.0,-2.0,0
191,192,26.5,note,2.0,tenor,60.0,27.0,C,,3,4,,yes,no,F,n,V,_,I,_,1.0,M,Bb,10.0,M,Bb,10.0,M,5.0,2,2,_,-2.0,-2.0,0
192,193,26.5,note,3.0,alto,65.0,27.0,F,,3,4,,yes,no,R,n,V,_,I,_,1.0,M,Bb,10.0,M,Bb,10.0,M,5.0,5,5,_,-2.0,-2.0,0
193,194,26.5,note,4.0,soprn,72.0,27.0,C,,3,4,,yes,no,F,n,V,_,I,_,1.0,M,Bb,10.0,M,Bb,10.0,M,5.0,2,2,_,-2.0,-2.0,0
194,195,27.0,note,1.0,bass,58.0,27.5,Bb,,3,4,"195,196",yes,yes,R,y,I,_,I,_,0.0,M,Bb,10.0,M,Bb,10.0,M,10.0,1,1,_,-2.0,-2.0,0
195,197,27.0,note,3.0,alto,65.0,27.5,F,,3,4,,yes,yes,F,n,I,_,I,_,0.0,M,Bb,10.0,M,Bb,10.0,M,10.0,5,5,_,-2.0,-2.0,0
196,198,27.0,note,4.0,soprn,74.0,27.5,D,,3,4,,yes,yes,T,n,I,_,I,_,0.0,M,Bb,10.0,M,Bb,10.0,M,10.0,3,3,_,-2.0,-2.0,0
197,199,27.5,note,1.0,bass,55.0,28.0,G,,3,4,,yes,yes,R,y,VI,_,I,_,0.0,M,Bb,10.0,m,Bb,10.0,M,7.0,6,6,_,-2.0,-2.0,0
198,200,27.5,note,2.0,tenor,58.0,28.0,Bb,,3,4,,yes,yes,T,n,VI,_,I,_,0.0,M,Bb,10.0,m,Bb,10.0,M,7.0,1,1,_,-2.0,-2.0,0
199,201,27.5,note,3.0,alto,70.0,28.0,Bb,,3,4,,yes,yes,T,n,VI,_,I,_,0.0,M,Bb,10.0,m,Bb,10.0,M,7.0,1,1,_,-2.0,-2.0,0
200,202,27.5,note,4.0,soprn,74.0,28.0,D,,3,4,,yes,yes,F,n,VI,_,I,_,0.0,M,Bb,10.0,m,Bb,10.0,M,7.0,3,3,_,-2.0,-2.0,0
201,203,28.0,bar,,,,31.0,,,3,4,,na,na,na,na,na,na,na,na,,na,na,,na,na,,na,,na,na,na,,,0
202,204,28.0,note,1.0,bass,51.0,28.5,Eb,,3,4,,yes,yes,T,y,II,_,I,_,1.0,M,Bb,10.0,m,Bb,10.0,M,0.0,4,4,_,-2.0,-2.0,0
203,205,28.0,note,2.0,tenor,58.0,28.5,Bb,,3,4,,no,yes,x,n,II,_,I,_,1.0,M,Bb,10.0,m,Bb,10.0,M,0.0,1,1,_,-2.0,-2.0,0
204,206,28.0,note,3.0,alto,67.0,28.5,G,,3,4,,yes,yes,F,n,II,_,I,_,1.0,M,Bb,10.0,m,Bb,10.0,M,0.0,6,6,_,-2.0,-2.0,0
205,207,28.0,note,4.0,soprn,72.0,28.5,C,,3,4,,yes,yes,R,n,II,_,I,_,1.0,M,Bb,10.0,m,Bb,10.0,M,0.0,2,2,_,-2.0,-2.0,0
206,208,28.5,note,1.0,bass,50.0,29.0,D,,3,4,,no,no,x,n,II,_,I,_,1.0,M,Bb,10.0,m,Bb,10.0,M,0.0,3,3,_,-2.0,-2.0,0
207,209,28.5,note,2.0,tenor,58.0,29.0,Bb,,3,4,,no,no,x,n,II,_,I,_,1.0,M,Bb,10.0,m,Bb,10.0,M,0.0,1,1,_,-2.0,-2.0,0
208,210,28.5,note,3.0,alto,67.0,29.0,G,,3,4,,yes,no,F,n,II,_,I,_,1.0,M,Bb,10.0,m,Bb,10.0,M,0.0,6,6,_,-2.0,-2.0,0
209,211,28.5,note,4.0,soprn,72.0,29.0,C,,3,4,,yes,no,R,n,II,_,I,_,1.0,M,Bb,10.0,m,Bb,10.0,M,0.0,2,2,_,-2.0,-2.0,0
210,212,29.0,note,1.0,bass,51.0,29.5,Eb,,3,4,,yes,yes,S,n,V,_,I,_,0.0,M,Bb,10.0,Mm7,Bb,10.0,M,5.0,4,4,_,-2.0,-2.0,0
211,213,29.0,note,2.0,tenor,57.0,29.5,A,,3,4,,yes,yes,T,n,V,_,I,_,0.0,M,Bb,10.0,Mm7,Bb,10.0,M,5.0,7,7,_,-2.0,-2.0,0
212,214,29.0,note,3.0,alto,65.0,29.5,F,,3,4,,yes,yes,R,y,V,_,I,_,0.0,M,Bb,10.0,Mm7,Bb,10.0,M,5.0,5,5,_,-2.0,-2.0,0
213,215,29.0,note,4.0,soprn,72.0,29.5,C,,3,4,,yes,yes,F,n,V,_,I,_,0.0,M,Bb,10.0,Mm7,Bb,10.0,M,5.0,2,2,_,-2.0,-2.0,0
214,216,29.5,note,1.0,bass,53.0,30.0,F,,3,4,,yes,no,R,y,V,_,I,_,0.0,M,Bb,10.0,Mm7,Bb,10.0,M,5.0,5,5,_,-2.0,-2.0,0
215,217,29.5,note,2.0,tenor,57.0,30.0,A,,3,4,,yes,no,T,n,V,_,I,_,0.0,M,Bb,10.0,Mm7,Bb,10.0,M,5.0,7,7,_,-2.0,-2.0,0
216,218,29.5,note,3.0,alto,63.0,30.0,Eb,,3,4,,yes,no,S,n,V,_,I,_,0.0,M,Bb,10.0,Mm7,Bb,10.0,M,5.0,4,4,_,-2.0,-2.0,0
217,219,29.5,note,4.0,soprn,72.0,30.0,C,,3,4,,yes,no,F,n,V,_,I,_,0.0,M,Bb,10.0,Mm7,Bb,10.0,M,5.0,2,2,_,-2.0,-2.0,0
218,220,30.0,note,1.0,bass,55.0,30.5,G,,3,4,,yes,yes,R,y,VI,_,I,_,0.0,M,Bb,10.0,m,Bb,10.0,M,7.0,6,6,_,-2.0,-2.0,0
219,221,30.0,note,2.0,tenor,58.0,30.5,Bb,,3,4,,yes,yes,T,n,VI,_,I,_,0.0,M,Bb,10.0,m,Bb,10.0,M,7.0,1,1,_,-2.0,-2.0,0
220,222,30.0,note,3.0,alto,62.0,30.5,D,,3,4,,yes,yes,F,n,VI,_,I,_,0.0,M,Bb,10.0,m,Bb,10.0,M,7.0,3,3,_,-2.0,-2.0,0
221,223,30.0,note,4.0,soprn,70.0,30.5,Bb,,3,4,,yes,yes,T,n,VI,_,I,_,0.0,M,Bb,10.0,m,Bb,10.0,M,7.0,1,1,_,-2.0,-2.0,0
222,224,30.5,note,1.0,bass,50.0,31.0,D,,3,4,,yes,yes,F,y,VI,_,I,_,2.0,M,Bb,10.0,m,Bb,10.0,M,7.0,3,3,_,-2.0,-2.0,0
223,225,30.5,note,2.0,tenor,58.0,31.0,Bb,,3,4,,yes,yes,T,n,VI,_,I,_,2.0,M,Bb,10.0,m,Bb,10.0,M,7.0,1,1,_,-2.0,-2.0,0
224,226,30.5,note,3.0,alto,62.0,31.0,D,,3,4,,yes,yes,F,y,VI,_,I,_,2.0,M,Bb,10.0,m,Bb,10.0,M,7.0,3,3,_,-2.0,-2.0,0
225,227,30.5,note,4.0,soprn,70.0,31.0,Bb,,3,4,,yes,yes,T,n,VI,_,I,_,2.0,M,Bb,10.0,m,Bb,10.0,M,7.0,1,1,_,-2.0,-2.0,0
226,228,31.0,bar,,,,34.0,,,3,4,,na,na,na,na,na,na,na,na,,na,na,,na,na,,na,,na,na,na,,,0
227,229,31.0,note,1.0,bass,51.0,31.5,Eb,,3,4,,yes,yes,R,y,IV,_,I,_,0.0,M,Bb,10.0,M,Bb,10.0,M,3.0,4,4,_,-2.0,-2.0,0
228,230,31.0,note,2.0,tenor,58.0,31.5,Bb,,3,4,,yes,yes,F,n,IV,_,I,_,0.0,M,Bb,10.0,M,Bb,10.0,M,3.0,1,1,_,-2.0,-2.0,0
229,231,31.0,note,3.0,alto,67.0,31.5,G,,3,4,"231,232",yes,yes,T,n,IV,_,I,_,0.0,M,Bb,10.0,M,Bb,10.0,M,3.0,6,6,_,-2.0,-2.0,0
230,233,31.5,note,1.0,bass,46.0,32.0,Bb,,3,4,,yes,yes,F,y,IV,_,I,_,2.0,M,Bb,10.0,M,Bb,10.0,M,3.0,1,1,_,-2.0,-2.0,0
231,234,31.5,note,2.0,tenor,62.0,32.0,D,,3,4,,no,yes,x,n,IV,_,I,_,2.0,M,Bb,10.0,M,Bb,10.0,M,3.0,3,3,_,-2.0,-2.0,0
232,235,31.5,note,3.0,alto,67.0,32.0,G,,3,4,"235,236",yes,yes,T,n,IV,_,I,_,2.0,M,Bb,10.0,M,Bb,10.0,M,3.0,6,6,_,-2.0,-2.0,0
233,237,32.0,note,1.0,bass,48.0,32.5,C,,3,4,,yes,yes,T,y,II,_,VI,_,1.0,M,Bb,10.0,o,g,7.0,m,9.0,2,2,_,-2.0,-2.0,1
234,238,32.0,note,2.0,tenor,63.0,32.5,Eb,,3,4,,yes,yes,F,n,II,_,VI,_,1.0,M,Bb,10.0,o,g,7.0,m,9.0,4,4,_,-2.0,-2.0,1
235,239,32.0,note,3.0,alto,67.0,32.5,G,,3,4,,no,yes,x,n,II,_,VI,_,1.0,M,Bb,10.0,o,g,7.0,m,9.0,6,6,_,-2.0,-2.0,1
236,240,32.0,note,4.0,soprn,69.0,32.5,A,,3,4,,yes,yes,R,n,II,_,VI,_,1.0,M,Bb,10.0,o,g,7.0,m,9.0,7,7,_,-2.0,-2.0,1
237,241,32.5,note,1.0,bass,45.0,33.0,A,,3,4,,yes,yes,R,y,II,_,VI,_,0.0,M,Bb,10.0,ø7,g,7.0,m,9.0,7,7,_,-2.0,-2.0,1
238,242,32.5,note,2.0,tenor,63.0,33.0,Eb,,3,4,,yes,yes,F,n,II,_,VI,_,0.0,M,Bb,10.0,ø7,g,7.0,m,9.0,4,4,_,-2.0,-2.0,1
239,243,32.5,note,3.0,alto,67.0,33.0,G,,3,4,,yes,yes,S,n,II,_,VI,_,0.0,M,Bb,10.0,ø7,g,7.0,m,9.0,6,6,_,-2.0,-2.0,1
240,244,32.5,note,4.0,soprn,69.0,33.0,A,,3,4,,yes,yes,R,y,II,_,VI,_,0.0,M,Bb,10.0,ø7,g,7.0,m,9.0,7,7,_,-2.0,-2.0,1
241,245,33.0,note,1.0,bass,50.0,33.5,D,,3,4,,yes,yes,R,y,V,_,VI,_,0.0,M,Bb,10.0,M,g,7.0,m,2.0,3,3,_,-2.0,-2.0,1
242,246,33.0,note,2.0,tenor,62.0,33.5,D,,3,4,,yes,yes,R,y,V,_,VI,_,0.0,M,Bb,10.0,M,g,7.0,m,2.0,3,3,_,-2.0,-2.0,1
243,247,33.0,note,3.0,alto,66.0,33.5,F#,,3,4,,yes,yes,T,n,V,_,VI,_,0.0,M,Bb,10.0,M,g,7.0,m,2.0,#5,5,#,-2.0,-2.0,1
244,248,33.0,note,4.0,soprn,69.0,33.5,A,,3,4,,yes,yes,F,n,V,_,VI,_,0.0,M,Bb,10.0,M,g,7.0,m,2.0,7,7,_,-2.0,-2.0,1
245,249,33.5,note,1.0,bass,38.0,34.0,D,,3,4,,yes,no,R,y,V,_,VI,_,0.0,M,Bb,10.0,M,g,7.0,m,2.0,3,3,_,-2.0,-2.0,1
246,250,33.5,note,2.0,tenor,62.0,34.0,D,,3,4,,yes,no,R,y,V,_,VI,_,0.0,M,Bb,10.0,M,g,7.0,m,2.0,3,3,_,-2.0,-2.0,1
247,251,33.5,note,3.0,alto,66.0,34.0,F#,,3,4,,yes,no,T,n,V,_,VI,_,0.0,M,Bb,10.0,M,g,7.0,m,2.0,#5,5,#,-2.0,-2.0,1
248,252,33.5,note,4.0,soprn,69.0,34.0,A,,3,4,,yes,no,F,n,V,_,VI,_,0.0,M,Bb,10.0,M,g,7.0,m,2.0,7,7,_,-2.0,-2.0,1
249,253,34.0,bar,,,,37.0,,,3,4,,na,na,na,na,na,na,na,na,,na,na,,na,na,,na,,na,na,na,,,0
250,254,34.0,note,1.0,bass,55.0,36.0,G,,3,4,,yes,yes,R,y,VI,_,I,_,0.0,M,Bb,10.0,m,Bb,10.0,M,7.0,6,6,_,-2.0,-2.0,0
251,255,34.0,note,2.0,tenor,62.0,36.0,D,,3,4,,yes,yes,F,n,VI,_,I,_,0.0,M,Bb,10.0,m,Bb,10.0,M,7.0,3,3,_,-2.0,-2.0,0
252,256,34.0,note,3.0,alto,67.0,36.0,G,,3,4,,yes,yes,R,y,VI,_,I,_,0.0,M,Bb,10.0,m,Bb,10.0,M,7.0,6,6,_,-2.0,-2.0,0
253,257,34.0,note,4.0,soprn,70.0,36.0,Bb,,3,4,,yes,yes,T,n,VI,_,I,_,0.0,M,Bb,10.0,m,Bb,10.0,M,7.0,1,1,_,-2.0,-2.0,0
254,258,36.0,note,1.0,bass,57.0,37.0,A,,3,4,,yes,yes,T,y,V,_,I,_,1.0,M,Bb,10.0,M,Bb,10.0,M,5.0,7,7,_,-2.0,-2.0,0
255,259,36.0,note,2.0,tenor,60.0,37.0,C,,3,4,,yes,yes,F,n,V,_,I,_,1.0,M,Bb,10.0,M,Bb,10.0,M,5.0,2,2,_,-2.0,-2.0,0
256,260,36.0,note,3.0,alto,65.0,37.0,F,,3,4,,yes,yes,R,n,V,_,I,_,1.0,M,Bb,10.0,M,Bb,10.0,M,5.0,5,5,_,-2.0,-2.0,0
257,261,36.0,note,4.0,soprn,77.0,37.0,F,,3,4,,yes,yes,R,n,V,_,I,_,1.0,M,Bb,10.0,M,Bb,10.0,M,5.0,5,5,_,-2.0,-2.0,0
258,262,37.0,bar,,,,40.0,,,3,4,,na,na,na,na,na,na,na,na,,na,na,,na,na,,na,,na,na,na,,,0
259,263,37.0,note,1.0,bass,58.0,37.5,Bb,,3,4,,yes,yes,R,y,I,_,I,_,0.0,M,Bb,10.0,M,Bb,10.0,M,10.0,1,1,_,-2.0,-2.0,0
260,264,37.0,note,2.0,tenor,62.0,37.5,D,,3,4,,yes,yes,T,n,I,_,I,_,0.0,M,Bb,10.0,M,Bb,10.0,M,10.0,3,3,_,-2.0,-2.0,0
261,265,37.0,note,3.0,alto,65.0,37.5,F,,3,4,,yes,yes,F,n,I,_,I,_,0.0,M,Bb,10.0,M,Bb,10.0,M,10.0,5,5,_,-2.0,-2.0,0
262,266,37.0,note,4.0,soprn,74.0,37.5,D,,3,4,,yes,yes,T,n,I,_,I,_,0.0,M,Bb,10.0,M,Bb,10.0,M,10.0,3,3,_,-2.0,-2.0,0
263,267,37.5,note,1.0,bass,60.0,38.0,C,,3,4,,no,no,x,n,I,_,I,_,0.0,M,Bb,10.0,M,Bb,10.0,M,10.0,2,2,_,-2.0,-2.0,0
264,268,37.5,note,2.0,tenor,62.0,38.0,D,,3,4,,yes,no,T,n,I,_,I,_,0.0,M,Bb,10.0,M,Bb,10.0,M,10.0,3,3,_,-2.0,-2.0,0
265,269,37.5,note,3.0,alto,65.0,38.0,F,,3,4,,yes,no,F,n,I,_,I,_,0.0,M,Bb,10.0,M,Bb,10.0,M,10.0,5,5,_,-2.0,-2.0,0
266,270,37.5,note,4.0,soprn,74.0,38.0,D,,3,4,,yes,no,T,n,I,_,I,_,0.0,M,Bb,10.0,M,Bb,10.0,M,10.0,3,3,_,-2.0,-2.0,0
267,271,38.0,note,1.0,bass,58.0,38.5,Bb,,3,4,,yes,no,R,y,I,_,I,_,0.0,M,Bb,10.0,M,Bb,10.0,M,10.0,1,1,_,-2.0,-2.0,0
268,272,38.0,note,2.0,tenor,62.0,38.5,D,,3,4,,yes,no,T,n,I,_,I,_,0.0,M,Bb,10.0,M,Bb,10.0,M,10.0,3,3,_,-2.0,-2.0,0
269,273,38.0,note,3.0,alto,65.0,38.5,F,,3,4,,yes,no,F,n,I,_,I,_,0.0,M,Bb,10.0,M,Bb,10.0,M,10.0,5,5,_,-2.0,-2.0,0
270,274,38.0,note,4.0,soprn,74.0,38.5,D,,3,4,,yes,no,T,n,I,_,I,_,0.0,M,Bb,10.0,M,Bb,10.0,M,10.0,3,3,_,-2.0,-2.0,0
271,275,38.5,note,1.0,bass,57.0,39.0,A,,3,4,,no,no,x,n,I,_,I,_,0.0,M,Bb,10.0,M,Bb,10.0,M,10.0,7,7,_,-2.0,-2.0,0
272,276,38.5,note,2.0,tenor,62.0,39.0,D,,3,4,,yes,no,T,n,I,_,I,_,0.0,M,Bb,10.0,M,Bb,10.0,M,10.0,3,3,_,-2.0,-2.0,0
273,277,38.5,note,3.0,alto,65.0,39.0,F,,3,4,,yes,no,F,n,I,_,I,_,0.0,M,Bb,10.0,M,Bb,10.0,M,10.0,5,5,_,-2.0,-2.0,0
274,278,38.5,note,4.0,soprn,74.0,39.0,D,,3,4,,yes,no,T,n,I,_,I,_,0.0,M,Bb,10.0,M,Bb,10.0,M,10.0,3,3,_,-2.0,-2.0,0
275,279,39.0,note,1.0,bass,55.0,39.5,G,,3,4,,yes,yes,R,y,VI,_,I,_,0.0,M,Bb,10.0,m,Bb,10.0,M,7.0,6,6,_,-2.0,-2.0,0
276,280,39.0,note,2.0,tenor,62.0,39.5,D,,3,4,,yes,yes,F,n,VI,_,I,_,0.0,M,Bb,10.0,m,Bb,10.0,M,7.0,3,3,_,-2.0,-2.0,0
277,281,39.0,note,3.0,alto,67.0,39.5,G,,3,4,,yes,yes,R,y,VI,_,I,_,0.0,M,Bb,10.0,m,Bb,10.0,M,7.0,6,6,_,-2.0,-2.0,0
278,282,39.0,note,4.0,soprn,70.0,39.5,Bb,,3,4,,yes,yes,T,n,VI,_,I,_,0.0,M,Bb,10.0,m,Bb,10.0,M,7.0,1,1,_,-2.0,-2.0,0
279,283,39.5,note,1.0,bass,53.0,40.0,F,,3,4,,no,no,x,n,VI,_,I,_,0.0,M,Bb,10.0,m,Bb,10.0,M,7.0,5,5,_,-2.0,-2.0,0
280,284,39.5,note,2.0,tenor,62.0,40.0,D,,3,4,,yes,no,F,n,VI,_,I,_,0.0,M,Bb,10.0,m,Bb,10.0,M,7.0,3,3,_,-2.0,-2.0,0
281,285,39.5,note,3.0,alto,67.0,40.0,G,,3,4,,yes,no,R,y,VI,_,I,_,0.0,M,Bb,10.0,m,Bb,10.0,M,7.0,6,6,_,-2.0,-2.0,0
282,286,39.5,note,4.0,soprn,70.0,40.0,Bb,,3,4,,yes,no,T,n,VI,_,I,_,0.0,M,Bb,10.0,m,Bb,10.0,M,7.0,1,1,_,-2.0,-2.0,0
283,287,40.0,bar,,,,43.0,,,3,4,,na,na,na,na,na,na,na,na,,na,na,,na,na,,na,,na,na,na,,,0
284,288,40.0,note,1.0,bass,51.0,40.5,Eb,,3,4,,yes,yes,S,y,V,_,I,_,3.0,M,Bb,10.0,Mm7,Bb,10.0,M,5.0,4,4,_,-2.0,-2.0,0
285,289,40.0,note,2.0,tenor,57.0,40.5,A,,3,4,,yes,yes,T,n,V,_,I,_,3.0,M,Bb,10.0,Mm7,Bb,10.0,M,5.0,7,7,_,-2.0,-2.0,0
286,290,40.0,note,3.0,alto,65.0,40.5,F,,3,4,,yes,yes,R,n,V,_,I,_,3.0,M,Bb,10.0,Mm7,Bb,10.0,M,5.0,5,5,_,-2.0,-2.0,0
287,291,40.0,note,4.0,soprn,72.0,40.5,C,,3,4,,yes,yes,F,n,V,_,I,_,3.0,M,Bb,10.0,Mm7,Bb,10.0,M,5.0,2,2,_,-2.0,-2.0,0
288,292,40.5,note,1.0,bass,55.0,41.0,G,,3,4,,no,no,x,n,V,_,I,_,3.0,M,Bb,10.0,Mm7,Bb,10.0,M,5.0,6,6,_,-2.0,-2.0,0
289,293,40.5,note,2.0,tenor,57.0,41.0,A,,3,4,,yes,no,T,n,V,_,I,_,3.0,M,Bb,10.0,Mm7,Bb,10.0,M,5.0,7,7,_,-2.0,-2.0,0
290,294,40.5,note,3.0,alto,65.0,41.0,F,,3,4,,yes,no,R,n,V,_,I,_,3.0,M,Bb,10.0,Mm7,Bb,10.0,M,5.0,5,5,_,-2.0,-2.0,0
291,295,40.5,note,4.0,soprn,72.0,41.0,C,,3,4,,yes,no,F,n,V,_,I,_,3.0,M,Bb,10.0,Mm7,Bb,10.0,M,5.0,2,2,_,-2.0,-2.0,0
292,296,41.0,note,1.0,bass,53.0,41.5,F,,3,4,,yes,yes,R,y,V,_,I,_,0.0,M,Bb,10.0,M,Bb,10.0,M,5.0,5,5,_,-2.0,-2.0,0
293,297,41.0,note,2.0,tenor,57.0,41.5,A,,3,4,,yes,yes,T,n,V,_,I,_,0.0,M,Bb,10.0,M,Bb,10.0,M,5.0,7,7,_,-2.0,-2.0,0
294,298,41.0,note,3.0,alto,65.0,41.5,F,,3,4,,yes,yes,R,y,V,_,I,_,0.0,M,Bb,10.0,M,Bb,10.0,M,5.0,5,5,_,-2.0,-2.0,0
295,299,41.0,note,4.0,soprn,72.0,41.5,C,,3,4,,yes,yes,F,n,V,_,I,_,0.0,M,Bb,10.0,M,Bb,10.0,M,5.0,2,2,_,-2.0,-2.0,0
296,300,41.5,note,1.0,bass,51.0,42.0,Eb,,3,4,,yes,yes,S,y,V,_,I,_,3.0,M,Bb,10.0,Mm7,Bb,10.0,M,5.0,4,4,_,-2.0,-2.0,0
297,301,41.5,note,2.0,tenor,57.0,42.0,A,,3,4,,yes,yes,T,n,V,_,I,_,3.0,M,Bb,10.0,Mm7,Bb,10.0,M,5.0,7,7,_,-2.0,-2.0,0
298,302,41.5,note,3.0,alto,65.0,42.0,F,,3,4,,yes,yes,R,n,V,_,I,_,3.0,M,Bb,10.0,Mm7,Bb,10.0,M,5.0,5,5,_,-2.0,-2.0,0
299,303,41.5,note,4.0,soprn,72.0,42.0,C,,3,4,,yes,yes,F,n,V,_,I,_,3.0,M,Bb,10.0,Mm7,Bb,10.0,M,5.0,2,2,_,-2.0,-2.0,0
300,304,42.0,note,1.0,bass,50.0,42.5,D,,3,4,,no,yes,x,n,V,_,I,_,0.0,M,Bb,10.0,M,Bb,10.0,M,5.0,3,3,_,-2.0,-2.0,0
301,305,42.0,note,2.0,tenor,57.0,42.5,A,,3,4,,yes,yes,T,n,V,_,I,_,0.0,M,Bb,10.0,M,Bb,10.0,M,5.0,7,7,_,-2.0,-2.0,0
302,306,42.0,note,3.0,alto,65.0,42.5,F,,3,4,,yes,yes,R,y,V,_,I,_,0.0,M,Bb,10.0,M,Bb,10.0,M,5.0,5,5,_,-2.0,-2.0,0
303,307,42.0,note,4.0,soprn,75.0,42.5,Eb,,3,4,,no,yes,x,n,V,_,I,_,0.0,M,Bb,10.0,M,Bb,10.0,M,5.0,4,4,_,-2.0,-2.0,0
304,308,42.5,note,1.0,bass,48.0,43.0,C,,3,4,,yes,no,F,n,V,_,I,_,0.0,M,Bb,10.0,M,Bb,10.0,M,5.0,2,2,_,-2.0,-2.0,0
305,309,42.5,note,2.0,tenor,57.0,43.0,A,,3,4,,yes,no,T,n,V,_,I,_,0.0,M,Bb,10.0,M,Bb,10.0,M,5.0,7,7,_,-2.0,-2.0,0
306,310,42.5,note,3.0,alto,65.0,43.0,F,,3,4,,yes,no,R,y,V,_,I,_,0.0,M,Bb,10.0,M,Bb,10.0,M,5.0,5,5,_,-2.0,-2.0,0
307,311,42.5,note,4.0,soprn,75.0,43.0,Eb,,3,4,,no,no,x,n,V,_,I,_,0.0,M,Bb,10.0,M,Bb,10.0,M,5.0,4,4,_,-2.0,-2.0,0
308,312,43.0,bar,,,,46.0,,,3,4,,na,na,na,na,na,na,na,na,,na,na,,na,na,,na,,na,na,na,,,0
309,313,43.0,note,1.0,bass,46.0,43.5,Bb,,3,4,,yes,yes,R,y,I,_,I,_,0.0,M,Bb,10.0,M,Bb,10.0,M,10.0,1,1,_,-2.0,-2.0,0
310,314,43.0,note,2.0,tenor,58.0,43.5,Bb,,3,4,,yes,yes,R,y,I,_,I,_,0.0,M,Bb,10.0,M,Bb,10.0,M,10.0,1,1,_,-2.0,-2.0,0
311,315,43.0,note,3.0,alto,65.0,43.5,F,,3,4,,yes,yes,F,n,I,_,I,_,0.0,M,Bb,10.0,M,Bb,10.0,M,10.0,5,5,_,-2.0,-2.0,0
312,316,43.0,note,4.0,soprn,74.0,43.5,D,,3,4,,yes,yes,T,n,I,_,I,_,0.0,M,Bb,10.0,M,Bb,10.0,M,10.0,3,3,_,-2.0,-2.0,0
313,317,43.5,note,1.0,bass,50.0,44.0,D,,3,4,,yes,yes,T,y,I,_,I,_,1.0,M,Bb,10.0,M,Bb,10.0,M,10.0,3,3,_,-2.0,-2.0,0
314,318,43.5,note,2.0,tenor,58.0,44.0,Bb,,3,4,,yes,yes,R,n,I,_,I,_,1.0,M,Bb,10.0,M,Bb,10.0,M,10.0,1,1,_,-2.0,-2.0,0
315,319,43.5,note,3.0,alto,65.0,44.0,F,,3,4,,yes,yes,F,n,I,_,I,_,1.0,M,Bb,10.0,M,Bb,10.0,M,10.0,5,5,_,-2.0,-2.0,0
316,320,43.5,note,4.0,soprn,74.0,44.0,D,,3,4,,yes,yes,T,y,I,_,I,_,1.0,M,Bb,10.0,M,Bb,10.0,M,10.0,3,3,_,-2.0,-2.0,0
317,321,44.0,note,1.0,bass,51.0,44.5,Eb,,3,4,,yes,yes,T,y,II,_,I,_,1.0,M,Bb,10.0,m,Bb,10.0,M,0.0,4,4,_,-2.0,-2.0,0
318,322,44.0,note,2.0,tenor,58.0,44.5,Bb,,3,4,,no,yes,x,n,II,_,I,_,1.0,M,Bb,10.0,m,Bb,10.0,M,0.0,1,1,_,-2.0,-2.0,0
319,323,44.0,note,3.0,alto,67.0,44.5,G,,3,4,,yes,yes,F,n,II,_,I,_,1.0,M,Bb,10.0,m,Bb,10.0,M,0.0,6,6,_,-2.0,-2.0,0
320,324,44.0,note,4.0,soprn,72.0,44.5,C,,3,4,,yes,yes,R,n,II,_,I,_,1.0,M,Bb,10.0,m,Bb,10.0,M,0.0,2,2,_,-2.0,-2.0,0
321,325,44.5,note,1.0,bass,48.0,45.0,C,,3,4,,yes,yes,R,y,II,_,I,_,0.0,M,Bb,10.0,m7,Bb,10.0,M,0.0,2,2,_,-2.0,-2.0,0
322,326,44.5,note,2.0,tenor,58.0,45.0,Bb,,3,4,,yes,yes,S,n,II,_,I,_,0.0,M,Bb,10.0,m7,Bb,10.0,M,0.0,1,1,_,-2.0,-2.0,0
323,327,44.5,note,3.0,alto,67.0,45.0,G,,3,4,,yes,yes,F,n,II,_,I,_,0.0,M,Bb,10.0,m7,Bb,10.0,M,0.0,6,6,_,-2.0,-2.0,0
324,328,44.5,note,4.0,soprn,72.0,45.0,C,,3,4,,yes,yes,R,y,II,_,I,_,0.0,M,Bb,10.0,m7,Bb,10.0,M,0.0,2,2,_,-2.0,-2.0,0
325,329,45.0,note,1.0,bass,53.0,45.5,F,,3,4,,yes,yes,R,y,V,_,I,_,0.0,M,Bb,10.0,M,Bb,10.0,M,5.0,5,5,_,-2.0,-2.0,0
326,330,45.0,note,2.0,tenor,57.0,45.5,A,,3,4,,yes,yes,T,n,V,_,I,_,0.0,M,Bb,10.0,M,Bb,10.0,M,5.0,7,7,_,-2.0,-2.0,0
327,331,45.0,note,3.0,alto,65.0,45.5,F,,3,4,,yes,yes,R,y,V,_,I,_,0.0,M,Bb,10.0,M,Bb,10.0,M,5.0,5,5,_,-2.0,-2.0,0
328,332,45.0,note,4.0,soprn,72.0,45.5,C,,3,4,,yes,yes,F,n,V,_,I,_,0.0,M,Bb,10.0,M,Bb,10.0,M,5.0,2,2,_,-2.0,-2.0,0
329,333,45.5,note,1.0,bass,41.0,46.0,F,,3,4,,yes,yes,R,y,V,_,I,_,0.0,M,Bb,10.0,Mm7,Bb,10.0,M,5.0,5,5,_,-2.0,-2.0,0
330,334,45.5,note,2.0,tenor,57.0,46.0,A,,3,4,,yes,yes,T,n,V,_,I,_,0.0,M,Bb,10.0,Mm7,Bb,10.0,M,5.0,7,7,_,-2.0,-2.0,0
331,335,45.5,note,3.0,alto,63.0,46.0,Eb,,3,4,,yes,yes,S,n,V,_,I,_,0.0,M,Bb,10.0,Mm7,Bb,10.0,M,5.0,4,4,_,-2.0,-2.0,0
332,336,45.5,note,4.0,soprn,72.0,46.0,C,,3,4,,yes,yes,F,n,V,_,I,_,0.0,M,Bb,10.0,Mm7,Bb,10.0,M,5.0,2,2,_,-2.0,-2.0,0
333,337,46.0,bar,,,,48.0,,,3,4,,na,na,na,na,na,na,na,na,,na,na,,na,na,,na,,na,na,na,,,0
334,338,46.0,note,1.0,bass,46.0,48.0,Bb,,3,4,,yes,yes,R,y,I,_,I,_,0.0,M,Bb,10.0,M,Bb,10.0,M,10.0,1,1,_,-2.0,-2.0,0
335,339,46.0,note,2.0,tenor,53.0,48.0,F,,3,4,,yes,yes,F,n,I,_,I,_,0.0,M,Bb,10.0,M,Bb,10.0,M,10.0,5,5,_,-2.0,-2.0,0
336,340,46.0,note,3.0,alto,62.0,48.0,D,,3,4,,yes,yes,T,n,I,_,I,_,0.0,M,Bb,10.0,M,Bb,10.0,M,10.0,3,3,_,-2.0,-2.0,0
337,341,46.0,note,4.0,soprn,70.0,48.0,Bb,,3,4,,yes,yes,R,y,I,_,I,_,0.0,M,Bb,10.0,M,Bb,10.0,M,10.0,1,1,_,-2.0,-2.0,0
