,original_index,onset,type,track,instrument,pitch,release,spelling,other,ts_numerator,ts_denominator,duplicated_indices,chord_tone,harmony_onset,chord_factors,bass_pcs,primary_degree,primary_alteration,secondary_degree,secondary_alteration,inversion,mode,key,key_pc,quality,granular_key,granular_key_pc,granular_mode,root_pc,scale_degree,scale_degree_step,scale_degree_alteration,key_signature,granular_key_signature,tonicization
0,0,0.0,time_signature,,,,,,"{""numerator"": 4, ""denominator"": 4}",4,4,,na,na,na,na,na,na,na,na,,na,na,,na,na,,na,,na,na,na,,,0
1,1,0.0,bar,,,,1.0,,,4,4,,na,na,na,na,na,na,na,na,,na,na,,na,na,,na,,na,na,na,,,0
2,2,0.0,note,1.0,bass,46.0,1.0,Bb,,4,4,,yes,yes,R,y,I,_,I,_,0.0,M,Bb,10.0,M,Bb,10.0,M,10.0,1,1,_,-2.0,-2.0,0
3,3,0.0,note,2.0,tenor,65.0,1.0,F,,4,4,,yes,yes,F,n,I,_,I,_,0.0,M,Bb,10.0,M,Bb,10.0,M,10.0,5,5,_,-2.0,-2.0,0
4,4,0.0,note,3.0,alto,70.0,1.0,Bb,,4,4,,yes,yes,R,y,I,_,I,_,0.0,M,Bb,10.0,M,Bb,10.0,M,10.0,1,1,_,-2.0,-2.0,0
5,5,0.0,note,4.0,soprn,74.0,1.0,D,,4,4,,yes,yes,T,n,I,_,I,_,0.0,M,Bb,10.0,M,Bb,10.0,M,10.0,3,3,_,-2.0,-2.0,0
6,6,1.0,bar,,,,5.0,,,4,4,,na,na,na,na,na,na,na,na,,na,na,,na,na,,na,,na,na,na,,,0
7,7,1.0,note,1.0,bass,51.0,1.5,Eb,,4,4,,yes,yes,R,y,IV,_,I,_,0.0,M,Bb,10.0,M,Bb,10.0,M,3.0,4,4,_,-2.0,-2.0,0
8,8,1.0,note,2.0,tenor,63.0,1.5,Eb,,4,4,,yes,yes,R,y,IV,_,I,_,0.0,M,Bb,10.0,M,Bb,10.0,M,3.0,4,4,_,-2.0,-2.0,0
9,9,1.0,note,3.0,alto,67.0,1.5,G,,4,4,,yes,yes,T,n,IV,_,I,_,0.0,M,Bb,10.0,M,Bb,10.0,M,3.0,6,6,_,-2.0,-2.0,0
10,10,1.0,note,4.0,soprn,70.0,1.5,Bb,,4,4,,yes,yes,F,n,IV,_,I,_,0.0,M,Bb,10.0,M,Bb,10.0,M,3.0,1,1,_,-2.0,-2.0,0
11,11,1.5,note,1.0,bass,50.0,2.0,D,,4,4,,no,no,x,n,IV,_,I,_,0.0,M,Bb,10.0,M,Bb,10.0,M,3.0,3,3,_,-2.0,-2.0,0
12,12,1.5,note,2.0,tenor,63.0,2.0,Eb,,4,4,,yes,no,R,y,IV,_,I,_,0.0,M,Bb,10.0,M,Bb,10.0,M,3.0,4,4,_,-2.0,-2.0,0
13,13,1.5,note,3.0,alto,67.0,2.0,G,,4,4,,yes,no,T,n,IV,_,I,_,0.0,M,Bb,10.0,M,Bb,10.0,M,3.0,6,6,_,-2.0,-2.0,0
14,14,1.5,note,4.0,soprn,70.0,2.0,Bb,,4,4,,yes,no,F,n,IV,_,I,_,0.0,M,Bb,10.0,M,Bb,10.0,M,3.0,1,1,_,-2.0,-2.0,0
15,15,2.0,note,1.0,bass,48.0,3.0,C,,4,4,,yes,yes,T,y,VII,_,I,_,1.0,M,Bb,10.0,o,Bb,10.0,M,9.0,2,2,_,-2.0,-2.0,0
16,16,2.0,note,2.0,tenor,63.0,3.0,Eb,,4,4,,yes,yes,F,n,VII,_,I,_,1.0,M,Bb,10.0,o,Bb,10.0,M,9.0,4,4,_,-2.0,-2.0,0
17,17,2.0,note,3.0,alto,69.0,3.0,A,,4,4,,yes,yes,R,n,VII,_,I,_,1.0,M,Bb,10.0,o,Bb,10.0,M,9.0,7,7,_,-2.0,-2.0,0
18,18,2.0,note,4.0,soprn,72.0,3.0,C,,4,4,,yes,yes,T,y,VII,_,I,_,1.0,M,Bb,10.0,o,Bb,10.0,M,9.0,2,2,_,-2.0,-2.0,0
19,19,3.0,note,1.0,bass,46.0,3.5,Bb,,4,4,,yes,yes,R,y,I,_,I,_,0.0,M,Bb,10.0,M,Bb,10.0,M,10.0,1,1,_,-2.0,-2.0,0
20,20,3.0,note,2.0,tenor,65.0,3.5,F,,4,4,,yes,yes,F,n,I,_,I,_,0.0,M,Bb,10.0,M,Bb,10.0,M,10.0,5,5,_,-2.0,-2.0,0
21,21,3.0,note,3.0,alto,70.0,3.5,Bb,,4,4,,yes,yes,R,y,I,_,I,_,0.0,M,Bb,10.0,M,Bb,10.0,M,10.0,1,1,_,-2.0,-2.0,0
22,22,3.0,note,4.0,soprn,74.0,3.5,D,,4,4,,yes,yes,T,n,I,_,I,_,0.0,M,Bb,10.0,M,Bb,10.0,M,10.0,3,3,_,-2.0,-2.0,0
23,23,3.5,note,1.0,bass,46.0,4.0,Bb,,4,4,,yes,no,R,y,I,_,I,_,0.0,M,Bb,10.0,M,Bb,10.0,M,10.0,1,1,_,-2.0,-2.0,0
24,24,3.5,note,2.0,tenor,65.0,4.0,F,,4,4,,yes,no,F,n,I,_,I,_,0.0,M,Bb,10.0,M,Bb,10.0,M,10.0,5,5,_,-2.0,-2.0,0
25,25,3.5,note,3.0,alto,70.0,4.0,Bb,,4,4,,yes,no,R,y,I,_,I,_,0.0,M,Bb,10.0,M,Bb,10.0,M,10.0,1,1,_,-2.0,-2.0,0
26,26,3.5,note,4.0,soprn,75.0,4.0,Eb,,4,4,,no,no,x,n,I,_,I,_,0.0,M,Bb,10.0,M,Bb,10.0,M,10.0,4,4,_,-2.0,-2.0,0
27,27,4.0,note,1.0,bass,50.0,5.0,D,,4,4,,yes,yes,T,y,I,_,I,_,1.0,M,Bb,10.0,M,Bb,10.0,M,10.0,3,3,_,-2.0,-2.0,0
28,28,4.0,note,2.0,tenor,65.0,5.0,F,,4,4,,yes,yes,F,n,I,_,I,_,1.0,M,Bb,10.0,M,Bb,10.0,M,10.0,5,5,_,-2.0,-2.0,0
29,29,4.0,note,3.0,alto,70.0,5.0,Bb,,4,4,,yes,yes,R,n,I,_,I,_,1.0,M,Bb,10.0,M,Bb,10.0,M,10.0,1,1,_,-2.0,-2.0,0
30,30,4.0,note,4.0,soprn,77.0,5.0,F,,4,4,,yes,yes,F,n,I,_,I,_,1.0,M,Bb,10.0,M,Bb,10.0,M,10.0,5,5,_,-2.0,-2.0,0
31,31,5.0,bar,,,,9.0,,,4,4,,na,na,na,na,na,na,na,na,,na,na,,na,na,,na,,na,na,na,,,0
32,32,5.0,note,1.0,bass,48.0,6.0,C,,4,4,,yes,yes,R,y,II,_,I,_,0.0,M,Bb,10.0,m,Bb,10.0,M,0.0,2,2,_,-2.0,-2.0,0
33,33,5.0,note,2.0,tenor,67.0,6.0,G,,4,4,,yes,yes,F,n,II,_,I,_,0.0,M,Bb,10.0,m,Bb,10.0,M,0.0,6,6,_,-2.0,-2.0,0
34,34,5.0,note,3.0,alto,70.0,6.0,Bb,,4,4,,no,yes,x,n,II,_,I,_,0.0,M,Bb,10.0,m,Bb,10.0,M,0.0,1,1,_,-2.0,-2.0,0
35,35,5.0,note,4.0,soprn,75.0,6.0,Eb,,4,4,,yes,yes,T,n,II,_,I,_,0.0,M,Bb,10.0,m,Bb,10.0,M,0.0,4,4,_,-2.0,-2.0,0
36,36,6.0,note,1.0,bass,53.0,7.0,F,,4,4,,yes,yes,R,y,V,_,I,_,0.0,M,Bb,10.0,Mm7,Bb,10.0,M,5.0,5,5,_,-2.0,-2.0,0
37,37,6.0,note,2.0,tenor,65.0,7.0,F,,4,4,,yes,yes,R,y,V,_,I,_,0.0,M,Bb,10.0,Mm7,Bb,10.0,M,5.0,5,5,_,-2.0,-2.0,0
38,38,6.0,note,3.0,alto,69.0,7.0,A,,4,4,,yes,yes,T,n,V,_,I,_,0.0,M,Bb,10.0,Mm7,Bb,10.0,M,5.0,7,7,_,-2.0,-2.0,0
39,39,6.0,note,4.0,soprn,75.0,7.0,Eb,,4,4,,yes,yes,S,n,V,_,I,_,0.0,M,Bb,10.0,Mm7,Bb,10.0,M,5.0,4,4,_,-2.0,-2.0,0
40,40,7.0,note,1.0,bass,46.0,8.0,Bb,,4,4,,yes,yes,R,y,I,_,I,_,0.0,M,Bb,10.0,M,Bb,10.0,M,10.0,1,1,_,-2.0,-2.0,0
41,41,7.0,note,2.0,tenor,65.0,8.0,F,,4,4,,yes,yes,F,n,I,_,I,_,0.0,M,Bb,10.0,M,Bb,10.0,M,10.0,5,5,_,-2.0,-2.0,0
42,42,7.0,note,3.0,alto,70.0,8.0,Bb,,4,4,,yes,yes,R,y,I,_,I,_,0.0,M,Bb,10.0,M,Bb,10.0,M,10.0,1,1,_,-2.0,-2.0,0
43,43,7.0,note,4.0,soprn,74.0,8.0,D,,4,4,,yes,yes,T,n,I,_,I,_,0.0,M,Bb,10.0,M,Bb,10.0,M,10.0,3,3,_,-2.0,-2.0,0
44,44,8.0,note,1.0,bass,58.0,8.5,Bb,,4,4,"44,45",yes,no,R,y,I,_,I,_,0.0,M,Bb,10.0,M,Bb,10.0,M,10.0,1,1,_,-2.0,-2.0,0
45,46,8.0,note,3.0,alto,65.0,8.5,F,,4,4,,yes,no,F,n,I,_,I,_,0.0,M,Bb,10.0,M,Bb,10.0,M,10.0,5,5,_,-2.0,-2.0,0
46,47,8.0,note,4.0,soprn,74.0,8.5,D,,4,4,,yes,no,T,n,I,_,I,_,0.0,M,Bb,10.0,M,Bb,10.0,M,10.0,3,3,_,-2.0,-2.0,0
47,48,8.5,note,1.0,bass,58.0,9.0,Bb,,4,4,,yes,no,R,y,I,_,I,_,0.0,M,Bb,10.0,M,Bb,10.0,M,10.0,1,1,_,-2.0,-2.0,0
48,49,8.5,note,2.0,tenor,60.0,9.0,C,,4,4,,no,no,x,n,I,_,I,_,0.0,M,Bb,10.0,M,Bb,10.0,M,10.0,2,2,_,-2.0,-2.0,0
49,50,8.5,note,3.0,alto,65.0,9.0,F,,4,4,,yes,no,F,n,I,_,I,_,0.0,M,Bb,10.0,M,Bb,10.0,M,10.0,5,5,_,-2.0,-2.0,0
50,51,8.5,note,4.0,soprn,75.0,9.0,Eb,,4,4,,no,no,x,n,I,_,I,_,0.0,M,Bb,10.0,M,Bb,10.0,M,10.0,4,4,_,-2.0,-2.0,0
51,52,9.0,bar,,,,13.0,,,4,4,,na,na,na,na,na,na,na,na,,na,na,,na,na,,na,,na,na,na,,,0
52,53,9.0,note,1.0,bass,46.0,9.5,Bb,,4,4,,yes,no,R,y,I,_,I,_,0.0,M,Bb,10.0,M,Bb,10.0,M,10.0,1,1,_,-2.0,-2.0,0
53,54,9.0,note,2.0,tenor,62.0,9.5,D,,4,4,,yes,no,T,n,I,_,I,_,0.0,M,Bb,10.0,M,Bb,10.0,M,10.0,3,3,_,-2.0,-2.0,0
54,55,9.0,note,3.0,alto,70.0,9.5,Bb,,4,4,,yes,no,R,y,I,_,I,_,0.0,M,Bb,10.0,M,Bb,10.0,M,10.0,1,1,_,-2.0,-2.0,0
55,56,9.0,note,4.0,soprn,77.0,9.5,F,,4,4,,yes,no,F,n,I,_,I,_,0.0,M,Bb,10.0,M,Bb,10.0,M,10.0,5,5,_,-2.0,-2.0,0
56,57,9.5,note,1.0,bass,48.0,10.0,C,,4,4,,no,no,x,n,I,_,I,_,0.0,M,Bb,10.0,M,Bb,10.0,M,10.0,2,2,_,-2.0,-2.0,0
57,58,9.5,note,2.0,tenor,63.0,10.0,Eb,,4,4,,no,no,x,n,I,_,I,_,0.0,M,Bb,10.0,M,Bb,10.0,M,10.0,4,4,_,-2.0,-2.0,0
58,59,9.5,note,3.0,alto,70.0,10.0,Bb,,4,4,,yes,no,R,y,I,_,I,_,0.0,M,Bb,10.0,M,Bb,10.0,M,10.0,1,1,_,-2.0,-2.0,0
59,60,9.5,note,4.0,soprn,77.0,10.0,F,,4,4,,yes,no,F,n,I,_,I,_,0.0,M,Bb,10.0,M,Bb,10.0,M,10.0,5,5,_,-2.0,-2.0,0
60,61,10.0,note,1.0,bass,50.0,10.5,D,,4,4,,yes,yes,T,y,I,_,I,_,1.0,M,Bb,10.0,M,Bb,10.0,M,10.0,3,3,_,-2.0,-2.0,0
61,62,10.0,note,2.0,tenor,65.0,10.5,F,,4,4,,yes,yes,F,n,I,_,I,_,1.0,M,Bb,10.0,M,Bb,10.0,M,10.0,5,5,_,-2.0,-2.0,0
62,63,10.0,note,3.0,alto,70.0,10.5,Bb,,4,4,,yes,yes,R,n,I,_,I,_,1.0,M,Bb,10.0,M,Bb,10.0,M,10.0,1,1,_,-2.0,-2.0,0
63,64,10.0,note,4.0,soprn,77.0,10.5,F,,4,4,,yes,yes,F,n,I,_,I,_,1.0,M,Bb,10.0,M,Bb,10.0,M,10.0,5,5,_,-2.0,-2.0,0
64,65,10.5,note,1.0,bass,51.0,11.0,Eb,,4,4,,no,no,x,n,I,_,I,_,1.0,M,Bb,10.0,M,Bb,10.0,M,10.0,4,4,_,-2.0,-2.0,0
65,66,10.5,note,2.0,tenor,65.0,11.0,F,,4,4,,yes,no,F,n,I,_,I,_,1.0,M,Bb,10.0,M,Bb,10.0,M,10.0,5,5,_,-2.0,-2.0,0
66,67,10.5,note,3.0,alto,70.0,11.0,Bb,,4,4,,yes,no,R,n,I,_,I,_,1.0,M,Bb,10.0,M,Bb,10.0,M,10.0,1,1,_,-2.0,-2.0,0
67,68,10.5,note,4.0,soprn,77.0,11.0,F,,4,4,,yes,no,F,n,I,_,I,_,1.0,M,Bb,10.0,M,Bb,10.0,M,10.0,5,5,_,-2.0,-2.0,0
68,69,11.0,note,1.0,bass,53.0,11.5,F,,4,4,,yes,yes,R,y,V,_,I,_,0.0,M,Bb,10.0,M,Bb,10.0,M,5.0,5,5,_,-2.0,-2.0,0
69,70,11.0,note,2.0,tenor,65.0,11.5,F,,4,4,,yes,yes,R,y,V,_,I,_,0.0,M,Bb,10.0,M,Bb,10.0,M,5.0,5,5,_,-2.0,-2.0,0
70,71,11.0,note,3.0,alto,70.0,11.5,Bb,,4,4,,no,yes,x,n,V,_,I,_,0.0,M,Bb,10.0,M,Bb,10.0,M,5.0,1,1,_,-2.0,-2.0,0
71,72,11.0,note,4.0,soprn,72.0,11.5,C,,4,4,,yes,yes,F,n,V,_,I,_,0.0,M,Bb,10.0,M,Bb,10.0,M,5.0,2,2,_,-2.0,-2.0,0
72,73,11.5,note,1.0,bass,53.0,12.0,F,,4,4,,yes,no,R,y,V,_,I,_,0.0,M,Bb,10.0,M,Bb,10.0,M,5.0,5,5,_,-2.0,-2.0,0
73,74,11.5,note,2.0,tenor,65.0,12.0,F,,4,4,,yes,no,R,y,V,_,I,_,0.0,M,Bb,10.0,M,Bb,10.0,M,5.0,5,5,_,-2.0,-2.0,0
74,75,11.5,note,3.0,alto,69.0,12.0,A,,4,4,,yes,no,T,n,V,_,I,_,0.0,M,Bb,10.0,M,Bb,10.0,M,5.0,7,7,_,-2.0,-2.0,0
75,76,11.5,note,4.0,soprn,72.0,12.0,C,,4,4,,yes,no,F,n,V,_,I,_,0.0,M,Bb,10.0,M,Bb,10.0,M,5.0,2,2,_,-2.0,-2.0,0
76,77,12.0,note,1.0,bass,50.0,12.5,D,,4,4,,yes,yes,R,y,III,_,I,_,0.0,M,Bb,10.0,m,Bb,10.0,M,2.0,3,3,_,-2.0,-2.0,0
77,78,12.0,note,2.0,tenor,65.0,12.5,F,,4,4,,yes,yes,T,n,III,_,I,_,0.0,M,Bb,10.0,m,Bb,10.0,M,2.0,5,5,_,-2.0,-2.0,0
78,79,12.0,note,3.0,alto,69.0,12.5,A,,4,4,,yes,yes,F,n,III,_,I,_,0.0,M,Bb,10.0,m,Bb,10.0,M,2.0,7,7,_,-2.0,-2.0,0
79,80,12.0,note,4.0,soprn,74.0,12.5,D,,4,4,,yes,yes,R,y,III,_,I,_,0.0,M,Bb,10.0,m,Bb,10.0,M,2.0,3,3,_,-2.0,-2.0,0
80,81,12.5,note,1.0,bass,50.0,13.0,D,,4,4,,yes,no,R,y,III,_,I,_,0.0,M,Bb,10.0,m,Bb,10.0,M,2.0,3,3,_,-2.0,-2.0,0
81,82,12.5,note,2.0,tenor,63.0,13.0,Eb,,4,4,,no,no,x,n,III,_,I,_,0.0,M,Bb,10.0,m,Bb,10.0,M,2.0,4,4,_,-2.0,-2.0,0
82,83,12.5,note,3.0,alto,69.0,13.0,A,,4,4,,yes,no,F,n,III,_,I,_,0.0,M,Bb,10.0,m,Bb,10.0,M,2.0,7,7,_,-2.0,-2.0,0
83,84,12.5,note,4.0,soprn,72.0,13.0,C,,4,4,,no,no,x,n,III,_,I,_,0.0,M,Bb,10.0,m,Bb,10.0,M,2.0,2,2,_,-2.0,-2.0,0
84,85,13.0,bar,,,,17.0,,,4,4,,na,na,na,na,na,na,na,na,,na,na,,na,na,,na,,na,na,na,,,0
85,86,13.0,note,1.0,bass,55.0,13.5,G,,4,4,,yes,yes,R,y,II,_,I,_,0.0,M,F,5.0,m,F,5.0,M,7.0,2,2,_,-1.0,-1.0,0
86,87,13.0,note,2.0,tenor,62.0,13.5,D,,4,4,,yes,yes,F,n,II,_,I,_,0.0,M,F,5.0,m,F,5.0,M,7.0,6,6,_,-1.0,-1.0,0
87,88,13.0,note,3.0,alto,67.0,13.5,G,,4,4,,yes,yes,R,y,II,_,I,_,0.0,M,F,5.0,m,F,5.0,M,7.0,2,2,_,-1.0,-1.0,0
88,89,13.0,note,4.0,soprn,70.0,13.5,Bb,,4,4,,yes,yes,T,n,II,_,I,_,0.0,M,F,5.0,m,F,5.0,M,7.0,4,4,_,-1.0,-1.0,0
89,90,13.5,note,1.0,bass,53.0,14.0,F,,4,4,,no,no,x,n,II,_,I,_,0.0,M,F,5.0,m,F,5.0,M,7.0,1,1,_,-1.0,-1.0,0
90,91,13.5,note,2.0,tenor,62.0,14.0,D,,4,4,,yes,no,F,n,II,_,I,_,0.0,M,F,5.0,m,F,5.0,M,7.0,6,6,_,-1.0,-1.0,0
91,92,13.5,note,3.0,alto,67.0,14.0,G,,4,4,,yes,no,R,y,II,_,I,_,0.0,M,F,5.0,m,F,5.0,M,7.0,2,2,_,-1.0,-1.0,0
92,93,13.5,note,4.0,soprn,70.0,14.0,Bb,,4,4,,yes,no,T,n,II,_,I,_,0.0,M,F,5.0,m,F,5.0,M,7.0,4,4,_,-1.0,-1.0,0
93,94,14.0,note,1.0,bass,52.0,14.5,E,,4,4,,yes,yes,T,y,V,_,I,_,1.0,M,F,5.0,Mm7,F,5.0,M,0.0,7,7,_,-1.0,-1.0,0
94,95,14.0,note,2.0,tenor,60.0,14.5,C,,4,4,,yes,yes,R,n,V,_,I,_,1.0,M,F,5.0,Mm7,F,5.0,M,0.0,5,5,_,-1.0,-1.0,0
95,96,14.0,note,3.0,alto,67.0,14.5,G,,4,4,,yes,yes,F,n,V,_,I,_,1.0,M,F,5.0,Mm7,F,5.0,M,0.0,2,2,_,-1.0,-1.0,0
96,97,14.0,note,4.0,soprn,70.0,14.5,Bb,,4,4,,yes,yes,S,n,V,_,I,_,1.0,M,F,5.0,Mm7,F,5.0,M,0.0,4,4,_,-1.0,-1.0,0
97,98,14.5,note,1.0,bass,48.0,15.0,C,,4,4,,yes,yes,R,y,V,_,I,_,0.0,M,F,5.0,Mm7,F,5.0,M,0.0,5,5,_,-1.0,-1.0,0
98,99,14.5,note,2.0,tenor,60.0,15.0,C,,4,4,,yes,yes,R,y,V,_,I,_,0.0,M,F,5.0,Mm7,F,5.0,M,0.0,5,5,_,-1.0,-1.0,0
99,100,14.5,note,3.0,alto,67.0,15.0,G,,4,4,,yes,yes,F,n,V,_,I,_,0.0,M,F,5.0,Mm7,F,5.0,M,0.0,2,2,_,-1.0,-1.0,0
100,101,14.5,note,4.0,soprn,70.0,15.0,Bb,,4,4,,yes,yes,S,n,V,_,I,_,0.0,M,F,5.0,Mm7,F,5.0,M,0.0,4,4,_,-1.0,-1.0,0
101,102,15.0,note,1.0,bass,53.0,16.0,F,,4,4,,yes,yes,R,y,V,_,I,_,0.0,M,Bb,10.0,M,Bb,10.0,M,5.0,5,5,_,-2.0,-2.0,0
102,103,15.0,note,2.0,tenor,60.0,16.0,C,,4,4,,yes,yes,F,n,V,_,I,_,0.0,M,Bb,10.0,M,Bb,10.0,M,5.0,2,2,_,-2.0,-2.0,0
103,104,15.0,note,3.0,alto,65.0,16.0,F,,4,4,,yes,yes,R,y,V,_,I,_,0.0,M,Bb,10.0,M,Bb,10.0,M,5.0,5,5,_,-2.0,-2.0,0
104,105,15.0,note,4.0,soprn,69.0,16.0,A,,4,4,,yes,yes,T,n,V,_,I,_,0.0,M,Bb,10.0,M,Bb,10.0,M,5.0,7,7,_,-2.0,-2.0,0
105,106,16.0,note,1.0,bass,53.0,16.5,F,,4,4,,yes,no,R,y,V,_,I,_,0.0,M,Bb,10.0,M,Bb,10.0,M,5.0,5,5,_,-2.0,-2.0,0
106,107,16.0,note,2.0,tenor,57.0,16.5,A,,4,4,,yes,no,T,n,V,_,I,_,0.0,M,Bb,10.0,M,Bb,10.0,M,5.0,7,7,_,-2.0,-2.0,0
107,108,16.0,note,3.0,alto,60.0,16.5,C,,4,4,,yes,no,F,n,V,_,I,_,0.0,M,Bb,10.0,M,Bb,10.0,M,5.0,2,2,_,-2.0,-2.0,0
108,109,16.0,note,4.0,soprn,65.0,16.5,F,,4,4,,yes,no,R,y,V,_,I,_,0.0,M,Bb,10.0,M,Bb,10.0,M,5.0,5,5,_,-2.0,-2.0,0
109,110,16.5,note,1.0,bass,51.0,17.0,Eb,,4,4,,yes,yes,S,y,V,_,I,_,3.0,M,Bb,10.0,Mm7,Bb,10.0,M,5.0,4,4,_,-2.0,-2.0,0
110,111,16.5,note,2.0,tenor,57.0,17.0,A,,4,4,,yes,yes,T,n,V,_,I,_,3.0,M,Bb,10.0,Mm7,Bb,10.0,M,5.0,7,7,_,-2.0,-2.0,0
111,112,16.5,note,3.0,alto,60.0,17.0,C,,4,4,,yes,yes,F,n,V,_,I,_,3.0,M,Bb,10.0,Mm7,Bb,10.0,M,5.0,2,2,_,-2.0,-2.0,0
112,113,16.5,note,4.0,soprn,65.0,17.0,F,,4,4,,yes,yes,R,n,V,_,I,_,3.0,M,Bb,10.0,Mm7,Bb,10.0,M,5.0,5,5,_,-2.0,-2.0,0
113,114,17.0,bar,,,,21.0,,,4,4,,na,na,na,na,na,na,na,na,,na,na,,na,na,,na,,na,na,na,,,0
114,115,17.0,note,1.0,bass,50.0,17.5,D,,4,4,,yes,yes,T,y,I,_,I,_,1.0,M,Bb,10.0,M,Bb,10.0,M,10.0,3,3,_,-2.0,-2.0,0
115,116,17.0,note,2.0,tenor,58.0,17.5,Bb,,4,4,,yes,yes,R,n,I,_,I,_,1.0,M,Bb,10.0,M,Bb,10.0,M,10.0,1,1,_,-2.0,-2.0,0
116,117,17.0,note,3.0,alto,65.0,17.5,F,,4,4,,yes,yes,F,n,I,_,I,_,1.0,M,Bb,10.0,M,Bb,10.0,M,10.0,5,5,_,-2.0,-2.0,0
117,118,17.0,note,4.0,soprn,70.0,17.5,Bb,,4,4,,yes,yes,R,n,I,_,I,_,1.0,M,Bb,10.0,M,Bb,10.0,M,10.0,1,1,_,-2.0,-2.0,0
118,119,17.5,note,1.0,bass,50.0,18.0,D,,4,4,,yes,no,T,y,I,_,I,_,1.0,M,Bb,10.0,M,Bb,10.0,M,10.0,3,3,_,-2.0,-2.0,0
119,120,17.5,note,2.0,tenor,62.0,18.0,D,,4,4,,yes,no,T,y,I,_,I,_,1.0,M,Bb,10.0,M,Bb,10.0,M,10.0,3,3,_,-2.0,-2.0,0
120,121,17.5,note,3.0,alto,65.0,18.0,F,,4,4,,yes,no,F,n,I,_,I,_,1.0,M,Bb,10.0,M,Bb,10.0,M,10.0,5,5,_,-2.0,-2.0,0
121,122,17.5,note,4.0,soprn,70.0,18.0,Bb,,4,4,,yes,no,R,n,I,_,I,_,1.0,M,Bb,10.0,M,Bb,10.0,M,10.0,1,1,_,-2.0,-2.0,0
122,123,18.0,note,1.0,bass,48.0,18.5,C,,4,4,,yes,yes,R,y,II,_,I,_,0.0,M,Bb,10.0,m,Bb,10.0,M,0.0,2,2,_,-2.0,-2.0,0
123,124,18.0,note,2.0,tenor,63.0,18.5,Eb,,4,4,,yes,yes,T,n,II,_,I,_,0.0,M,Bb,10.0,m,Bb,10.0,M,0.0,4,4,_,-2.0,-2.0,0
124,125,18.0,note,3.0,alto,67.0,18.5,G,,4,4,,yes,yes,F,n,II,_,I,_,0.0,M,Bb,10.0,m,Bb,10.0,M,0.0,6,6,_,-2.0,-2.0,0
125,126,18.0,note,4.0,soprn,72.0,18.5,C,,4,4,,yes,yes,R,y,II,_,I,_,0.0,M,Bb,10.0,m,Bb,10.0,M,0.0,2,2,_,-2.0,-2.0,0
126,127,18.5,note,1.0,bass,48.0,19.0,C,,4,4,,yes,yes,T,y,VII,_,I,_,1.0,M,Bb,10.0,o,Bb,10.0,M,9.0,2,2,_,-2.0,-2.0,0
127,128,18.5,note,2.0,tenor,63.0,19.0,Eb,,4,4,,yes,yes,F,n,VII,_,I,_,1.0,M,Bb,10.0,o,Bb,10.0,M,9.0,4,4,_,-2.0,-2.0,0
128,129,18.5,note,3.0,alto,69.0,19.0,A,,4,4,,yes,yes,R,n,VII,_,I,_,1.0,M,Bb,10.0,o,Bb,10.0,M,9.0,7,7,_,-2.0,-2.0,0
129,130,18.5,note,4.0,soprn,72.0,19.0,C,,4,4,,yes,yes,T,y,VII,_,I,_,1.0,M,Bb,10.0,o,Bb,10.0,M,9.0,2,2,_,-2.0,-2.0,0
130,131,19.0,note,1.0,bass,46.0,19.5,Bb,,4,4,,yes,yes,R,y,I,_,I,_,0.0,M,Bb,10.0,M,Bb,10.0,M,10.0,1,1,_,-2.0,-2.0,0
131,132,19.0,note,2.0,tenor,65.0,19.5,F,,4,4,,yes,yes,F,n,I,_,I,_,0.0,M,Bb,10.0,M,Bb,10.0,M,10.0,5,5,_,-2.0,-2.0,0
132,133,19.0,note,3.0,alto,70.0,19.5,Bb,,4,4,,yes,yes,R,y,I,_,I,_,0.0,M,Bb,10.0,M,Bb,10.0,M,10.0,1,1,_,-2.0,-2.0,0
133,134,19.0,note,4.0,soprn,74.0,19.5,D,,4,4,,yes,yes,T,n,I,_,I,_,0.0,M,Bb,10.0,M,Bb,10.0,M,10.0,3,3,_,-2.0,-2.0,0
134,135,19.5,note,1.0,bass,46.0,19.75,Bb,,4,4,,yes,no,R,y,I,_,I,_,0.0,M,Bb,10.0,M,Bb,10.0,M,10.0,1,1,_,-2.0,-2.0,0
135,136,19.5,note,2.0,tenor,62.0,19.75,D,,4,4,,yes,no,T,n,I,_,I,_,0.0,M,Bb,10.0,M,Bb,10.0,M,10.0,3,3,_,-2.0,-2.0,0
136,137,19.5,note,3.0,alto,70.0,19.75,Bb,,4,4,,yes,no,R,y,I,_,I,_,0.0,M,Bb,10.0,M,Bb,10.0,M,10.0,1,1,_,-2.0,-2.0,0
137,138,19.5,note,4.0,soprn,75.0,19.75,Eb,,4,4,,no,no,x,n,I,_,I,_,0.0,M,Bb,10.0,M,Bb,10.0,M,10.0,4,4,_,-2.0,-2.0,0
138,139,19.75,note,1.0,bass,46.0,20.0,Bb,,4,4,,yes,no,R,y,I,_,I,_,0.0,M,Bb,10.0,M,Bb,10.0,M,10.0,1,1,_,-2.0,-2.0,0
139,140,19.75,note,2.0,tenor,62.0,20.0,D,,4,4,,yes,no,T,n,I,_,I,_,0.0,M,Bb,10.0,M,Bb,10.0,M,10.0,3,3,_,-2.0,-2.0,0
140,141,19.75,note,3.0,alto,70.0,20.0,Bb,,4,4,,yes,no,R,y,I,_,I,_,0.0,M,Bb,10.0,M,Bb,10.0,M,10.0,1,1,_,-2.0,-2.0,0
141,142,19.75,note,4.0,soprn,77.0,20.0,F,,4,4,,yes,no,F,n,I,_,I,_,0.0,M,Bb,10.0,M,Bb,10.0,M,10.0,5,5,_,-2.0,-2.0,0
142,143,20.0,note,1.0,bass,51.0,20.5,Eb,,4,4,,yes,yes,R,y,IV,_,I,_,0.0,M,Bb,10.0,M,Bb,10.0,M,3.0,4,4,_,-2.0,-2.0,0
143,144,20.0,note,2.0,tenor,58.0,20.5,Bb,,4,4,,yes,yes,F,n,IV,_,I,_,0.0,M,Bb,10.0,M,Bb,10.0,M,3.0,1,1,_,-2.0,-2.0,0
144,145,20.0,note,3.0,alto,70.0,20.5,Bb,,4,4,,yes,yes,F,n,IV,_,I,_,0.0,M,Bb,10.0,M,Bb,10.0,M,3.0,1,1,_,-2.0,-2.0,0
145,146,20.0,note,4.0,soprn,75.0,20.5,Eb,,4,4,,yes,yes,R,y,IV,_,I,_,0.0,M,Bb,10.0,M,Bb,10.0,M,3.0,4,4,_,-2.0,-2.0,0
146,147,20.5,note,1.0,bass,51.0,21.0,Eb,,4,4,,yes,no,R,y,IV,_,I,_,0.0,M,Bb,10.0,M,Bb,10.0,M,3.0,4,4,_,-2.0,-2.0,0
147,148,20.5,note,2.0,tenor,58.0,21.0,Bb,,4,4,,yes,no,F,n,IV,_,I,_,0.0,M,Bb,10.0,M,Bb,10.0,M,3.0,1,1,_,-2.0,-2.0,0
148,149,20.5,note,3.0,alto,70.0,21.0,Bb,,4,4,,yes,no,F,n,IV,_,I,_,0.0,M,Bb,10.0,M,Bb,10.0,M,3.0,1,1,_,-2.0,-2.0,0
149,150,20.5,note,4.0,soprn,74.0,21.0,D,,4,4,,no,no,x,n,IV,_,I,_,0.0,M,Bb,10.0,M,Bb,10.0,M,3.0,3,3,_,-2.0,-2.0,0
150,151,21.0,bar,,,,25.0,,,4,4,,na,na,na,na,na,na,na,na,,na,na,,na,na,,na,,na,na,na,,,0
151,152,21.0,note,1.0,bass,53.0,23.0,F,,4,4,,yes,yes,R,y,V,_,I,_,0.0,M,Bb,10.0,M,Bb,10.0,M,5.0,5,5,_,-2.0,-2.0,0
152,153,21.0,note,2.0,tenor,57.0,23.0,A,,4,4,,yes,yes,T,n,V,_,I,_,0.0,M,Bb,10.0,M,Bb,10.0,M,5.0,7,7,_,-2.0,-2.0,0
153,154,21.0,note,3.0,alto,65.0,23.0,F,,4,4,,yes,yes,R,y,V,_,I,_,0.0,M,Bb,10.0,M,Bb,10.0,M,5.0,5,5,_,-2.0,-2.0,0
154,155,21.0,note,4.0,soprn,72.0,23.0,C,,4,4,,yes,yes,F,n,V,_,I,_,0.0,M,Bb,10.0,M,Bb,10.0,M,5.0,2,2,_,-2.0,-2.0,0
155,156,24.0,note,1.0,bass,54.0,25.0,F#,,4,4,,yes,yes,T,y,V,_,I,_,1.0,m,g,7.0,M,g,7.0,m,2.0,#7,7,#,-2.0,-2.0,0
156,157,24.0,note,2.0,tenor,62.0,25.0,D,,4,4,,yes,yes,R,n,V,_,I,_,1.0,m,g,7.0,M,g,7.0,m,2.0,5,5,_,-2.0,-2.0,0
157,158,24.0,note,3.0,alto,69.0,25.0,A,,4,4,,yes,yes,F,n,V,_,I,_,1.0,m,g,7.0,M,g,7.0,m,2.0,2,2,_,-2.0,-2.0,0
158,159,24.0,note,4.0,soprn,74.0,25.0,D,,4,4,,yes,yes,R,n,V,_,I,_,1.0,m,g,7.0,M,g,7.0,m,2.0,5,5,_,-2.0,-2.0,0
159,160,25.0,bar,,,,29.0,,,4,4,,na,na,na,na,na,na,na,na,,na,na,,na,na,,na,,na,na,na,,,0
160,161,25.0,note,1.0,bass,55.0,25.5,G,,4,4,,yes,yes,R,y,I,_,I,_,0.0,m,g,7.0,m,g,7.0,m,7.0,1,1,_,-2.0,-2.0,0
161,162,25.0,note,2.0,tenor,62.0,25.5,D,,4,4,,yes,yes,F,n,I,_,I,_,0.0,m,g,7.0,m,g,7.0,m,7.0,5,5,_,-2.0,-2.0,0
162,163,25.0,note,3.0,alto,69.0,25.5,A,,4,4,,no,yes,x,n,I,_,I,_,0.0,m,g,7.0,m,g,7.0,m,7.0,2,2,_,-2.0,-2.0,0
163,164,25.0,note,4.0,soprn,70.0,25.5,Bb,,4,4,,yes,yes,T,n,I,_,I,_,0.0,m,g,7.0,m,g,7.0,m,7.0,3,3,_,-2.0,-2.0,0
164,165,25.5,note,1.0,bass,55.0,26.0,G,,4,4,,yes,no,R,y,I,_,I,_,0.0,m,g,7.0,m,g,7.0,m,7.0,1,1,_,-2.0,-2.0,0
165,166,25.5,note,2.0,tenor,63.0,26.0,Eb,,4,4,,no,no,x,n,I,_,I,_,0.0,m,g,7.0,m,g,7.0,m,7.0,6,6,_,-2.0,-2.0,0
166,167,25.5,note,3.0,alto,67.0,26.0,G,,4,4,,yes,no,R,y,I,_,I,_,0.0,m,g,7.0,m,g,7.0,m,7.0,1,1,_,-2.0,-2.0,0
167,168,25.5,note,4.0,soprn,70.0,26.0,Bb,,4,4,,yes,no,T,n,I,_,I,_,0.0,m,g,7.0,m,g,7.0,m,7.0,3,3,_,-2.0,-2.0,0
168,169,26.0,note,1.0,bass,57.0,26.5,A,,4,4,,yes,yes,T,y,V,_,III,_,1.0,m,g,7.0,Mm7,Bb,10.0,M,5.0,2,2,_,-2.0,-2.0,1
169,170,26.0,note,2.0,tenor,63.0,26.5,Eb,,4,4,,yes,yes,S,n,V,_,III,_,1.0,m,g,7.0,Mm7,Bb,10.0,M,5.0,6,6,_,-2.0,-2.0,1
170,171,26.0,note,3.0,alto,67.0,26.5,G,,4,4,,no,yes,x,n,V,_,III,_,1.0,m,g,7.0,Mm7,Bb,10.0,M,5.0,1,1,_,-2.0,-2.0,1
171,172,26.0,note,4.0,soprn,72.0,26.5,C,,4,4,,yes,yes,F,n,V,_,III,_,1.0,m,g,7.0,Mm7,Bb,10.0,M,5.0,4,4,_,-2.0,-2.0,1
172,173,26.5,note,1.0,bass,57.0,27.0,A,,4,4,,yes,no,T,y,V,_,III,_,1.0,m,g,7.0,Mm7,Bb,10.0,M,5.0,2,2,_,-2.0,-2.0,1
173,174,26.5,note,2.0,tenor,65.0,27.0,F,,4,4,"174,175",yes,no,R,n,V,_,III,_,1.0,m,g,7.0,Mm7,Bb,10.0,M,5.0,7,7,_,-2.0,-2.0,1
174,176,26.5,note,4.0,soprn,72.0,27.0,C,,4,4,,yes,no,F,n,V,_,III,_,1.0,m,g,7.0,Mm7,Bb,10.0,M,5.0,4,4,_,-2.0,-2.0,1
175,177,27.0,note,1.0,bass,58.0,27.5,Bb,,4,4,,yes,yes,R,y,III,_,I,_,0.0,m,g,7.0,M,g,7.0,m,10.0,3,3,_,-2.0,-2.0,0
176,178,27.0,note,2.0,tenor,62.0,27.5,D,,4,4,,yes,yes,T,n,III,_,I,_,0.0,m,g,7.0,M,g,7.0,m,10.0,5,5,_,-2.0,-2.0,0
177,179,27.0,note,3.0,alto,65.0,27.5,F,,4,4,,yes,yes,F,n,III,_,I,_,0.0,m,g,7.0,M,g,7.0,m,10.0,7,7,_,-2.0,-2.0,0
178,180,27.0,note,4.0,soprn,74.0,27.5,D,,4,4,,yes,yes,T,n,III,_,I,_,0.0,m,g,7.0,M,g,7.0,m,10.0,5,5,_,-2.0,-2.0,0
179,181,27.5,note,1.0,bass,58.0,28.0,Bb,,4,4,,yes,no,R,y,III,_,I,_,0.0,m,g,7.0,M,g,7.0,m,10.0,3,3,_,-2.0,-2.0,0
180,182,27.5,note,2.0,tenor,62.0,28.0,D,,4,4,,yes,no,T,n,III,_,I,_,0.0,m,g,7.0,M,g,7.0,m,10.0,5,5,_,-2.0,-2.0,0
181,183,27.5,note,3.0,alto,67.0,28.0,G,,4,4,,no,no,x,n,III,_,I,_,0.0,m,g,7.0,M,g,7.0,m,10.0,1,1,_,-2.0,-2.0,0
182,184,27.5,note,4.0,soprn,75.0,28.0,Eb,,4,4,,no,no,x,n,III,_,I,_,0.0,m,g,7.0,M,g,7.0,m,10.0,6,6,_,-2.0,-2.0,0
183,185,28.0,note,1.0,bass,59.0,28.5,B,,4,4,,yes,yes,R,y,VII,_,IV,_,0.0,m,g,7.0,o7,c,0.0,m,11.0,#3,3,#,-2.0,-3.0,1
184,186,28.0,note,2.0,tenor,62.0,28.5,D,,4,4,,yes,yes,T,n,VII,_,IV,_,0.0,m,g,7.0,o7,c,0.0,m,11.0,5,5,_,-2.0,-3.0,1
185,187,28.0,note,3.0,alto,68.0,28.5,Ab,,4,4,,yes,yes,S,n,VII,_,IV,_,0.0,m,g,7.0,o7,c,0.0,m,11.0,b2,2,b,-2.0,-3.0,1
186,188,28.0,note,4.0,soprn,77.0,28.5,F,,4,4,,yes,yes,F,n,VII,_,IV,_,0.0,m,g,7.0,o7,c,0.0,m,11.0,7,7,_,-2.0,-3.0,1
187,189,28.5,note,1.0,bass,59.0,29.0,B,,4,4,,yes,no,R,y,VII,_,IV,_,0.0,m,g,7.0,o7,c,0.0,m,11.0,#3,3,#,-2.0,-3.0,1
188,190,28.5,note,2.0,tenor,62.0,29.0,D,,4,4,,yes,no,T,n,VII,_,IV,_,0.0,m,g,7.0,o7,c,0.0,m,11.0,5,5,_,-2.0,-3.0,1
189,191,28.5,note,3.0,alto,67.0,29.0,G,,4,4,,no,no,x,n,VII,_,IV,_,0.0,m,g,7.0,o7,c,0.0,m,11.0,1,1,_,-2.0,-3.0,1
190,192,28.5,note,4.0,soprn,77.0,29.0,F,,4,4,,yes,no,F,n,VII,_,IV,_,0.0,m,g,7.0,o7,c,0.0,m,11.0,7,7,_,-2.0,-3.0,1
191,193,29.0,bar,,,,33.0,,,4,4,,na,na,na,na,na,na,na,na,,na,na,,na,na,,na,,na,na,na,,,0
192,194,29.0,note,2.0,tenor,55.0,30.0,G,,4,4,,yes,yes,F,n,IV,_,I,_,0.0,m,g,7.0,m,g,7.0,m,0.0,1,1,_,-2.0,-2.0,0
193,195,29.0,note,1.0,bass,60.0,30.0,C,,4,4,,yes,yes,R,y,IV,_,I,_,0.0,m,g,7.0,m,g,7.0,m,0.0,4,4,_,-2.0,-2.0,0
194,196,29.0,note,3.0,alto,67.0,30.0,G,,4,4,,yes,yes,F,n,IV,_,I,_,0.0,m,g,7.0,m,g,7.0,m,0.0,1,1,_,-2.0,-2.0,0
195,197,29.0,note,4.0,soprn,75.0,30.0,Eb,,4,4,,yes,yes,T,n,IV,_,I,_,0.0,m,g,7.0,m,g,7.0,m,0.0,6,6,_,-2.0,-2.0,0
196,198,30.0,note,1.0,bass,48.0,31.0,C,,4,4,,yes,yes,F,n,VII,_,I,_,1.0,m,g,7.0,o7,g,7.0,m,6.0,4,4,_,-2.0,-2.0,0
197,199,30.0,note,2.0,tenor,57.0,31.0,A,,4,4,,yes,yes,T,y,VII,_,I,_,1.0,m,g,7.0,o7,g,7.0,m,6.0,2,2,_,-2.0,-2.0,0
198,200,30.0,note,3.0,alto,66.0,31.0,F#,,4,4,,yes,yes,R,n,VII,_,I,_,1.0,m,g,7.0,o7,g,7.0,m,6.0,#7,7,#,-2.0,-2.0,0
199,201,30.0,note,4.0,soprn,75.0,31.0,Eb,,4,4,,yes,yes,S,n,VII,_,I,_,1.0,m,g,7.0,o7,g,7.0,m,6.0,6,6,_,-2.0,-2.0,0
200,202,31.0,note,1.0,bass,55.0,32.0,G,,4,4,,yes,yes,R,y,I,_,I,_,0.0,m,g,7.0,M,g,7.0,m,7.0,1,1,_,-2.0,-2.0,0
201,203,31.0,note,2.0,tenor,59.0,32.0,B,,4,4,,yes,yes,T,n,I,_,I,_,0.0,m,g,7.0,M,g,7.0,m,7.0,#3,3,#,-2.0,-2.0,0
202,204,31.0,note,3.0,alto,67.0,32.0,G,,4,4,,yes,yes,R,y,I,_,I,_,0.0,m,g,7.0,M,g,7.0,m,7.0,1,1,_,-2.0,-2.0,0
203,205,31.0,note,4.0,soprn,74.0,32.0,D,,4,4,,yes,yes,F,n,I,_,I,_,0.0,m,g,7.0,M,g,7.0,m,7.0,5,5,_,-2.0,-2.0,0
204,206,32.0,note,1.0,bass,55.0,32.5,G,,4,4,,yes,yes,R,y,VI,_,I,_,0.0,M,Bb,10.0,m,Bb,10.0,M,7.0,6,6,_,-2.0,-2.0,0
205,207,32.0,note,2.0,tenor,67.0,32.5,G,,4,4,,yes,yes,R,y,VI,_,I,_,0.0,M,Bb,10.0,m,Bb,10.0,M,7.0,6,6,_,-2.0,-2.0,0
206,208,32.0,note,3.0,alto,70.0,32.5,Bb,,4,4,,yes,yes,T,n,VI,_,I,_,0.0,M,Bb,10.0,m,Bb,10.0,M,7.0,1,1,_,-2.0,-2.0,0
207,209,32.0,note,4.0,soprn,74.0,32.5,D,,4,4,,yes,yes,F,n,VI,_,I,_,0.0,M,Bb,10.0,m,Bb,10.0,M,7.0,3,3,_,-2.0,-2.0,0
208,210,32.5,note,1.0,bass,55.0,33.0,G,,4,4,,yes,no,R,y,VI,_,I,_,0.0,M,Bb,10.0,m,Bb,10.0,M,7.0,6,6,_,-2.0,-2.0,0
209,211,32.5,note,2.0,tenor,67.0,33.0,G,,4,4,,yes,no,R,y,VI,_,I,_,0.0,M,Bb,10.0,m,Bb,10.0,M,7.0,6,6,_,-2.0,-2.0,0
210,212,32.5,note,3.0,alto,70.0,33.0,Bb,,4,4,,yes,no,T,n,VI,_,I,_,0.0,M,Bb,10.0,m,Bb,10.0,M,7.0,1,1,_,-2.0,-2.0,0
211,213,32.5,note,4.0,soprn,75.0,33.0,Eb,,4,4,,no,no,x,n,VI,_,I,_,0.0,M,Bb,10.0,m,Bb,10.0,M,7.0,4,4,_,-2.0,-2.0,0
212,214,33.0,bar,,,,37.0,,,4,4,,na,na,na,na,na,na,na,na,,na,na,,na,na,,na,,na,na,na,,,0
213,215,33.0,note,1.0,bass,57.0,33.5,A,,4,4,,yes,yes,T,y,V,_,I,_,1.0,M,Bb,10.0,M,Bb,10.0,M,5.0,7,7,_,-2.0,-2.0,0
214,216,33.0,note,2.0,tenor,65.0,33.5,F,,4,4,,yes,yes,R,n,V,_,I,_,1.0,M,Bb,10.0,M,Bb,10.0,M,5.0,5,5,_,-2.0,-2.0,0
215,217,33.0,note,3.0,alto,72.0,33.5,C,,4,4,,yes,yes,F,n,V,_,I,_,1.0,M,Bb,10.0,M,Bb,10.0,M,5.0,2,2,_,-2.0,-2.0,0
216,218,33.0,note,4.0,soprn,77.0,33.5,F,,4,4,,yes,yes,R,n,V,_,I,_,1.0,M,Bb,10.0,M,Bb,10.0,M,5.0,5,5,_,-2.0,-2.0,0
217,219,33.5,note,1.0,bass,53.0,34.0,F,,4,4,,yes,yes,R,y,V,_,I,_,0.0,M,Bb,10.0,Mm7,Bb,10.0,M,5.0,5,5,_,-2.0,-2.0,0
218,220,33.5,note,2.0,tenor,63.0,34.0,Eb,,4,4,,yes,yes,S,n,V,_,I,_,0.0,M,Bb,10.0,Mm7,Bb,10.0,M,5.0,4,4,_,-2.0,-2.0,0
219,221,33.5,note,3.0,alto,69.0,34.0,A,,4,4,,yes,yes,T,n,V,_,I,_,0.0,M,Bb,10.0,Mm7,Bb,10.0,M,5.0,7,7,_,-2.0,-2.0,0
220,222,33.5,note,4.0,soprn,77.0,34.0,F,,4,4,,yes,yes,R,y,V,_,I,_,0.0,M,Bb,10.0,Mm7,Bb,10.0,M,5.0,5,5,_,-2.0,-2.0,0
221,223,34.0,note,1.0,bass,58.0,35.0,Bb,,4,4,,yes,yes,R,y,I,_,I,_,0.0,M,Bb,10.0,M,Bb,10.0,M,10.0,1,1,_,-2.0,-2.0,0
222,224,34.0,note,2.0,tenor,62.0,35.0,D,,4,4,,yes,yes,T,n,I,_,I,_,0.0,M,Bb,10.0,M,Bb,10.0,M,10.0,3,3,_,-2.0,-2.0,0
223,225,34.0,note,3.0,alto,70.0,35.0,Bb,,4,4,,yes,yes,R,y,I,_,I,_,0.0,M,Bb,10.0,M,Bb,10.0,M,10.0,1,1,_,-2.0,-2.0,0
224,226,34.0,note,4.0,soprn,77.0,35.0,F,,4,4,,yes,yes,F,n,I,_,I,_,0.0,M,Bb,10.0,M,Bb,10.0,M,10.0,5,5,_,-2.0,-2.0,0
225,227,35.0,note,1.0,bass,58.0,35.5,Bb,,4,4,,yes,yes,S,y,V,_,I,_,3.0,M,F,5.0,Mm7,F,5.0,M,0.0,4,4,_,-1.0,-1.0,0
226,228,35.0,note,2.0,tenor,64.0,35.5,E,,4,4,,yes,yes,T,n,V,_,I,_,3.0,M,F,5.0,Mm7,F,5.0,M,0.0,7,7,_,-1.0,-1.0,0
227,229,35.0,note,3.0,alto,67.0,35.5,G,,4,4,,yes,yes,F,n,V,_,I,_,3.0,M,F,5.0,Mm7,F,5.0,M,0.0,2,2,_,-1.0,-1.0,0
228,230,35.0,note,4.0,soprn,72.0,35.5,C,,4,4,,yes,yes,R,n,V,_,I,_,3.0,M,F,5.0,Mm7,F,5.0,M,0.0,5,5,_,-1.0,-1.0,0
229,231,35.5,note,1.0,bass,57.0,36.0,A,,4,4,,yes,yes,T,y,I,_,I,_,1.0,M,F,5.0,M,F,5.0,M,5.0,3,3,_,-1.0,-1.0,0
230,232,35.5,note,2.0,tenor,65.0,36.0,F,,4,4,"232,233",yes,yes,R,n,I,_,I,_,1.0,M,F,5.0,M,F,5.0,M,5.0,1,1,_,-1.0,-1.0,0
231,234,35.5,note,4.0,soprn,72.0,36.0,C,,4,4,,yes,yes,F,n,I,_,I,_,1.0,M,F,5.0,M,F,5.0,M,5.0,5,5,_,-1.0,-1.0,0
232,235,36.0,note,1.0,bass,55.0,36.5,G,,4,4,,no,yes,x,n,VI,_,I,_,1.0,M,F,5.0,m,F,5.0,M,2.0,2,2,_,-1.0,-1.0,0
233,236,36.0,note,2.0,tenor,65.0,36.5,F,,4,4,,yes,yes,T,y,VI,_,I,_,1.0,M,F,5.0,m,F,5.0,M,2.0,1,1,_,-1.0,-1.0,0
234,237,36.0,note,3.0,alto,69.0,36.5,A,,4,4,,yes,yes,F,n,VI,_,I,_,1.0,M,F,5.0,m,F,5.0,M,2.0,3,3,_,-1.0,-1.0,0
235,238,36.0,note,4.0,soprn,74.0,36.5,D,,4,4,,yes,yes,R,n,VI,_,I,_,1.0,M,F,5.0,m,F,5.0,M,2.0,6,6,_,-1.0,-1.0,0
236,239,36.5,note,1.0,bass,53.0,37.0,F,,4,4,,yes,no,T,y,VI,_,I,_,1.0,M,F,5.0,m,F,5.0,M,2.0,1,1,_,-1.0,-1.0,0
237,240,36.5,note,2.0,tenor,65.0,37.0,F,,4,4,,yes,no,T,y,VI,_,I,_,1.0,M,F,5.0,m,F,5.0,M,2.0,1,1,_,-1.0,-1.0,0
238,241,36.5,note,3.0,alto,69.0,37.0,A,,4,4,,yes,no,F,n,VI,_,I,_,1.0,M,F,5.0,m,F,5.0,M,2.0,3,3,_,-1.0,-1.0,0
239,242,36.5,note,4.0,soprn,74.0,37.0,D,,4,4,,yes,no,R,n,VI,_,I,_,1.0,M,F,5.0,m,F,5.0,M,2.0,6,6,_,-1.0,-1.0,0
240,243,37.0,bar,,,,41.0,,,4,4,,na,na,na,na,na,na,na,na,,na,na,,na,na,,na,,na,na,na,,,0
241,244,37.0,note,1.0,bass,55.0,38.0,G,,4,4,,yes,yes,R,y,II,_,I,_,0.0,M,F,5.0,m,F,5.0,M,7.0,2,2,_,-1.0,-1.0,0
242,245,37.0,note,2.0,tenor,65.0,38.0,F,,4,4,,no,yes,x,n,II,_,I,_,0.0,M,F,5.0,m,F,5.0,M,7.0,1,1,_,-1.0,-1.0,0
243,246,37.0,note,3.0,alto,69.0,38.0,A,,4,4,,no,yes,x,n,II,_,I,_,0.0,M,F,5.0,m,F,5.0,M,7.0,3,3,_,-1.0,-1.0,0
244,247,37.0,note,4.0,soprn,70.0,38.0,Bb,,4,4,,yes,yes,T,n,II,_,I,_,0.0,M,F,5.0,m,F,5.0,M,7.0,4,4,_,-1.0,-1.0,0
245,248,38.0,note,1.0,bass,48.0,39.0,C,,4,4,,yes,yes,R,y,V,_,I,_,0.0,M,F,5.0,Mm7,F,5.0,M,0.0,5,5,_,-1.0,-1.0,0
246,249,38.0,note,2.0,tenor,64.0,39.0,E,,4,4,,yes,yes,T,n,V,_,I,_,0.0,M,F,5.0,Mm7,F,5.0,M,0.0,7,7,_,-1.0,-1.0,0
247,250,38.0,note,3.0,alto,67.0,39.0,G,,4,4,,yes,yes,F,n,V,_,I,_,0.0,M,F,5.0,Mm7,F,5.0,M,0.0,2,2,_,-1.0,-1.0,0
248,251,38.0,note,4.0,soprn,70.0,39.0,Bb,,4,4,,yes,yes,S,n,V,_,I,_,0.0,M,F,5.0,Mm7,F,5.0,M,0.0,4,4,_,-1.0,-1.0,0
249,252,39.0,note,1.0,bass,53.0,40.0,F,,4,4,,yes,yes,R,y,V,_,I,_,0.0,M,Bb,10.0,M,Bb,10.0,M,5.0,5,5,_,-2.0,-2.0,0
250,253,39.0,note,2.0,tenor,60.0,40.0,C,,4,4,,yes,yes,F,n,V,_,I,_,0.0,M,Bb,10.0,M,Bb,10.0,M,5.0,2,2,_,-2.0,-2.0,0
251,254,39.0,note,3.0,alto,65.0,40.0,F,,4,4,,yes,yes,R,y,V,_,I,_,0.0,M,Bb,10.0,M,Bb,10.0,M,5.0,5,5,_,-2.0,-2.0,0
252,255,39.0,note,4.0,soprn,69.0,40.0,A,,4,4,,yes,yes,T,n,V,_,I,_,0.0,M,Bb,10.0,M,Bb,10.0,M,5.0,7,7,_,-2.0,-2.0,0
253,256,40.0,note,1.0,bass,53.0,40.5,F,,4,4,,yes,no,R,y,V,_,I,_,0.0,M,Bb,10.0,M,Bb,10.0,M,5.0,5,5,_,-2.0,-2.0,0
254,257,40.0,note,2.0,tenor,57.0,40.5,A,,4,4,,yes,no,T,n,V,_,I,_,0.0,M,Bb,10.0,M,Bb,10.0,M,5.0,7,7,_,-2.0,-2.0,0
255,258,40.0,note,3.0,alto,60.0,40.5,C,,4,4,,yes,no,F,n,V,_,I,_,0.0,M,Bb,10.0,M,Bb,10.0,M,5.0,2,2,_,-2.0,-2.0,0
256,259,40.0,note,4.0,soprn,65.0,40.5,F,,4,4,,yes,no,R,y,V,_,I,_,0.0,M,Bb,10.0,M,Bb,10.0,M,5.0,5,5,_,-2.0,-2.0,0
257,260,40.5,note,1.0,bass,51.0,41.0,Eb,,4,4,,yes,yes,S,y,V,_,I,_,3.0,M,Bb,10.0,Mm7,Bb,10.0,M,5.0,4,4,_,-2.0,-2.0,0
258,261,40.5,note,2.0,tenor,57.0,41.0,A,,4,4,,yes,yes,T,n,V,_,I,_,3.0,M,Bb,10.0,Mm7,Bb,10.0,M,5.0,7,7,_,-2.0,-2.0,0
259,262,40.5,note,3.0,alto,60.0,41.0,C,,4,4,,yes,yes,F,n,V,_,I,_,3.0,M,Bb,10.0,Mm7,Bb,10.0,M,5.0,2,2,_,-2.0,-2.0,0
260,263,40.5,note,4.0,soprn,65.0,41.0,F,,4,4,,yes,yes,R,n,V,_,I,_,3.0,M,Bb,10.0,Mm7,Bb,10.0,M,5.0,5,5,_,-2.0,-2.0,0
261,264,41.0,bar,,,,45.0,,,4,4,,na,na,na,na,na,na,na,na,,na,na,,na,na,,na,,na,na,na,,,0
262,265,41.0,note,1.0,bass,50.0,42.0,D,,4,4,,yes,yes,T,y,I,_,I,_,1.0,M,Bb,10.0,M,Bb,10.0,M,10.0,3,3,_,-2.0,-2.0,0
263,266,41.0,note,2.0,tenor,58.0,42.0,Bb,,4,4,,yes,yes,R,n,I,_,I,_,1.0,M,Bb,10.0,M,Bb,10.0,M,10.0,1,1,_,-2.0,-2.0,0
264,267,41.0,note,3.0,alto,65.0,42.0,F,,4,4,,yes,yes,F,n,I,_,I,_,1.0,M,Bb,10.0,M,Bb,10.0,M,10.0,5,5,_,-2.0,-2.0,0
265,268,41.0,note,4.0,soprn,70.0,42.0,Bb,,4,4,,yes,yes,R,n,I,_,I,_,1.0,M,Bb,10.0,M,Bb,10.0,M,10.0,1,1,_,-2.0,-2.0,0
266,269,42.0,note,1.0,bass,48.0,42.5,C,,4,4,,yes,yes,T,y,VII,_,I,_,1.0,M,Bb,10.0,o,Bb,10.0,M,9.0,2,2,_,-2.0,-2.0,0
267,270,42.0,note,2.0,tenor,58.0,42.5,Bb,,4,4,,no,yes,x,n,VII,_,I,_,1.0,M,Bb,10.0,o,Bb,10.0,M,9.0,1,1,_,-2.0,-2.0,0
268,271,42.0,note,3.0,alto,63.0,42.5,Eb,,4,4,,yes,yes,F,n,VII,_,I,_,1.0,M,Bb,10.0,o,Bb,10.0,M,9.0,4,4,_,-2.0,-2.0,0
269,272,42.0,note,4.0,soprn,72.0,42.5,C,,4,4,,yes,yes,T,y,VII,_,I,_,1.0,M,Bb,10.0,o,Bb,10.0,M,9.0,2,2,_,-2.0,-2.0,0
270,273,42.5,note,1.0,bass,48.0,43.0,C,,4,4,,yes,no,T,y,VII,_,I,_,1.0,M,Bb,10.0,o,Bb,10.0,M,9.0,2,2,_,-2.0,-2.0,0
271,274,42.5,note,2.0,tenor,57.0,43.0,A,,4,4,,yes,no,R,n,VII,_,I,_,1.0,M,Bb,10.0,o,Bb,10.0,M,9.0,7,7,_,-2.0,-2.0,0
272,275,42.5,note,3.0,alto,63.0,43.0,Eb,,4,4,,yes,no,F,n,VII,_,I,_,1.0,M,Bb,10.0,o,Bb,10.0,M,9.0,4,4,_,-2.0,-2.0,0
273,276,42.5,note,4.0,soprn,72.0,43.0,C,,4,4,,yes,no,T,y,VII,_,I,_,1.0,M,Bb,10.0,o,Bb,10.0,M,9.0,2,2,_,-2.0,-2.0,0
274,277,43.0,note,1.0,bass,46.0,44.0,Bb,,4,4,,yes,yes,R,y,I,_,I,_,0.0,M,Bb,10.0,M,Bb,10.0,M,10.0,1,1,_,-2.0,-2.0,0
275,278,43.0,note,2.0,tenor,58.0,44.0,Bb,,4,4,,yes,yes,R,y,I,_,I,_,0.0,M,Bb,10.0,M,Bb,10.0,M,10.0,1,1,_,-2.0,-2.0,0
276,279,43.0,note,3.0,alto,65.0,44.0,F,,4,4,,yes,yes,F,n,I,_,I,_,0.0,M,Bb,10.0,M,Bb,10.0,M,10.0,5,5,_,-2.0,-2.0,0
277,280,43.0,note,4.0,soprn,74.0,44.0,D,,4,4,,yes,yes,T,n,I,_,I,_,0.0,M,Bb,10.0,M,Bb,10.0,M,10.0,3,3,_,-2.0,-2.0,0
278,281,44.0,note,1.0,bass,51.0,44.5,Eb,,4,4,,yes,yes,T,y,II,_,I,_,1.0,M,Bb,10.0,m,Bb,10.0,M,0.0,4,4,_,-2.0,-2.0,0
279,282,44.0,note,2.0,tenor,58.0,44.5,Bb,,4,4,,no,yes,x,n,II,_,I,_,1.0,M,Bb,10.0,m,Bb,10.0,M,0.0,1,1,_,-2.0,-2.0,0
280,283,44.0,note,3.0,alto,67.0,44.5,G,,4,4,,yes,yes,F,n,II,_,I,_,1.0,M,Bb,10.0,m,Bb,10.0,M,0.0,6,6,_,-2.0,-2.0,0
281,284,44.0,note,4.0,soprn,72.0,44.5,C,,4,4,,yes,yes,R,n,II,_,I,_,1.0,M,Bb,10.0,m,Bb,10.0,M,0.0,2,2,_,-2.0,-2.0,0
282,285,44.5,note,1.0,bass,51.0,44.75,Eb,,4,4,,yes,no,T,y,II,_,I,_,1.0,M,Bb,10.0,m,Bb,10.0,M,0.0,4,4,_,-2.0,-2.0,0
283,286,44.5,note,2.0,tenor,58.0,44.75,Bb,,4,4,,no,no,x,n,II,_,I,_,1.0,M,Bb,10.0,m,Bb,10.0,M,0.0,1,1,_,-2.0,-2.0,0
284,287,44.5,note,3.0,alto,67.0,44.75,G,,4,4,,yes,no,F,n,II,_,I,_,1.0,M,Bb,10.0,m,Bb,10.0,M,0.0,6,6,_,-2.0,-2.0,0
285,288,44.5,note,4.0,soprn,74.0,44.75,D,,4,4,,no,no,x,n,II,_,I,_,1.0,M,Bb,10.0,m,Bb,10.0,M,0.0,3,3,_,-2.0,-2.0,0
286,289,44.75,note,1.0,bass,51.0,45.0,Eb,,4,4,,yes,no,T,y,II,_,I,_,1.0,M,Bb,10.0,m,Bb,10.0,M,0.0,4,4,_,-2.0,-2.0,0
287,290,44.75,note,2.0,tenor,58.0,45.0,Bb,,4,4,,no,no,x,n,II,_,I,_,1.0,M,Bb,10.0,m,Bb,10.0,M,0.0,1,1,_,-2.0,-2.0,0
288,291,44.75,note,3.0,alto,67.0,45.0,G,,4,4,,yes,no,F,n,II,_,I,_,1.0,M,Bb,10.0,m,Bb,10.0,M,0.0,6,6,_,-2.0,-2.0,0
289,292,44.75,note,4.0,soprn,75.0,45.0,Eb,,4,4,,yes,no,T,y,II,_,I,_,1.0,M,Bb,10.0,m,Bb,10.0,M,0.0,4,4,_,-2.0,-2.0,0
290,293,45.0,bar,,,,48.0,,,4,4,,na,na,na,na,na,na,na,na,,na,na,,na,na,,na,,na,na,na,,,0
291,294,45.0,note,1.0,bass,53.0,46.0,F,,4,4,,yes,yes,F,y,I,_,I,_,2.0,M,Bb,10.0,M,Bb,10.0,M,10.0,5,5,_,-2.0,-2.0,0
292,295,45.0,note,2.0,tenor,58.0,46.0,Bb,,4,4,,yes,yes,R,n,I,_,I,_,2.0,M,Bb,10.0,M,Bb,10.0,M,10.0,1,1,_,-2.0,-2.0,0
293,296,45.0,note,3.0,alto,65.0,46.0,F,,4,4,,yes,yes,F,y,I,_,I,_,2.0,M,Bb,10.0,M,Bb,10.0,M,10.0,5,5,_,-2.0,-2.0,0
294,297,45.0,note,4.0,soprn,74.0,46.0,D,,4,4,,yes,yes,T,n,I,_,I,_,2.0,M,Bb,10.0,M,Bb,10.0,M,10.0,3,3,_,-2.0,-2.0,0
295,298,46.0,note,1.0,bass,41.0,46.5,F,,4,4,,yes,yes,R,y,V,_,I,_,0.0,M,Bb,10.0,M,Bb,10.0,M,5.0,5,5,_,-2.0,-2.0,0
296,299,46.0,note,2.0,tenor,57.0,46.5,A,,4,4,,yes,yes,T,n,V,_,I,_,0.0,M,Bb,10.0,M,Bb,10.0,M,5.0,7,7,_,-2.0,-2.0,0
297,300,46.0,note,3.0,alto,65.0,46.5,F,,4,4,,yes,yes,R,y,V,_,I,_,0.0,M,Bb,10.0,M,Bb,10.0,M,5.0,5,5,_,-2.0,-2.0,0
298,301,46.0,note,4.0,soprn,72.0,46.5,C,,4,4,,yes,yes,F,n,V,_,I,_,0.0,M,Bb,10.0,M,Bb,10.0,M,5.0,2,2,_,-2.0,-2.0,0
299,302,46.5,note,1.0,bass,41.0,47.0,F,,4,4,,yes,yes,R,y,V,_,I,_,0.0,M,Bb,10.0,Mm7,Bb,10.0,M,5.0,5,5,_,-2.0,-2.0,0
300,303,46.5,note,2.0,tenor,63.0,47.0,Eb,,4,4,,yes,yes,S,n,V,_,I,_,0.0,M,Bb,10.0,Mm7,Bb,10.0,M,5.0,4,4,_,-2.0,-2.0,0
301,304,46.5,note,3.0,alto,65.0,47.0,F,,4,4,,yes,yes,R,y,V,_,I,_,0.0,M,Bb,10.0,Mm7,Bb,10.0,M,5.0,5,5,_,-2.0,-2.0,0
302,305,46.5,note,4.0,soprn,72.0,47.0,C,,4,4,,yes,yes,F,n,V,_,I,_,0.0,M,Bb,10.0,Mm7,Bb,10.0,M,5.0,2,2,_,-2.0,-2.0,0
303,306,47.0,note,1.0,bass,46.0,48.0,Bb,,4,4,,yes,yes,R,y,I,_,I,_,0.0,M,Bb,10.0,M,Bb,10.0,M,10.0,1,1,_,-2.0,-2.0,0
304,307,47.0,note,2.0,tenor,62.0,48.0,D,,4,4,,yes,yes,T,n,I,_,I,_,0.0,M,Bb,10.0,M,Bb,10.0,M,10.0,3,3,_,-2.0,-2.0,0
305,308,47.0,note,3.0,alto,65.0,48.0,F,,4,4,,yes,yes,F,n,I,_,I,_,0.0,M,Bb,10.0,M,Bb,10.0,M,10.0,5,5,_,-2.0,-2.0,0
306,309,47.0,note,4.0,soprn,70.0,48.0,Bb,,4,4,,yes,yes,R,y,I,_,I,_,0.0,M,Bb,10.0,M,Bb,10.0,M,10.0,1,1,_,-2.0,-2.0,0
