{"salami_sliced": true, "n_salami_sliced_notes": 37132, "n_unsalami_sliced_notes": 26034, "n_undedoubled_notes": 37132, "n_dedoubled_notes": 36398, "dedoubled": true, "n_chords": 6225, "global_key": "A", "global_key_sig": 3, "paths": ["/Users/malcolm/datasets/humdrum-data/bach-js/371chorales/kern/chor052.krn", "/Users/malcolm/datasets/When-in-Rome/Corpus/Early_Choral/Bach,_Johann_Sebastian/Chorales/052/analysis.txt"], "score_name": "Bach,_Johann_Sebastian_Chorales_052", "synthetic": false, "has_weights": false, "has_instrument": true, "has_spelling": true, "has_scale_degree": true, "has_time_signatures": true, "merged_notes": false, "has_harmonic_analysis": true, "spelled_columns": ["spelling", "key", "granular_key"], "pc_columns": ["key_pc", "granular_key_pc", "root_pc"], "key_sig_class_columns": ["key_signature", "granular_key_signature"]}