,original_index,onset,type,track,instrument,pitch,release,spelling,other,ts_numerator,ts_denominator,duplicated_indices,chord_tone,harmony_onset,chord_factors,bass_pcs,primary_degree,primary_alteration,secondary_degree,secondary_alteration,inversion,mode,key,key_pc,quality,granular_key,granular_key_pc,granular_mode,root_pc,scale_degree,scale_degree_step,scale_degree_alteration,key_signature,granular_key_signature,tonicization
0,0,0.0,time_signature,,,,,,"{""numerator"": 4, ""denominator"": 4}",4,4,,na,na,na,na,na,na,na,na,,na,na,,na,na,,na,,na,na,na,,,0
1,1,0.0,bar,,,,0.0625,,,4,4,,na,na,na,na,na,na,na,na,,na,na,,na,na,,na,,na,na,na,,,0
2,2,0.0,bar,,,,4.0,,,4,4,,na,na,na,na,na,na,na,na,,na,na,,na,na,,na,,na,na,na,,,0
3,3,0.0,note,1.0,bass,55.0,2.0,G,,4,4,,yes,yes,R,y,I,_,I,_,0.0,m,g,7.0,m,g,7.0,m,7.0,1,1,_,-2.0,-2.0,0
4,4,0.0,note,2.0,tenor,58.0,2.0,Bb,,4,4,,yes,yes,T,n,I,_,I,_,0.0,m,g,7.0,m,g,7.0,m,7.0,3,3,_,-2.0,-2.0,0
5,5,0.0,note,3.0,alto,67.0,2.0,G,,4,4,,yes,yes,R,y,I,_,I,_,0.0,m,g,7.0,m,g,7.0,m,7.0,1,1,_,-2.0,-2.0,0
6,6,0.0,note,4.0,soprn,74.0,2.0,D,,4,4,,yes,yes,F,n,I,_,I,_,0.0,m,g,7.0,m,g,7.0,m,7.0,5,5,_,-2.0,-2.0,0
7,7,2.0,note,1.0,bass,57.0,4.0,A,,4,4,,yes,yes,T,y,V,_,III,_,1.0,m,g,7.0,M,Bb,10.0,M,5.0,2,2,_,-2.0,-2.0,1
8,8,2.0,note,2.0,tenor,60.0,4.0,C,,4,4,,yes,yes,F,n,V,_,III,_,1.0,m,g,7.0,M,Bb,10.0,M,5.0,4,4,_,-2.0,-2.0,1
9,9,2.0,note,3.0,alto,65.0,4.0,F,,4,4,,yes,yes,R,n,V,_,III,_,1.0,m,g,7.0,M,Bb,10.0,M,5.0,7,7,_,-2.0,-2.0,1
10,10,2.0,note,4.0,soprn,77.0,4.0,F,,4,4,,yes,yes,R,n,V,_,III,_,1.0,m,g,7.0,M,Bb,10.0,M,5.0,7,7,_,-2.0,-2.0,1
11,11,4.0,bar,,,,8.0,,,4,4,,na,na,na,na,na,na,na,na,,na,na,,na,na,,na,,na,na,na,,,0
12,12,4.0,note,1.0,bass,58.0,5.0,Bb,,4,4,,yes,yes,R,y,III,_,I,_,0.0,m,g,7.0,M,g,7.0,m,10.0,3,3,_,-2.0,-2.0,0
13,13,4.0,note,2.0,tenor,62.0,5.0,D,,4,4,,yes,yes,T,n,III,_,I,_,0.0,m,g,7.0,M,g,7.0,m,10.0,5,5,_,-2.0,-2.0,0
14,14,4.0,note,3.0,alto,65.0,5.0,F,,4,4,,yes,yes,F,n,III,_,I,_,0.0,m,g,7.0,M,g,7.0,m,10.0,7,7,_,-2.0,-2.0,0
15,15,4.0,note,4.0,soprn,74.0,5.0,D,,4,4,,yes,yes,T,n,III,_,I,_,0.0,m,g,7.0,M,g,7.0,m,10.0,5,5,_,-2.0,-2.0,0
16,16,5.0,note,1.0,bass,57.0,6.0,A,,4,4,,yes,yes,F,n,V,_,I,_,0.0,m,g,7.0,M,g,7.0,m,2.0,2,2,_,-2.0,-2.0,0
17,17,5.0,note,2.0,tenor,60.0,6.0,C,,4,4,,no,yes,x,n,V,_,I,_,0.0,m,g,7.0,M,g,7.0,m,2.0,4,4,_,-2.0,-2.0,0
18,18,5.0,note,3.0,alto,66.0,6.0,F#,,4,4,,yes,yes,T,n,V,_,I,_,0.0,m,g,7.0,M,g,7.0,m,2.0,#7,7,#,-2.0,-2.0,0
19,19,5.0,note,4.0,soprn,74.0,6.0,D,,4,4,,yes,yes,R,y,V,_,I,_,0.0,m,g,7.0,M,g,7.0,m,2.0,5,5,_,-2.0,-2.0,0
20,20,6.0,note,1.0,bass,55.0,7.0,G,,4,4,,yes,yes,R,y,I,_,I,_,0.0,m,g,7.0,m,g,7.0,m,7.0,1,1,_,-2.0,-2.0,0
21,21,6.0,note,2.0,tenor,58.0,7.0,Bb,,4,4,,yes,yes,T,n,I,_,I,_,0.0,m,g,7.0,m,g,7.0,m,7.0,3,3,_,-2.0,-2.0,0
22,22,6.0,note,3.0,alto,67.0,7.0,G,,4,4,,yes,yes,R,y,I,_,I,_,0.0,m,g,7.0,m,g,7.0,m,7.0,1,1,_,-2.0,-2.0,0
23,23,6.0,note,4.0,soprn,74.0,7.0,D,,4,4,,yes,yes,F,n,I,_,I,_,0.0,m,g,7.0,m,g,7.0,m,7.0,5,5,_,-2.0,-2.0,0
24,24,7.0,note,1.0,bass,54.0,8.0,F#,,4,4,,yes,yes,T,y,V,_,I,_,1.0,m,g,7.0,M,g,7.0,m,2.0,#7,7,#,-2.0,-2.0,0
25,25,7.0,note,2.0,tenor,57.0,8.0,A,,4,4,,yes,yes,F,n,V,_,I,_,1.0,m,g,7.0,M,g,7.0,m,2.0,2,2,_,-2.0,-2.0,0
26,26,7.0,note,3.0,alto,69.0,8.0,A,,4,4,,yes,yes,F,n,V,_,I,_,1.0,m,g,7.0,M,g,7.0,m,2.0,2,2,_,-2.0,-2.0,0
27,27,7.0,note,4.0,soprn,74.0,8.0,D,,4,4,,yes,yes,R,n,V,_,I,_,1.0,m,g,7.0,M,g,7.0,m,2.0,5,5,_,-2.0,-2.0,0
28,28,8.0,bar,,,,12.0,,,4,4,,na,na,na,na,na,na,na,na,,na,na,,na,na,,na,,na,na,na,,,0
29,29,8.0,note,1.0,bass,55.0,9.0,G,,4,4,,yes,yes,T,y,VI,_,I,_,1.0,m,g,7.0,M,g,7.0,m,3.0,1,1,_,-2.0,-2.0,0
30,30,8.0,note,2.0,tenor,58.0,9.0,Bb,,4,4,,yes,yes,F,n,VI,_,I,_,1.0,m,g,7.0,M,g,7.0,m,3.0,3,3,_,-2.0,-2.0,0
31,31,8.0,note,3.0,alto,67.0,9.0,G,,4,4,,yes,yes,T,y,VI,_,I,_,1.0,m,g,7.0,M,g,7.0,m,3.0,1,1,_,-2.0,-2.0,0
32,32,8.0,note,4.0,soprn,75.0,9.0,Eb,,4,4,,yes,yes,R,n,VI,_,I,_,1.0,m,g,7.0,M,g,7.0,m,3.0,6,6,_,-2.0,-2.0,0
33,33,9.0,note,1.0,bass,57.0,10.0,A,,4,4,,yes,yes,T,y,V,_,I,_,1.0,M,Bb,10.0,Mm7,Bb,10.0,M,5.0,7,7,_,-2.0,-2.0,0
34,34,9.0,note,2.0,tenor,60.0,10.0,C,,4,4,,yes,yes,F,n,V,_,I,_,1.0,M,Bb,10.0,Mm7,Bb,10.0,M,5.0,2,2,_,-2.0,-2.0,0
35,35,9.0,note,3.0,alto,65.0,10.0,F,,4,4,,yes,yes,R,n,V,_,I,_,1.0,M,Bb,10.0,Mm7,Bb,10.0,M,5.0,5,5,_,-2.0,-2.0,0
36,36,9.0,note,4.0,soprn,75.0,10.0,Eb,,4,4,,yes,yes,S,n,V,_,I,_,1.0,M,Bb,10.0,Mm7,Bb,10.0,M,5.0,4,4,_,-2.0,-2.0,0
37,37,10.0,note,1.0,bass,58.0,11.0,Bb,,4,4,,yes,yes,R,y,I,_,I,_,0.0,M,Bb,10.0,M,Bb,10.0,M,10.0,1,1,_,-2.0,-2.0,0
38,38,10.0,note,2.0,tenor,60.0,11.0,C,,4,4,,no,yes,x,n,I,_,I,_,0.0,M,Bb,10.0,M,Bb,10.0,M,10.0,2,2,_,-2.0,-2.0,0
39,39,10.0,note,3.0,alto,65.0,11.0,F,,4,4,,yes,yes,F,n,I,_,I,_,0.0,M,Bb,10.0,M,Bb,10.0,M,10.0,5,5,_,-2.0,-2.0,0
40,40,10.0,note,4.0,soprn,74.0,11.0,D,,4,4,,yes,yes,T,n,I,_,I,_,0.0,M,Bb,10.0,M,Bb,10.0,M,10.0,3,3,_,-2.0,-2.0,0
41,41,11.0,note,1.0,bass,55.0,12.0,G,,4,4,,yes,yes,R,y,VI,_,I,_,0.0,M,Bb,10.0,m,Bb,10.0,M,7.0,6,6,_,-2.0,-2.0,0
42,42,11.0,note,2.0,tenor,58.0,12.0,Bb,,4,4,,yes,yes,T,n,VI,_,I,_,0.0,M,Bb,10.0,m,Bb,10.0,M,7.0,1,1,_,-2.0,-2.0,0
43,43,11.0,note,3.0,alto,65.0,12.0,F,,4,4,,no,yes,x,n,VI,_,I,_,0.0,M,Bb,10.0,m,Bb,10.0,M,7.0,5,5,_,-2.0,-2.0,0
44,44,11.0,note,4.0,soprn,74.0,12.0,D,,4,4,,yes,yes,F,n,VI,_,I,_,0.0,M,Bb,10.0,m,Bb,10.0,M,7.0,3,3,_,-2.0,-2.0,0
45,45,12.0,bar,,,,16.0,,,4,4,,na,na,na,na,na,na,na,na,,na,na,,na,na,,na,,na,na,na,,,0
46,46,12.0,note,1.0,bass,51.0,13.0,Eb,,4,4,,yes,yes,T,y,II,_,I,_,1.0,M,Bb,10.0,m,Bb,10.0,M,0.0,4,4,_,-2.0,-2.0,0
47,47,12.0,note,2.0,tenor,58.0,13.0,Bb,,4,4,,no,yes,x,n,II,_,I,_,1.0,M,Bb,10.0,m,Bb,10.0,M,0.0,1,1,_,-2.0,-2.0,0
48,48,12.0,note,3.0,alto,67.0,13.0,G,,4,4,,yes,yes,F,n,II,_,I,_,1.0,M,Bb,10.0,m,Bb,10.0,M,0.0,6,6,_,-2.0,-2.0,0
49,49,12.0,note,4.0,soprn,72.0,13.0,C,,4,4,,yes,yes,R,n,II,_,I,_,1.0,M,Bb,10.0,m,Bb,10.0,M,0.0,2,2,_,-2.0,-2.0,0
50,50,13.0,note,1.0,bass,48.0,14.0,C,,4,4,,yes,yes,R,y,II,_,I,_,0.0,M,Bb,10.0,m7,Bb,10.0,M,0.0,2,2,_,-2.0,-2.0,0
51,51,13.0,note,2.0,tenor,58.0,14.0,Bb,,4,4,,yes,yes,S,n,II,_,I,_,0.0,M,Bb,10.0,m7,Bb,10.0,M,0.0,1,1,_,-2.0,-2.0,0
52,52,13.0,note,3.0,alto,67.0,14.0,G,,4,4,,yes,yes,F,n,II,_,I,_,0.0,M,Bb,10.0,m7,Bb,10.0,M,0.0,6,6,_,-2.0,-2.0,0
53,53,13.0,note,4.0,soprn,72.0,14.0,C,,4,4,,yes,yes,R,y,II,_,I,_,0.0,M,Bb,10.0,m7,Bb,10.0,M,0.0,2,2,_,-2.0,-2.0,0
54,54,14.0,note,1.0,bass,53.0,16.0,F,,4,4,,yes,yes,R,y,V,_,I,_,0.0,M,Bb,10.0,M,Bb,10.0,M,5.0,5,5,_,-2.0,-2.0,0
55,55,14.0,note,2.0,tenor,57.0,16.0,A,,4,4,,yes,yes,T,n,V,_,I,_,0.0,M,Bb,10.0,M,Bb,10.0,M,5.0,7,7,_,-2.0,-2.0,0
56,56,14.0,note,3.0,alto,65.0,16.0,F,,4,4,,yes,yes,R,y,V,_,I,_,0.0,M,Bb,10.0,M,Bb,10.0,M,5.0,5,5,_,-2.0,-2.0,0
57,57,14.0,note,4.0,soprn,72.0,16.0,C,,4,4,,yes,yes,F,n,V,_,I,_,0.0,M,Bb,10.0,M,Bb,10.0,M,5.0,2,2,_,-2.0,-2.0,0
58,58,16.0,bar,,,,20.0,,,4,4,,na,na,na,na,na,na,na,na,,na,na,,na,na,,na,,na,na,na,,,0
59,59,16.0,note,1.0,bass,46.0,20.0,Bb,,4,4,,yes,yes,R,y,I,_,I,_,0.0,M,Bb,10.0,M,Bb,10.0,M,10.0,1,1,_,-2.0,-2.0,0
60,60,16.0,note,2.0,tenor,62.0,20.0,D,,4,4,,yes,yes,T,n,I,_,I,_,0.0,M,Bb,10.0,M,Bb,10.0,M,10.0,3,3,_,-2.0,-2.0,0
61,61,16.0,note,3.0,alto,65.0,20.0,F,,4,4,,yes,yes,F,n,I,_,I,_,0.0,M,Bb,10.0,M,Bb,10.0,M,10.0,5,5,_,-2.0,-2.0,0
62,62,16.0,note,4.0,soprn,70.0,20.0,Bb,,4,4,,yes,yes,R,y,I,_,I,_,0.0,M,Bb,10.0,M,Bb,10.0,M,10.0,1,1,_,-2.0,-2.0,0
63,63,20.0,bar,,,,24.0,,,4,4,,na,na,na,na,na,na,na,na,,na,na,,na,na,,na,,na,na,na,,,0
64,64,20.0,note,1.0,bass,58.0,22.0,Bb,,4,4,"64,65",yes,no,R,y,I,_,I,_,0.0,M,Bb,10.0,M,Bb,10.0,M,10.0,1,1,_,-2.0,-2.0,0
65,66,20.0,note,3.0,alto,65.0,22.0,F,,4,4,,yes,no,F,n,I,_,I,_,0.0,M,Bb,10.0,M,Bb,10.0,M,10.0,5,5,_,-2.0,-2.0,0
66,67,20.0,note,4.0,soprn,74.0,22.0,D,,4,4,,yes,no,T,n,I,_,I,_,0.0,M,Bb,10.0,M,Bb,10.0,M,10.0,3,3,_,-2.0,-2.0,0
67,68,22.0,note,1.0,bass,50.0,24.0,D,,4,4,,yes,yes,T,y,I,_,I,_,1.0,M,Bb,10.0,M,Bb,10.0,M,10.0,3,3,_,-2.0,-2.0,0
68,69,22.0,note,2.0,tenor,58.0,24.0,Bb,,4,4,,yes,yes,R,n,I,_,I,_,1.0,M,Bb,10.0,M,Bb,10.0,M,10.0,1,1,_,-2.0,-2.0,0
69,70,22.0,note,3.0,alto,65.0,24.0,F,,4,4,,yes,yes,F,n,I,_,I,_,1.0,M,Bb,10.0,M,Bb,10.0,M,10.0,5,5,_,-2.0,-2.0,0
70,71,22.0,note,4.0,soprn,77.0,24.0,F,,4,4,,yes,yes,F,n,I,_,I,_,1.0,M,Bb,10.0,M,Bb,10.0,M,10.0,5,5,_,-2.0,-2.0,0
71,72,24.0,bar,,,,28.0,,,4,4,,na,na,na,na,na,na,na,na,,na,na,,na,na,,na,,na,na,na,,,0
72,73,24.0,note,1.0,bass,53.0,25.0,F,,4,4,,yes,yes,R,y,V,_,I,_,0.0,M,Bb,10.0,M,Bb,10.0,M,5.0,5,5,_,-2.0,-2.0,0
73,74,24.0,note,2.0,tenor,57.0,25.0,A,,4,4,,yes,yes,T,n,V,_,I,_,0.0,M,Bb,10.0,M,Bb,10.0,M,5.0,7,7,_,-2.0,-2.0,0
74,75,24.0,note,3.0,alto,65.0,25.0,F,,4,4,,yes,yes,R,y,V,_,I,_,0.0,M,Bb,10.0,M,Bb,10.0,M,5.0,5,5,_,-2.0,-2.0,0
75,76,24.0,note,4.0,soprn,72.0,25.0,C,,4,4,,yes,yes,F,n,V,_,I,_,0.0,M,Bb,10.0,M,Bb,10.0,M,5.0,2,2,_,-2.0,-2.0,0
76,77,25.0,note,1.0,bass,57.0,26.0,A,,4,4,,yes,yes,T,y,V,_,I,_,1.0,M,Bb,10.0,M,Bb,10.0,M,5.0,7,7,_,-2.0,-2.0,0
77,78,25.0,note,2.0,tenor,60.0,26.0,C,,4,4,,yes,yes,F,n,V,_,I,_,1.0,M,Bb,10.0,M,Bb,10.0,M,5.0,2,2,_,-2.0,-2.0,0
78,79,25.0,note,3.0,alto,65.0,26.0,F,,4,4,,yes,yes,R,n,V,_,I,_,1.0,M,Bb,10.0,M,Bb,10.0,M,5.0,5,5,_,-2.0,-2.0,0
79,80,25.0,note,4.0,soprn,72.0,26.0,C,,4,4,,yes,yes,F,n,V,_,I,_,1.0,M,Bb,10.0,M,Bb,10.0,M,5.0,2,2,_,-2.0,-2.0,0
80,81,26.0,note,2.0,tenor,55.0,27.0,G,,4,4,,yes,yes,F,n,IV,_,I,_,0.0,m,g,7.0,m,g,7.0,m,0.0,1,1,_,-2.0,-2.0,0
81,82,26.0,note,1.0,bass,60.0,27.0,C,,4,4,,yes,yes,R,y,IV,_,I,_,0.0,m,g,7.0,m,g,7.0,m,0.0,4,4,_,-2.0,-2.0,0
82,83,26.0,note,3.0,alto,63.0,27.0,Eb,,4,4,,yes,yes,T,n,IV,_,I,_,0.0,m,g,7.0,m,g,7.0,m,0.0,6,6,_,-2.0,-2.0,0
83,84,26.0,note,4.0,soprn,72.0,27.0,C,,4,4,,yes,yes,R,y,IV,_,I,_,0.0,m,g,7.0,m,g,7.0,m,0.0,4,4,_,-2.0,-2.0,0
84,85,27.0,note,1.0,bass,51.0,28.0,Eb,,4,4,,yes,yes,T,y,IV,_,I,_,1.0,m,g,7.0,m,g,7.0,m,0.0,6,6,_,-2.0,-2.0,0
85,86,27.0,note,2.0,tenor,60.0,28.0,C,,4,4,,yes,yes,R,n,IV,_,I,_,1.0,m,g,7.0,m,g,7.0,m,0.0,4,4,_,-2.0,-2.0,0
86,87,27.0,note,3.0,alto,67.0,28.0,G,,4,4,"87,88",yes,yes,F,n,IV,_,I,_,1.0,m,g,7.0,m,g,7.0,m,0.0,1,1,_,-2.0,-2.0,0
87,89,28.0,bar,,,,32.0,,,4,4,,na,na,na,na,na,na,na,na,,na,na,,na,na,,na,,na,na,na,,,0
88,90,28.0,note,1.0,bass,50.0,29.0,D,,4,4,,yes,yes,F,y,I,_,I,_,2.0,m,g,7.0,m,g,7.0,m,7.0,5,5,_,-2.0,-2.0,0
89,91,28.0,note,2.0,tenor,62.0,29.0,D,,4,4,,yes,yes,F,y,I,_,I,_,2.0,m,g,7.0,m,g,7.0,m,7.0,5,5,_,-2.0,-2.0,0
90,92,28.0,note,3.0,alto,67.0,29.0,G,,4,4,,yes,yes,R,n,I,_,I,_,2.0,m,g,7.0,m,g,7.0,m,7.0,1,1,_,-2.0,-2.0,0
91,93,28.0,note,4.0,soprn,70.0,29.0,Bb,,4,4,,yes,yes,T,n,I,_,I,_,2.0,m,g,7.0,m,g,7.0,m,7.0,3,3,_,-2.0,-2.0,0
92,94,29.0,note,1.0,bass,48.0,30.0,C,,4,4,,no,no,x,n,I,_,I,_,2.0,m,g,7.0,m,g,7.0,m,7.0,4,4,_,-2.0,-2.0,0
93,95,29.0,note,2.0,tenor,62.0,30.0,D,,4,4,,yes,no,F,y,I,_,I,_,2.0,m,g,7.0,m,g,7.0,m,7.0,5,5,_,-2.0,-2.0,0
94,96,29.0,note,3.0,alto,67.0,30.0,G,,4,4,,yes,no,R,n,I,_,I,_,2.0,m,g,7.0,m,g,7.0,m,7.0,1,1,_,-2.0,-2.0,0
95,97,29.0,note,4.0,soprn,70.0,30.0,Bb,,4,4,,yes,no,T,n,I,_,I,_,2.0,m,g,7.0,m,g,7.0,m,7.0,3,3,_,-2.0,-2.0,0
96,98,30.0,note,1.0,bass,50.0,31.0,D,,4,4,,yes,yes,R,y,V,_,I,_,0.0,m,g,7.0,M,g,7.0,m,2.0,5,5,_,-2.0,-2.0,0
97,99,30.0,note,2.0,tenor,62.0,31.0,D,,4,4,,yes,yes,R,y,V,_,I,_,0.0,m,g,7.0,M,g,7.0,m,2.0,5,5,_,-2.0,-2.0,0
98,100,30.0,note,3.0,alto,66.0,31.0,F#,,4,4,,yes,yes,T,n,V,_,I,_,0.0,m,g,7.0,M,g,7.0,m,2.0,#7,7,#,-2.0,-2.0,0
99,101,30.0,note,4.0,soprn,69.0,31.0,A,,4,4,,yes,yes,F,n,V,_,I,_,0.0,m,g,7.0,M,g,7.0,m,2.0,2,2,_,-2.0,-2.0,0
100,102,31.0,note,1.0,bass,50.0,32.0,D,,4,4,,yes,yes,R,y,V,_,I,_,0.0,m,g,7.0,Mm7,g,7.0,m,2.0,5,5,_,-2.0,-2.0,0
101,103,31.0,note,2.0,tenor,60.0,32.0,C,,4,4,,yes,yes,S,n,V,_,I,_,0.0,m,g,7.0,Mm7,g,7.0,m,2.0,4,4,_,-2.0,-2.0,0
102,104,31.0,note,3.0,alto,66.0,32.0,F#,,4,4,,yes,yes,T,n,V,_,I,_,0.0,m,g,7.0,Mm7,g,7.0,m,2.0,#7,7,#,-2.0,-2.0,0
103,105,31.0,note,4.0,soprn,69.0,32.0,A,,4,4,,yes,yes,F,n,V,_,I,_,0.0,m,g,7.0,Mm7,g,7.0,m,2.0,2,2,_,-2.0,-2.0,0
104,106,32.0,bar,,,,36.0,,,4,4,,na,na,na,na,na,na,na,na,,na,na,,na,na,,na,,na,na,na,,,0
105,107,32.0,note,1.0,bass,43.0,36.0,G,,4,4,,yes,yes,R,y,VI,_,I,_,0.0,M,Bb,10.0,m,Bb,10.0,M,7.0,6,6,_,-2.0,-2.0,0
106,108,32.0,note,2.0,tenor,58.0,36.0,Bb,,4,4,,yes,yes,T,n,VI,_,I,_,0.0,M,Bb,10.0,m,Bb,10.0,M,7.0,1,1,_,-2.0,-2.0,0
107,109,32.0,note,3.0,alto,62.0,36.0,D,,4,4,,yes,yes,F,n,VI,_,I,_,0.0,M,Bb,10.0,m,Bb,10.0,M,7.0,3,3,_,-2.0,-2.0,0
108,110,32.0,note,4.0,soprn,67.0,36.0,G,,4,4,,yes,yes,R,y,VI,_,I,_,0.0,M,Bb,10.0,m,Bb,10.0,M,7.0,6,6,_,-2.0,-2.0,0
109,111,36.0,bar,,,,40.0,,,4,4,,na,na,na,na,na,na,na,na,,na,na,,na,na,,na,,na,na,na,,,0
110,112,36.0,note,1.0,bass,55.0,38.0,G,,4,4,,yes,no,R,y,VI,_,I,_,0.0,M,Bb,10.0,m,Bb,10.0,M,7.0,6,6,_,-2.0,-2.0,0
111,113,36.0,note,2.0,tenor,58.0,38.0,Bb,,4,4,,yes,no,T,n,VI,_,I,_,0.0,M,Bb,10.0,m,Bb,10.0,M,7.0,1,1,_,-2.0,-2.0,0
112,114,36.0,note,3.0,alto,67.0,38.0,G,,4,4,,yes,no,R,y,VI,_,I,_,0.0,M,Bb,10.0,m,Bb,10.0,M,7.0,6,6,_,-2.0,-2.0,0
113,115,36.0,note,4.0,soprn,74.0,38.0,D,,4,4,,yes,no,F,n,VI,_,I,_,0.0,M,Bb,10.0,m,Bb,10.0,M,7.0,3,3,_,-2.0,-2.0,0
114,116,38.0,note,1.0,bass,53.0,40.0,F,,4,4,,yes,yes,R,y,V,_,I,_,0.0,M,Bb,10.0,M,Bb,10.0,M,5.0,5,5,_,-2.0,-2.0,0
115,117,38.0,note,2.0,tenor,60.0,40.0,C,,4,4,,yes,yes,F,n,V,_,I,_,0.0,M,Bb,10.0,M,Bb,10.0,M,5.0,2,2,_,-2.0,-2.0,0
116,118,38.0,note,3.0,alto,69.0,40.0,A,,4,4,,yes,yes,T,n,V,_,I,_,0.0,M,Bb,10.0,M,Bb,10.0,M,5.0,7,7,_,-2.0,-2.0,0
117,119,38.0,note,4.0,soprn,77.0,40.0,F,,4,4,,yes,yes,R,y,V,_,I,_,0.0,M,Bb,10.0,M,Bb,10.0,M,5.0,5,5,_,-2.0,-2.0,0
118,120,40.0,bar,,,,44.0,,,4,4,,na,na,na,na,na,na,na,na,,na,na,,na,na,,na,,na,na,na,,,0
119,121,40.0,note,1.0,bass,58.0,41.0,Bb,,4,4,,yes,yes,R,y,I,_,I,_,0.0,M,Bb,10.0,M,Bb,10.0,M,10.0,1,1,_,-2.0,-2.0,0
120,122,40.0,note,2.0,tenor,62.0,41.0,D,,4,4,,yes,yes,T,n,I,_,I,_,0.0,M,Bb,10.0,M,Bb,10.0,M,10.0,3,3,_,-2.0,-2.0,0
121,123,40.0,note,3.0,alto,65.0,41.0,F,,4,4,,yes,yes,F,n,I,_,I,_,0.0,M,Bb,10.0,M,Bb,10.0,M,10.0,5,5,_,-2.0,-2.0,0
122,124,40.0,note,4.0,soprn,74.0,41.0,D,,4,4,,yes,yes,T,n,I,_,I,_,0.0,M,Bb,10.0,M,Bb,10.0,M,10.0,3,3,_,-2.0,-2.0,0
123,125,41.0,note,1.0,bass,60.0,42.0,C,,4,4,"125,126",no,no,x,n,I,_,I,_,0.0,M,Bb,10.0,M,Bb,10.0,M,10.0,2,2,_,-2.0,-2.0,0
124,127,41.0,note,3.0,alto,65.0,42.0,F,,4,4,,yes,no,F,n,I,_,I,_,0.0,M,Bb,10.0,M,Bb,10.0,M,10.0,5,5,_,-2.0,-2.0,0
125,128,41.0,note,4.0,soprn,74.0,42.0,D,,4,4,,yes,no,T,n,I,_,I,_,0.0,M,Bb,10.0,M,Bb,10.0,M,10.0,3,3,_,-2.0,-2.0,0
126,129,42.0,note,2.0,tenor,58.0,43.0,Bb,,4,4,,yes,yes,R,n,I,_,I,_,1.0,M,Bb,10.0,M,Bb,10.0,M,10.0,1,1,_,-2.0,-2.0,0
127,130,42.0,note,1.0,bass,62.0,43.0,D,,4,4,,yes,yes,T,y,I,_,I,_,1.0,M,Bb,10.0,M,Bb,10.0,M,10.0,3,3,_,-2.0,-2.0,0
128,131,42.0,note,3.0,alto,65.0,43.0,F,,4,4,,yes,yes,F,n,I,_,I,_,1.0,M,Bb,10.0,M,Bb,10.0,M,10.0,5,5,_,-2.0,-2.0,0
129,132,42.0,note,4.0,soprn,74.0,43.0,D,,4,4,,yes,yes,T,y,I,_,I,_,1.0,M,Bb,10.0,M,Bb,10.0,M,10.0,3,3,_,-2.0,-2.0,0
130,133,43.0,note,2.0,tenor,57.0,44.0,A,,4,4,,yes,yes,F,n,V,_,VI,_,0.0,M,Bb,10.0,M,g,7.0,m,2.0,7,7,_,-2.0,-2.0,1
131,134,43.0,note,1.0,bass,62.0,44.0,D,,4,4,,yes,yes,R,y,V,_,VI,_,0.0,M,Bb,10.0,M,g,7.0,m,2.0,3,3,_,-2.0,-2.0,1
132,135,43.0,note,3.0,alto,66.0,44.0,F#,,4,4,,yes,yes,T,n,V,_,VI,_,0.0,M,Bb,10.0,M,g,7.0,m,2.0,#5,5,#,-2.0,-2.0,1
133,136,43.0,note,4.0,soprn,74.0,44.0,D,,4,4,,yes,yes,R,y,V,_,VI,_,0.0,M,Bb,10.0,M,g,7.0,m,2.0,3,3,_,-2.0,-2.0,1
134,137,44.0,bar,,,,48.0,,,4,4,,na,na,na,na,na,na,na,na,,na,na,,na,na,,na,,na,na,na,,,0
135,138,44.0,note,2.0,tenor,58.0,45.0,Bb,,4,4,,yes,yes,F,n,IV,_,I,_,0.0,M,Bb,10.0,M,Bb,10.0,M,3.0,1,1,_,-2.0,-2.0,0
136,139,44.0,note,1.0,bass,62.0,45.0,D,,4,4,,no,yes,x,n,IV,_,I,_,0.0,M,Bb,10.0,M,Bb,10.0,M,3.0,3,3,_,-2.0,-2.0,0
137,140,44.0,note,3.0,alto,67.0,45.0,G,,4,4,,yes,yes,T,n,IV,_,I,_,0.0,M,Bb,10.0,M,Bb,10.0,M,3.0,6,6,_,-2.0,-2.0,0
138,141,44.0,note,4.0,soprn,75.0,45.0,Eb,,4,4,,yes,yes,R,y,IV,_,I,_,0.0,M,Bb,10.0,M,Bb,10.0,M,3.0,4,4,_,-2.0,-2.0,0
139,142,45.0,note,1.0,bass,60.0,46.0,C,,4,4,"142,143",yes,yes,T,y,VII,_,I,_,1.0,M,Bb,10.0,o,Bb,10.0,M,9.0,2,2,_,-2.0,-2.0,0
140,144,45.0,note,3.0,alto,69.0,46.0,A,,4,4,,yes,yes,R,n,VII,_,I,_,1.0,M,Bb,10.0,o,Bb,10.0,M,9.0,7,7,_,-2.0,-2.0,0
141,145,45.0,note,4.0,soprn,75.0,46.0,Eb,,4,4,,yes,yes,F,n,VII,_,I,_,1.0,M,Bb,10.0,o,Bb,10.0,M,9.0,4,4,_,-2.0,-2.0,0
142,146,46.0,note,2.0,tenor,53.0,47.0,F,,4,4,,yes,yes,F,n,I,_,I,_,0.0,M,Bb,10.0,M,Bb,10.0,M,10.0,5,5,_,-2.0,-2.0,0
143,147,46.0,note,1.0,bass,58.0,47.0,Bb,,4,4,,yes,yes,R,y,I,_,I,_,0.0,M,Bb,10.0,M,Bb,10.0,M,10.0,1,1,_,-2.0,-2.0,0
144,148,46.0,note,3.0,alto,70.0,47.0,Bb,,4,4,,yes,yes,R,y,I,_,I,_,0.0,M,Bb,10.0,M,Bb,10.0,M,10.0,1,1,_,-2.0,-2.0,0
145,149,46.0,note,4.0,soprn,74.0,47.0,D,,4,4,,yes,yes,T,n,I,_,I,_,0.0,M,Bb,10.0,M,Bb,10.0,M,10.0,3,3,_,-2.0,-2.0,0
146,150,47.0,note,1.0,bass,46.0,48.0,Bb,,4,4,,yes,yes,R,n,I,_,I,_,1.0,M,Bb,10.0,M,Bb,10.0,M,10.0,1,1,_,-2.0,-2.0,0
147,151,47.0,note,2.0,tenor,65.0,48.0,F,,4,4,,yes,yes,F,n,I,_,I,_,1.0,M,Bb,10.0,M,Bb,10.0,M,10.0,5,5,_,-2.0,-2.0,0
148,152,47.0,note,3.0,alto,70.0,48.0,Bb,,4,4,,yes,yes,R,n,I,_,I,_,1.0,M,Bb,10.0,M,Bb,10.0,M,10.0,1,1,_,-2.0,-2.0,0
149,153,47.0,note,4.0,soprn,74.0,48.0,D,,4,4,,yes,yes,T,y,I,_,I,_,1.0,M,Bb,10.0,M,Bb,10.0,M,10.0,3,3,_,-2.0,-2.0,0
150,154,48.0,bar,,,,52.0,,,4,4,,na,na,na,na,na,na,na,na,,na,na,,na,na,,na,,na,na,na,,,0
151,155,48.0,note,1.0,bass,51.0,49.0,Eb,,4,4,,yes,yes,T,y,II,_,I,_,1.0,M,Bb,10.0,m,Bb,10.0,M,0.0,4,4,_,-2.0,-2.0,0
152,156,48.0,note,2.0,tenor,67.0,49.0,G,,4,4,,yes,yes,F,n,II,_,I,_,1.0,M,Bb,10.0,m,Bb,10.0,M,0.0,6,6,_,-2.0,-2.0,0
153,157,48.0,note,3.0,alto,70.0,49.0,Bb,,4,4,,no,yes,x,n,II,_,I,_,1.0,M,Bb,10.0,m,Bb,10.0,M,0.0,1,1,_,-2.0,-2.0,0
154,158,48.0,note,4.0,soprn,72.0,49.0,C,,4,4,,yes,yes,R,n,II,_,I,_,1.0,M,Bb,10.0,m,Bb,10.0,M,0.0,2,2,_,-2.0,-2.0,0
155,159,49.0,note,1.0,bass,48.0,50.0,C,,4,4,,yes,yes,R,y,II,_,I,_,0.0,M,Bb,10.0,m7,Bb,10.0,M,0.0,2,2,_,-2.0,-2.0,0
156,160,49.0,note,2.0,tenor,67.0,50.0,G,,4,4,,yes,yes,F,n,II,_,I,_,0.0,M,Bb,10.0,m7,Bb,10.0,M,0.0,6,6,_,-2.0,-2.0,0
157,161,49.0,note,3.0,alto,70.0,50.0,Bb,,4,4,,yes,yes,S,n,II,_,I,_,0.0,M,Bb,10.0,m7,Bb,10.0,M,0.0,1,1,_,-2.0,-2.0,0
158,162,49.0,note,4.0,soprn,72.0,50.0,C,,4,4,,yes,yes,R,y,II,_,I,_,0.0,M,Bb,10.0,m7,Bb,10.0,M,0.0,2,2,_,-2.0,-2.0,0
159,163,50.0,note,1.0,bass,53.0,51.0,F,,4,4,,yes,yes,R,y,V,_,I,_,0.0,M,Bb,10.0,M,Bb,10.0,M,5.0,5,5,_,-2.0,-2.0,0
160,164,50.0,note,2.0,tenor,65.0,51.0,F,,4,4,,yes,yes,R,y,V,_,I,_,0.0,M,Bb,10.0,M,Bb,10.0,M,5.0,5,5,_,-2.0,-2.0,0
161,165,50.0,note,3.0,alto,70.0,51.0,Bb,,4,4,,no,yes,x,n,V,_,I,_,0.0,M,Bb,10.0,M,Bb,10.0,M,5.0,1,1,_,-2.0,-2.0,0
162,166,50.0,note,4.0,soprn,72.0,51.0,C,,4,4,,yes,yes,F,n,V,_,I,_,0.0,M,Bb,10.0,M,Bb,10.0,M,5.0,2,2,_,-2.0,-2.0,0
163,167,51.0,note,1.0,bass,53.0,52.0,F,,4,4,,yes,no,R,y,V,_,I,_,0.0,M,Bb,10.0,M,Bb,10.0,M,5.0,5,5,_,-2.0,-2.0,0
164,168,51.0,note,2.0,tenor,60.0,52.0,C,,4,4,,yes,no,F,n,V,_,I,_,0.0,M,Bb,10.0,M,Bb,10.0,M,5.0,2,2,_,-2.0,-2.0,0
165,169,51.0,note,3.0,alto,69.0,52.0,A,,4,4,,yes,no,T,n,V,_,I,_,0.0,M,Bb,10.0,M,Bb,10.0,M,5.0,7,7,_,-2.0,-2.0,0
166,170,51.0,note,4.0,soprn,72.0,52.0,C,,4,4,,yes,no,F,n,V,_,I,_,0.0,M,Bb,10.0,M,Bb,10.0,M,5.0,2,2,_,-2.0,-2.0,0
167,171,52.0,bar,,,,56.0,,,4,4,,na,na,na,na,na,na,na,na,,na,na,,na,na,,na,,na,na,na,,,0
168,172,52.0,note,1.0,bass,46.0,56.0,Bb,,4,4,,yes,yes,R,y,I,_,I,_,0.0,M,Bb,10.0,M,Bb,10.0,M,10.0,1,1,_,-2.0,-2.0,0
169,173,52.0,note,2.0,tenor,62.0,56.0,D,,4,4,,yes,yes,T,n,I,_,I,_,0.0,M,Bb,10.0,M,Bb,10.0,M,10.0,3,3,_,-2.0,-2.0,0
170,174,52.0,note,3.0,alto,65.0,56.0,F,,4,4,,yes,yes,F,n,I,_,I,_,0.0,M,Bb,10.0,M,Bb,10.0,M,10.0,5,5,_,-2.0,-2.0,0
171,175,52.0,note,4.0,soprn,70.0,56.0,Bb,,4,4,,yes,yes,R,y,I,_,I,_,0.0,M,Bb,10.0,M,Bb,10.0,M,10.0,1,1,_,-2.0,-2.0,0
172,176,56.0,bar,,,,60.0,,,4,4,,na,na,na,na,na,na,na,na,,na,na,,na,na,,na,,na,na,na,,,0
173,177,56.0,note,1.0,bass,46.0,57.0,Bb,,4,4,,yes,no,R,y,I,_,I,_,0.0,M,Bb,10.0,M,Bb,10.0,M,10.0,1,1,_,-2.0,-2.0,0
174,178,56.0,note,4.0,soprn,74.0,57.0,D,,4,4,,yes,no,T,n,I,_,I,_,0.0,M,Bb,10.0,M,Bb,10.0,M,10.0,3,3,_,-2.0,-2.0,0
175,179,57.0,note,1.0,bass,48.0,58.0,C,,4,4,,no,no,x,n,I,_,I,_,0.0,M,Bb,10.0,M,Bb,10.0,M,10.0,2,2,_,-2.0,-2.0,0
176,180,57.0,note,4.0,soprn,74.0,58.0,D,,4,4,,yes,no,T,n,I,_,I,_,0.0,M,Bb,10.0,M,Bb,10.0,M,10.0,3,3,_,-2.0,-2.0,0
177,181,58.0,note,1.0,bass,50.0,59.0,D,,4,4,,yes,yes,T,y,I,_,I,_,1.0,M,Bb,10.0,M,Bb,10.0,M,10.0,3,3,_,-2.0,-2.0,0
178,182,58.0,note,2.0,tenor,53.0,59.0,F,,4,4,,yes,yes,F,n,I,_,I,_,1.0,M,Bb,10.0,M,Bb,10.0,M,10.0,5,5,_,-2.0,-2.0,0
179,183,58.0,note,4.0,soprn,77.0,59.0,F,,4,4,,yes,yes,F,n,I,_,I,_,1.0,M,Bb,10.0,M,Bb,10.0,M,10.0,5,5,_,-2.0,-2.0,0
180,184,59.0,note,1.0,bass,51.0,60.0,Eb,,4,4,,no,no,x,n,I,_,I,_,1.0,M,Bb,10.0,M,Bb,10.0,M,10.0,4,4,_,-2.0,-2.0,0
181,185,59.0,note,2.0,tenor,55.0,60.0,G,,4,4,,no,no,x,n,I,_,I,_,1.0,M,Bb,10.0,M,Bb,10.0,M,10.0,6,6,_,-2.0,-2.0,0
182,186,59.0,note,4.0,soprn,77.0,60.0,F,,4,4,,yes,no,F,n,I,_,I,_,1.0,M,Bb,10.0,M,Bb,10.0,M,10.0,5,5,_,-2.0,-2.0,0
183,187,60.0,bar,,,,64.0,,,4,4,,na,na,na,na,na,na,na,na,,na,na,,na,na,,na,,na,na,na,,,0
184,188,60.0,note,1.0,bass,53.0,61.0,F,,4,4,,yes,yes,R,y,V,_,I,_,0.0,M,Bb,10.0,M,Bb,10.0,M,5.0,5,5,_,-2.0,-2.0,0
185,189,60.0,note,2.0,tenor,57.0,61.0,A,,4,4,,yes,yes,T,n,V,_,I,_,0.0,M,Bb,10.0,M,Bb,10.0,M,5.0,7,7,_,-2.0,-2.0,0
186,190,60.0,note,3.0,alto,65.0,61.0,F,,4,4,,yes,yes,R,y,V,_,I,_,0.0,M,Bb,10.0,M,Bb,10.0,M,5.0,5,5,_,-2.0,-2.0,0
187,191,60.0,note,4.0,soprn,72.0,61.0,C,,4,4,,yes,yes,F,n,V,_,I,_,0.0,M,Bb,10.0,M,Bb,10.0,M,5.0,2,2,_,-2.0,-2.0,0
188,192,61.0,note,1.0,bass,53.0,62.0,F,,4,4,,yes,no,R,y,V,_,I,_,0.0,M,Bb,10.0,M,Bb,10.0,M,5.0,5,5,_,-2.0,-2.0,0
189,193,61.0,note,2.0,tenor,58.0,62.0,Bb,,4,4,,no,no,x,n,V,_,I,_,0.0,M,Bb,10.0,M,Bb,10.0,M,5.0,1,1,_,-2.0,-2.0,0
190,194,61.0,note,3.0,alto,67.0,62.0,G,,4,4,,no,no,x,n,V,_,I,_,0.0,M,Bb,10.0,M,Bb,10.0,M,5.0,6,6,_,-2.0,-2.0,0
191,195,61.0,note,4.0,soprn,72.0,62.0,C,,4,4,,yes,no,F,n,V,_,I,_,0.0,M,Bb,10.0,M,Bb,10.0,M,5.0,2,2,_,-2.0,-2.0,0
192,196,62.0,note,1.0,bass,53.0,63.0,F,,4,4,,yes,no,R,y,V,_,I,_,0.0,M,Bb,10.0,M,Bb,10.0,M,5.0,5,5,_,-2.0,-2.0,0
193,197,62.0,note,2.0,tenor,60.0,63.0,C,,4,4,,yes,no,F,n,V,_,I,_,0.0,M,Bb,10.0,M,Bb,10.0,M,5.0,2,2,_,-2.0,-2.0,0
194,198,62.0,note,3.0,alto,69.0,63.0,A,,4,4,,yes,no,T,n,V,_,I,_,0.0,M,Bb,10.0,M,Bb,10.0,M,5.0,7,7,_,-2.0,-2.0,0
195,199,62.0,note,4.0,soprn,72.0,63.0,C,,4,4,,yes,no,F,n,V,_,I,_,0.0,M,Bb,10.0,M,Bb,10.0,M,5.0,2,2,_,-2.0,-2.0,0
196,200,63.0,note,1.0,bass,55.0,64.0,G,,4,4,,no,no,x,n,V,_,I,_,0.0,M,Bb,10.0,M,Bb,10.0,M,5.0,6,6,_,-2.0,-2.0,0
197,201,63.0,note,2.0,tenor,60.0,64.0,C,,4,4,,yes,no,F,n,V,_,I,_,0.0,M,Bb,10.0,M,Bb,10.0,M,5.0,2,2,_,-2.0,-2.0,0
198,202,63.0,note,3.0,alto,70.0,64.0,Bb,,4,4,,no,no,x,n,V,_,I,_,0.0,M,Bb,10.0,M,Bb,10.0,M,5.0,1,1,_,-2.0,-2.0,0
199,203,63.0,note,4.0,soprn,72.0,64.0,C,,4,4,,yes,no,F,n,V,_,I,_,0.0,M,Bb,10.0,M,Bb,10.0,M,5.0,2,2,_,-2.0,-2.0,0
200,204,64.0,bar,,,,68.0,,,4,4,,na,na,na,na,na,na,na,na,,na,na,,na,na,,na,,na,na,na,,,0
201,205,64.0,note,1.0,bass,57.0,65.0,A,,4,4,,yes,yes,T,y,V,_,I,_,1.0,M,Bb,10.0,M,Bb,10.0,M,5.0,7,7,_,-2.0,-2.0,0
202,206,64.0,note,2.0,tenor,60.0,65.0,C,,4,4,,yes,yes,F,n,V,_,I,_,1.0,M,Bb,10.0,M,Bb,10.0,M,5.0,2,2,_,-2.0,-2.0,0
203,207,64.0,note,3.0,alto,72.0,65.0,C,,4,4,"207,208",yes,yes,F,n,V,_,I,_,1.0,M,Bb,10.0,M,Bb,10.0,M,5.0,2,2,_,-2.0,-2.0,0
204,209,65.0,note,1.0,bass,58.0,66.0,Bb,,4,4,,no,no,x,n,V,_,I,_,1.0,M,Bb,10.0,M,Bb,10.0,M,5.0,1,1,_,-2.0,-2.0,0
205,210,65.0,note,2.0,tenor,62.0,66.0,D,,4,4,,no,no,x,n,V,_,I,_,1.0,M,Bb,10.0,M,Bb,10.0,M,5.0,3,3,_,-2.0,-2.0,0
206,211,65.0,note,3.0,alto,72.0,66.0,C,,4,4,"211,212",yes,no,F,n,V,_,I,_,1.0,M,Bb,10.0,M,Bb,10.0,M,5.0,2,2,_,-2.0,-2.0,0
207,213,66.0,note,1.0,bass,60.0,67.0,C,,4,4,"213,214",yes,yes,R,y,V,_,V,_,0.0,M,Bb,10.0,M,F,5.0,M,0.0,2,2,_,-2.0,-1.0,1
208,215,66.0,note,2.0,tenor,64.0,67.0,E,,4,4,,yes,yes,T,n,V,_,V,_,0.0,M,Bb,10.0,M,F,5.0,M,0.0,#4,4,#,-2.0,-1.0,1
209,216,66.0,note,4.0,soprn,67.0,67.0,G,,4,4,,yes,yes,F,n,V,_,V,_,0.0,M,Bb,10.0,M,F,5.0,M,0.0,6,6,_,-2.0,-1.0,1
210,217,67.0,note,1.0,bass,60.0,68.0,C,,4,4,"217,218",yes,yes,F,y,VII,_,I,_,2.0,m,g,7.0,o,g,7.0,m,6.0,4,4,_,-2.0,-2.0,0
211,219,67.0,note,2.0,tenor,66.0,68.0,F#,,4,4,,yes,yes,R,n,VII,_,I,_,2.0,m,g,7.0,o,g,7.0,m,6.0,#7,7,#,-2.0,-2.0,0
212,220,67.0,note,4.0,soprn,69.0,68.0,A,,4,4,,yes,yes,T,n,VII,_,I,_,2.0,m,g,7.0,o,g,7.0,m,6.0,2,2,_,-2.0,-2.0,0
213,221,68.0,bar,,,,72.0,,,4,4,,na,na,na,na,na,na,na,na,,na,na,,na,na,,na,,na,na,na,,,0
214,222,68.0,note,1.0,bass,46.0,69.0,Bb,,4,4,,yes,yes,T,y,I,_,I,_,1.0,m,g,7.0,m,g,7.0,m,7.0,3,3,_,-2.0,-2.0,0
215,223,68.0,note,3.0,alto,62.0,69.0,D,,4,4,,yes,yes,F,n,I,_,I,_,1.0,m,g,7.0,m,g,7.0,m,7.0,5,5,_,-2.0,-2.0,0
216,224,68.0,note,2.0,tenor,67.0,69.0,G,,4,4,,yes,yes,R,n,I,_,I,_,1.0,m,g,7.0,m,g,7.0,m,7.0,1,1,_,-2.0,-2.0,0
217,225,68.0,note,4.0,soprn,70.0,69.0,Bb,,4,4,,yes,yes,T,y,I,_,I,_,1.0,m,g,7.0,m,g,7.0,m,7.0,3,3,_,-2.0,-2.0,0
218,226,69.0,note,1.0,bass,48.0,70.0,C,,4,4,,no,no,x,n,I,_,I,_,1.0,m,g,7.0,m,g,7.0,m,7.0,4,4,_,-2.0,-2.0,0
219,227,69.0,note,3.0,alto,62.0,70.0,D,,4,4,,yes,no,F,n,I,_,I,_,1.0,m,g,7.0,m,g,7.0,m,7.0,5,5,_,-2.0,-2.0,0
220,228,69.0,note,2.0,tenor,67.0,70.0,G,,4,4,,yes,no,R,n,I,_,I,_,1.0,m,g,7.0,m,g,7.0,m,7.0,1,1,_,-2.0,-2.0,0
221,229,69.0,note,4.0,soprn,70.0,70.0,Bb,,4,4,,yes,no,T,y,I,_,I,_,1.0,m,g,7.0,m,g,7.0,m,7.0,3,3,_,-2.0,-2.0,0
222,230,70.0,note,1.0,bass,50.0,71.0,D,,4,4,,yes,yes,R,y,V,_,I,_,0.0,m,g,7.0,m,g,7.0,m,2.0,5,5,_,-2.0,-2.0,0
223,231,70.0,note,3.0,alto,62.0,71.0,D,,4,4,,yes,yes,R,y,V,_,I,_,0.0,m,g,7.0,m,g,7.0,m,2.0,5,5,_,-2.0,-2.0,0
224,232,70.0,note,2.0,tenor,65.0,71.0,F,,4,4,,yes,yes,T,n,V,_,I,_,0.0,m,g,7.0,m,g,7.0,m,2.0,7,7,_,-2.0,-2.0,0
225,233,70.0,note,4.0,soprn,69.0,71.0,A,,4,4,,yes,yes,F,n,V,_,I,_,0.0,m,g,7.0,m,g,7.0,m,2.0,2,2,_,-2.0,-2.0,0
226,234,71.0,note,1.0,bass,51.0,72.0,Eb,,4,4,,no,no,x,n,V,_,I,_,0.0,m,g,7.0,m,g,7.0,m,2.0,6,6,_,-2.0,-2.0,0
227,235,71.0,note,3.0,alto,60.0,72.0,C,,4,4,,no,no,x,n,V,_,I,_,0.0,m,g,7.0,m,g,7.0,m,2.0,4,4,_,-2.0,-2.0,0
228,236,71.0,note,2.0,tenor,63.0,72.0,Eb,,4,4,,no,no,x,n,V,_,I,_,0.0,m,g,7.0,m,g,7.0,m,2.0,6,6,_,-2.0,-2.0,0
229,237,71.0,note,4.0,soprn,69.0,72.0,A,,4,4,,yes,no,F,n,V,_,I,_,0.0,m,g,7.0,m,g,7.0,m,2.0,2,2,_,-2.0,-2.0,0
230,238,72.0,bar,,,,76.0,,,4,4,,na,na,na,na,na,na,na,na,,na,na,,na,na,,na,,na,na,na,,,0
231,239,72.0,note,1.0,bass,53.0,73.0,F,,4,4,,yes,yes,S,y,V,_,IV,_,3.0,m,g,7.0,Mm7,c,0.0,m,7.0,7,7,_,-2.0,-3.0,1
232,240,72.0,note,3.0,alto,59.0,73.0,B,,4,4,,yes,yes,T,n,V,_,IV,_,3.0,m,g,7.0,Mm7,c,0.0,m,7.0,#3,3,#,-2.0,-3.0,1
233,241,72.0,note,2.0,tenor,62.0,73.0,D,,4,4,,yes,yes,F,n,V,_,IV,_,3.0,m,g,7.0,Mm7,c,0.0,m,7.0,5,5,_,-2.0,-3.0,1
234,242,72.0,note,4.0,soprn,67.0,73.0,G,,4,4,,yes,yes,R,n,V,_,IV,_,3.0,m,g,7.0,Mm7,c,0.0,m,7.0,1,1,_,-2.0,-3.0,1
235,243,73.0,note,1.0,bass,53.0,74.0,F,,4,4,,yes,no,S,y,V,_,IV,_,3.0,m,g,7.0,Mm7,c,0.0,m,7.0,7,7,_,-2.0,-3.0,1
236,244,73.0,note,2.0,tenor,59.0,74.0,B,,4,4,,yes,no,T,n,V,_,IV,_,3.0,m,g,7.0,Mm7,c,0.0,m,7.0,#3,3,#,-2.0,-3.0,1
237,245,73.0,note,3.0,alto,62.0,74.0,D,,4,4,,yes,no,F,n,V,_,IV,_,3.0,m,g,7.0,Mm7,c,0.0,m,7.0,5,5,_,-2.0,-3.0,1
238,246,73.0,note,4.0,soprn,67.0,74.0,G,,4,4,,yes,no,R,n,V,_,IV,_,3.0,m,g,7.0,Mm7,c,0.0,m,7.0,1,1,_,-2.0,-3.0,1
239,247,74.0,note,1.0,bass,51.0,75.0,Eb,,4,4,,yes,yes,T,y,IV,_,I,_,1.0,m,g,7.0,m,g,7.0,m,0.0,6,6,_,-2.0,-2.0,0
240,248,74.0,note,2.0,tenor,60.0,75.0,C,,4,4,,yes,yes,R,n,IV,_,I,_,1.0,m,g,7.0,m,g,7.0,m,0.0,4,4,_,-2.0,-2.0,0
241,249,74.0,note,4.0,soprn,67.0,75.0,G,,4,4,"249,250",yes,yes,F,n,IV,_,I,_,1.0,m,g,7.0,m,g,7.0,m,0.0,1,1,_,-2.0,-2.0,0
242,251,75.0,note,1.0,bass,50.0,76.0,D,,4,4,,yes,yes,F,n,V,_,IV,_,0.0,m,g,7.0,M,c,0.0,m,7.0,5,5,_,-2.0,-3.0,1
243,252,75.0,note,2.0,tenor,62.0,76.0,D,,4,4,,yes,yes,F,n,V,_,IV,_,0.0,m,g,7.0,M,c,0.0,m,7.0,5,5,_,-2.0,-3.0,1
244,253,75.0,note,3.0,alto,65.0,76.0,F,,4,4,,no,yes,x,n,V,_,IV,_,0.0,m,g,7.0,M,c,0.0,m,7.0,7,7,_,-2.0,-3.0,1
245,254,75.0,note,4.0,soprn,67.0,76.0,G,,4,4,,yes,yes,R,y,V,_,IV,_,0.0,m,g,7.0,M,c,0.0,m,7.0,1,1,_,-2.0,-3.0,1
246,255,76.0,bar,,,,80.0,,,4,4,,na,na,na,na,na,na,na,na,,na,na,,na,na,,na,,na,na,na,,,0
247,256,76.0,note,1.0,bass,48.0,77.0,C,,4,4,,yes,yes,R,y,IV,_,I,_,0.0,m,g,7.0,m,g,7.0,m,0.0,4,4,_,-2.0,-2.0,0
248,257,76.0,note,2.0,tenor,62.0,77.0,D,,4,4,,no,yes,x,n,IV,_,I,_,0.0,m,g,7.0,m,g,7.0,m,0.0,5,5,_,-2.0,-2.0,0
249,258,76.0,note,3.0,alto,63.0,77.0,Eb,,4,4,,yes,yes,T,n,IV,_,I,_,0.0,m,g,7.0,m,g,7.0,m,0.0,6,6,_,-2.0,-2.0,0
250,259,76.0,note,4.0,soprn,67.0,77.0,G,,4,4,,yes,yes,F,n,IV,_,I,_,0.0,m,g,7.0,m,g,7.0,m,0.0,1,1,_,-2.0,-2.0,0
251,260,77.0,note,1.0,bass,50.0,78.0,D,,4,4,,no,no,x,n,IV,_,I,_,0.0,m,g,7.0,m,g,7.0,m,0.0,5,5,_,-2.0,-2.0,0
252,261,77.0,note,2.0,tenor,55.0,78.0,G,,4,4,,yes,no,F,n,IV,_,I,_,0.0,m,g,7.0,m,g,7.0,m,0.0,1,1,_,-2.0,-2.0,0
253,262,77.0,note,3.0,alto,63.0,78.0,Eb,,4,4,,yes,no,T,n,IV,_,I,_,0.0,m,g,7.0,m,g,7.0,m,0.0,6,6,_,-2.0,-2.0,0
254,263,77.0,note,4.0,soprn,67.0,78.0,G,,4,4,,yes,no,F,n,IV,_,I,_,0.0,m,g,7.0,m,g,7.0,m,0.0,1,1,_,-2.0,-2.0,0
255,264,78.0,note,1.0,bass,51.0,79.0,Eb,,4,4,,yes,yes,T,y,IV,_,I,_,1.0,m,g,7.0,m,g,7.0,m,0.0,6,6,_,-2.0,-2.0,0
256,265,78.0,note,2.0,tenor,60.0,79.0,C,,4,4,,yes,yes,R,n,IV,_,I,_,1.0,m,g,7.0,m,g,7.0,m,0.0,4,4,_,-2.0,-2.0,0
257,266,78.0,note,3.0,alto,63.0,79.0,Eb,,4,4,,yes,yes,T,y,IV,_,I,_,1.0,m,g,7.0,m,g,7.0,m,0.0,6,6,_,-2.0,-2.0,0
258,267,78.0,note,4.0,soprn,67.0,79.0,G,,4,4,,yes,yes,F,n,IV,_,I,_,1.0,m,g,7.0,m,g,7.0,m,0.0,1,1,_,-2.0,-2.0,0
259,268,79.0,note,1.0,bass,53.0,80.0,F,,4,4,,no,no,x,n,IV,_,I,_,1.0,m,g,7.0,m,g,7.0,m,0.0,7,7,_,-2.0,-2.0,0
260,269,79.0,note,2.0,tenor,60.0,80.0,C,,4,4,,yes,no,R,n,IV,_,I,_,1.0,m,g,7.0,m,g,7.0,m,0.0,4,4,_,-2.0,-2.0,0
261,270,79.0,note,3.0,alto,63.0,80.0,Eb,,4,4,,yes,no,T,y,IV,_,I,_,1.0,m,g,7.0,m,g,7.0,m,0.0,6,6,_,-2.0,-2.0,0
262,271,79.0,note,4.0,soprn,67.0,80.0,G,,4,4,,yes,no,F,n,IV,_,I,_,1.0,m,g,7.0,m,g,7.0,m,0.0,1,1,_,-2.0,-2.0,0
263,272,80.0,bar,,,,84.0,,,4,4,,na,na,na,na,na,na,na,na,,na,na,,na,na,,na,,na,na,na,,,0
264,273,80.0,note,1.0,bass,55.0,82.0,G,,4,4,,yes,yes,F,y,IV,_,I,_,2.0,m,g,7.0,m,g,7.0,m,0.0,1,1,_,-2.0,-2.0,0
265,274,80.0,note,2.0,tenor,60.0,82.0,C,,4,4,,yes,yes,R,n,IV,_,I,_,2.0,m,g,7.0,m,g,7.0,m,0.0,4,4,_,-2.0,-2.0,0
266,275,80.0,note,3.0,alto,63.0,82.0,Eb,,4,4,,yes,yes,T,n,IV,_,I,_,2.0,m,g,7.0,m,g,7.0,m,0.0,6,6,_,-2.0,-2.0,0
267,276,80.0,note,4.0,soprn,67.0,82.0,G,,4,4,,yes,yes,F,y,IV,_,I,_,2.0,m,g,7.0,m,g,7.0,m,0.0,1,1,_,-2.0,-2.0,0
268,277,82.0,note,1.0,bass,55.0,83.0,G,,4,4,,yes,no,F,y,IV,_,I,_,2.0,m,g,7.0,m,g,7.0,m,0.0,1,1,_,-2.0,-2.0,0
269,278,82.0,note,2.0,tenor,59.0,83.0,B,,4,4,,no,no,x,n,IV,_,I,_,2.0,m,g,7.0,m,g,7.0,m,0.0,#3,3,#,-2.0,-2.0,0
270,279,82.0,note,3.0,alto,62.0,83.0,D,,4,4,,no,no,x,n,IV,_,I,_,2.0,m,g,7.0,m,g,7.0,m,0.0,5,5,_,-2.0,-2.0,0
271,280,82.0,note,4.0,soprn,67.0,83.0,G,,4,4,,yes,no,F,y,IV,_,I,_,2.0,m,g,7.0,m,g,7.0,m,0.0,1,1,_,-2.0,-2.0,0
272,281,83.0,note,1.0,bass,55.0,84.0,G,,4,4,,yes,no,F,y,IV,_,I,_,2.0,m,g,7.0,m,g,7.0,m,0.0,1,1,_,-2.0,-2.0,0
273,282,83.0,note,2.0,tenor,57.0,84.0,A,,4,4,,no,no,x,n,IV,_,I,_,2.0,m,g,7.0,m,g,7.0,m,0.0,2,2,_,-2.0,-2.0,0
274,283,83.0,note,3.0,alto,60.0,84.0,C,,4,4,,yes,no,R,n,IV,_,I,_,2.0,m,g,7.0,m,g,7.0,m,0.0,4,4,_,-2.0,-2.0,0
275,284,83.0,note,4.0,soprn,67.0,84.0,G,,4,4,,yes,no,F,y,IV,_,I,_,2.0,m,g,7.0,m,g,7.0,m,0.0,1,1,_,-2.0,-2.0,0
276,285,84.0,bar,,,,88.0,,,4,4,,na,na,na,na,na,na,na,na,,na,na,,na,na,,na,,na,na,na,,,0
277,286,84.0,note,1.0,bass,43.0,88.0,G,,4,4,,yes,yes,R,y,I,_,I,_,0.0,m,g,7.0,M,g,7.0,m,7.0,1,1,_,-2.0,-2.0,0
278,287,84.0,note,2.0,tenor,59.0,88.0,B,,4,4,,yes,yes,T,n,I,_,I,_,0.0,m,g,7.0,M,g,7.0,m,7.0,#3,3,#,-2.0,-2.0,0
279,288,84.0,note,3.0,alto,62.0,88.0,D,,4,4,,yes,yes,F,n,I,_,I,_,0.0,m,g,7.0,M,g,7.0,m,7.0,5,5,_,-2.0,-2.0,0
280,289,84.0,note,4.0,soprn,67.0,88.0,G,,4,4,,yes,yes,R,y,I,_,I,_,0.0,m,g,7.0,M,g,7.0,m,7.0,1,1,_,-2.0,-2.0,0
