{"salami_sliced": true, "n_salami_sliced_notes": 85004, "n_unsalami_sliced_notes": 59634, "n_undedoubled_notes": 85004, "n_dedoubled_notes": 83351, "dedoubled": true, "n_chords": 14177, "global_key": "d", "global_key_sig": -1, "paths": ["/Users/malcolm/datasets/humdrum-data/bach-js/371chorales/kern/chor213.krn", "/Users/malcolm/datasets/When-in-Rome/Corpus/Early_Choral/Bach,_Johann_Sebastian/Chorales/213/analysis.txt"], "score_name": "Bach,_Johann_Sebastian_Chorales_213", "synthetic": false, "has_weights": false, "has_instrument": true, "has_spelling": true, "has_scale_degree": true, "has_time_signatures": true, "merged_notes": false, "has_harmonic_analysis": true, "spelled_columns": ["spelling", "key", "granular_key"], "pc_columns": ["key_pc", "granular_key_pc", "root_pc"], "key_sig_class_columns": ["key_signature", "granular_key_signature"]}