,original_index,onset,type,track,instrument,pitch,release,spelling,other,ts_numerator,ts_denominator,duplicated_indices,chord_tone,harmony_onset,chord_factors,bass_pcs,primary_degree,primary_alteration,secondary_degree,secondary_alteration,inversion,mode,key,key_pc,quality,granular_key,granular_key_pc,granular_mode,root_pc,scale_degree,scale_degree_step,scale_degree_alteration,key_signature,granular_key_signature,tonicization
0,0,0.0,time_signature,,,,,,"{""numerator"": 3, ""denominator"": 4}",3,4,,na,na,na,na,na,na,na,na,,na,na,,na,na,,na,,na,na,na,,,0
1,1,0.0,bar,,,,0.0625,,,4,4,,na,na,na,na,na,na,na,na,,na,na,,na,na,,na,,na,na,na,,,0
2,2,0.0,bar,,,,3.0,,,3,4,,na,na,na,na,na,na,na,na,,na,na,,na,na,,na,,na,na,na,,,0
3,3,0.0,note,1.0,bass,51.0,1.0,Eb,,3,4,,yes,yes,R,y,I,_,I,_,0.0,M,Eb,3.0,M,Eb,3.0,M,3.0,1,1,_,-3.0,-3.0,0
4,4,0.0,note,2.0,tenor,55.0,1.0,G,,3,4,,yes,yes,T,n,I,_,I,_,0.0,M,Eb,3.0,M,Eb,3.0,M,3.0,3,3,_,-3.0,-3.0,0
5,5,0.0,note,3.0,alto,63.0,1.0,Eb,,3,4,,yes,yes,R,y,I,_,I,_,0.0,M,Eb,3.0,M,Eb,3.0,M,3.0,1,1,_,-3.0,-3.0,0
6,6,0.0,note,4.0,soprn,70.0,1.0,Bb,,3,4,,yes,yes,F,n,I,_,I,_,0.0,M,Eb,3.0,M,Eb,3.0,M,3.0,5,5,_,-3.0,-3.0,0
7,7,1.0,note,1.0,bass,51.0,2.0,Eb,,3,4,,yes,no,R,y,I,_,I,_,0.0,M,Eb,3.0,M,Eb,3.0,M,3.0,1,1,_,-3.0,-3.0,0
8,8,1.0,note,2.0,tenor,58.0,2.0,Bb,,3,4,,yes,no,F,n,I,_,I,_,0.0,M,Eb,3.0,M,Eb,3.0,M,3.0,5,5,_,-3.0,-3.0,0
9,9,1.0,note,3.0,alto,63.0,2.0,Eb,,3,4,,yes,no,R,y,I,_,I,_,0.0,M,Eb,3.0,M,Eb,3.0,M,3.0,1,1,_,-3.0,-3.0,0
10,10,1.0,note,4.0,soprn,67.0,2.0,G,,3,4,,yes,no,T,n,I,_,I,_,0.0,M,Eb,3.0,M,Eb,3.0,M,3.0,3,3,_,-3.0,-3.0,0
11,11,2.0,note,1.0,bass,44.0,2.5,Ab,,3,4,,yes,yes,R,y,IV,_,I,_,0.0,M,Eb,3.0,M,Eb,3.0,M,8.0,4,4,_,-3.0,-3.0,0
12,12,2.0,note,2.0,tenor,56.0,2.5,Ab,,3,4,,yes,yes,R,y,IV,_,I,_,0.0,M,Eb,3.0,M,Eb,3.0,M,8.0,4,4,_,-3.0,-3.0,0
13,13,2.0,note,3.0,alto,63.0,2.5,Eb,,3,4,,yes,yes,F,n,IV,_,I,_,0.0,M,Eb,3.0,M,Eb,3.0,M,8.0,1,1,_,-3.0,-3.0,0
14,14,2.0,note,4.0,soprn,72.0,2.5,C,,3,4,,yes,yes,T,n,IV,_,I,_,0.0,M,Eb,3.0,M,Eb,3.0,M,8.0,6,6,_,-3.0,-3.0,0
15,15,2.5,note,1.0,bass,44.0,3.0,Ab,,3,4,,yes,no,R,y,IV,_,I,_,0.0,M,Eb,3.0,M,Eb,3.0,M,8.0,4,4,_,-3.0,-3.0,0
16,16,2.5,note,2.0,tenor,55.0,3.0,G,,3,4,,no,no,x,n,IV,_,I,_,0.0,M,Eb,3.0,M,Eb,3.0,M,8.0,3,3,_,-3.0,-3.0,0
17,17,2.5,note,3.0,alto,63.0,3.0,Eb,,3,4,,yes,no,F,n,IV,_,I,_,0.0,M,Eb,3.0,M,Eb,3.0,M,8.0,1,1,_,-3.0,-3.0,0
18,18,2.5,note,4.0,soprn,72.0,3.0,C,,3,4,,yes,no,T,n,IV,_,I,_,0.0,M,Eb,3.0,M,Eb,3.0,M,8.0,6,6,_,-3.0,-3.0,0
19,19,3.0,bar,,,,6.0,,,3,4,,na,na,na,na,na,na,na,na,,na,na,,na,na,,na,,na,na,na,,,0
20,20,3.0,note,1.0,bass,44.0,5.0,Ab,,3,4,,yes,yes,S,y,V,_,I,_,3.0,M,Eb,3.0,Mm7,Eb,3.0,M,10.0,4,4,_,-3.0,-3.0,0
21,21,3.0,note,2.0,tenor,53.0,5.0,F,,3,4,,yes,yes,F,n,V,_,I,_,3.0,M,Eb,3.0,Mm7,Eb,3.0,M,10.0,2,2,_,-3.0,-3.0,0
22,22,3.0,note,3.0,alto,62.0,5.0,D,,3,4,,yes,yes,T,n,V,_,I,_,3.0,M,Eb,3.0,Mm7,Eb,3.0,M,10.0,7,7,_,-3.0,-3.0,0
23,23,3.0,note,4.0,soprn,70.0,5.0,Bb,,3,4,,yes,yes,R,n,V,_,I,_,3.0,M,Eb,3.0,Mm7,Eb,3.0,M,10.0,5,5,_,-3.0,-3.0,0
24,24,5.0,note,1.0,bass,55.0,6.0,G,,3,4,,yes,yes,T,y,I,_,I,_,1.0,M,Eb,3.0,M,Eb,3.0,M,3.0,3,3,_,-3.0,-3.0,0
25,25,5.0,note,2.0,tenor,58.0,6.0,Bb,,3,4,,yes,yes,F,n,I,_,I,_,1.0,M,Eb,3.0,M,Eb,3.0,M,3.0,5,5,_,-3.0,-3.0,0
26,26,5.0,note,3.0,alto,63.0,6.0,Eb,,3,4,"26,27",yes,yes,R,n,I,_,I,_,1.0,M,Eb,3.0,M,Eb,3.0,M,3.0,1,1,_,-3.0,-3.0,0
27,28,6.0,bar,,,,9.0,,,3,4,,na,na,na,na,na,na,na,na,,na,na,,na,na,,na,,na,na,na,,,0
28,29,6.0,note,1.0,bass,53.0,6.5,F,,3,4,,yes,yes,T,y,VII,_,I,_,1.0,M,Eb,3.0,o,Eb,3.0,M,2.0,2,2,_,-3.0,-3.0,0
29,30,6.0,note,2.0,tenor,56.0,6.5,Ab,,3,4,,yes,yes,F,n,VII,_,I,_,1.0,M,Eb,3.0,o,Eb,3.0,M,2.0,4,4,_,-3.0,-3.0,0
30,31,6.0,note,3.0,alto,62.0,6.5,D,,3,4,,yes,yes,R,n,VII,_,I,_,1.0,M,Eb,3.0,o,Eb,3.0,M,2.0,7,7,_,-3.0,-3.0,0
31,32,6.0,note,4.0,soprn,65.0,6.5,F,,3,4,,yes,yes,T,y,VII,_,I,_,1.0,M,Eb,3.0,o,Eb,3.0,M,2.0,2,2,_,-3.0,-3.0,0
32,33,6.5,note,1.0,bass,51.0,7.0,Eb,,3,4,,no,no,x,n,VII,_,I,_,1.0,M,Eb,3.0,o,Eb,3.0,M,2.0,1,1,_,-3.0,-3.0,0
33,34,6.5,note,2.0,tenor,56.0,7.0,Ab,,3,4,,yes,no,F,n,VII,_,I,_,1.0,M,Eb,3.0,o,Eb,3.0,M,2.0,4,4,_,-3.0,-3.0,0
34,35,6.5,note,3.0,alto,60.0,7.0,C,,3,4,,no,no,x,n,VII,_,I,_,1.0,M,Eb,3.0,o,Eb,3.0,M,2.0,6,6,_,-3.0,-3.0,0
35,36,6.5,note,4.0,soprn,65.0,7.0,F,,3,4,,yes,no,T,y,VII,_,I,_,1.0,M,Eb,3.0,o,Eb,3.0,M,2.0,2,2,_,-3.0,-3.0,0
36,37,7.0,note,1.0,bass,50.0,8.0,D,,3,4,,yes,yes,T,y,V,_,I,_,1.0,M,Eb,3.0,Mm7,Eb,3.0,M,10.0,7,7,_,-3.0,-3.0,0
37,38,7.0,note,2.0,tenor,56.0,8.0,Ab,,3,4,,yes,yes,S,n,V,_,I,_,1.0,M,Eb,3.0,Mm7,Eb,3.0,M,10.0,4,4,_,-3.0,-3.0,0
38,39,7.0,note,3.0,alto,58.0,8.0,Bb,,3,4,,yes,yes,R,n,V,_,I,_,1.0,M,Eb,3.0,Mm7,Eb,3.0,M,10.0,5,5,_,-3.0,-3.0,0
39,40,7.0,note,4.0,soprn,65.0,8.0,F,,3,4,,yes,yes,F,n,V,_,I,_,1.0,M,Eb,3.0,Mm7,Eb,3.0,M,10.0,2,2,_,-3.0,-3.0,0
40,41,8.0,note,1.0,bass,51.0,9.0,Eb,,3,4,,yes,yes,R,y,I,_,I,_,0.0,M,Eb,3.0,M,Eb,3.0,M,3.0,1,1,_,-3.0,-3.0,0
41,42,8.0,note,2.0,tenor,55.0,9.0,G,,3,4,,yes,yes,T,n,I,_,I,_,0.0,M,Eb,3.0,M,Eb,3.0,M,3.0,3,3,_,-3.0,-3.0,0
42,43,8.0,note,3.0,alto,58.0,9.0,Bb,,3,4,,yes,yes,F,n,I,_,I,_,0.0,M,Eb,3.0,M,Eb,3.0,M,3.0,5,5,_,-3.0,-3.0,0
43,44,8.0,note,4.0,soprn,67.0,9.0,G,,3,4,,yes,yes,T,n,I,_,I,_,0.0,M,Eb,3.0,M,Eb,3.0,M,3.0,3,3,_,-3.0,-3.0,0
44,45,9.0,bar,,,,12.0,,,3,4,,na,na,na,na,na,na,na,na,,na,na,,na,na,,na,,na,na,na,,,0
45,46,9.0,note,1.0,bass,51.0,10.0,Eb,,3,4,,no,yes,x,n,II,_,I,_,0.0,M,Eb,3.0,m,Eb,3.0,M,5.0,1,1,_,-3.0,-3.0,0
46,47,9.0,note,2.0,tenor,60.0,10.0,C,,3,4,,yes,yes,F,n,II,_,I,_,0.0,M,Eb,3.0,m,Eb,3.0,M,5.0,6,6,_,-3.0,-3.0,0
47,48,9.0,note,3.0,alto,65.0,10.0,F,,3,4,,yes,yes,R,y,II,_,I,_,0.0,M,Eb,3.0,m,Eb,3.0,M,5.0,2,2,_,-3.0,-3.0,0
48,49,9.0,note,4.0,soprn,68.0,10.0,Ab,,3,4,,yes,yes,T,n,II,_,I,_,0.0,M,Eb,3.0,m,Eb,3.0,M,5.0,4,4,_,-3.0,-3.0,0
49,50,10.0,note,1.0,bass,50.0,10.5,D,,3,4,,yes,yes,T,y,V,_,I,_,1.0,M,Eb,3.0,Mm7,Eb,3.0,M,10.0,7,7,_,-3.0,-3.0,0
50,51,10.0,note,2.0,tenor,58.0,10.5,Bb,,3,4,,yes,yes,R,n,V,_,I,_,1.0,M,Eb,3.0,Mm7,Eb,3.0,M,10.0,5,5,_,-3.0,-3.0,0
51,52,10.0,note,3.0,alto,65.0,10.5,F,,3,4,,yes,yes,F,n,V,_,I,_,1.0,M,Eb,3.0,Mm7,Eb,3.0,M,10.0,2,2,_,-3.0,-3.0,0
52,53,10.0,note,4.0,soprn,68.0,10.5,Ab,,3,4,,yes,yes,S,n,V,_,I,_,1.0,M,Eb,3.0,Mm7,Eb,3.0,M,10.0,4,4,_,-3.0,-3.0,0
53,54,10.5,note,1.0,bass,48.0,11.0,C,,3,4,,no,no,x,n,V,_,I,_,1.0,M,Eb,3.0,Mm7,Eb,3.0,M,10.0,6,6,_,-3.0,-3.0,0
54,55,10.5,note,2.0,tenor,58.0,11.0,Bb,,3,4,,yes,no,R,n,V,_,I,_,1.0,M,Eb,3.0,Mm7,Eb,3.0,M,10.0,5,5,_,-3.0,-3.0,0
55,56,10.5,note,3.0,alto,65.0,11.0,F,,3,4,,yes,no,F,n,V,_,I,_,1.0,M,Eb,3.0,Mm7,Eb,3.0,M,10.0,2,2,_,-3.0,-3.0,0
56,57,10.5,note,4.0,soprn,68.0,11.0,Ab,,3,4,,yes,no,S,n,V,_,I,_,1.0,M,Eb,3.0,Mm7,Eb,3.0,M,10.0,4,4,_,-3.0,-3.0,0
57,58,11.0,note,1.0,bass,50.0,12.0,D,,3,4,,yes,yes,T,y,V,_,I,_,1.0,M,Eb,3.0,M,Eb,3.0,M,10.0,7,7,_,-3.0,-3.0,0
58,59,11.0,note,2.0,tenor,58.0,12.0,Bb,,3,4,,yes,yes,R,n,V,_,I,_,1.0,M,Eb,3.0,M,Eb,3.0,M,10.0,5,5,_,-3.0,-3.0,0
59,60,11.0,note,3.0,alto,65.0,12.0,F,,3,4,,yes,yes,F,n,V,_,I,_,1.0,M,Eb,3.0,M,Eb,3.0,M,10.0,2,2,_,-3.0,-3.0,0
60,61,11.0,note,4.0,soprn,70.0,12.0,Bb,,3,4,,yes,yes,R,n,V,_,I,_,1.0,M,Eb,3.0,M,Eb,3.0,M,10.0,5,5,_,-3.0,-3.0,0
61,62,12.0,bar,,,,15.0,,,3,4,,na,na,na,na,na,na,na,na,,na,na,,na,na,,na,,na,na,na,,,0
62,63,12.0,note,1.0,bass,51.0,13.0,Eb,,3,4,,yes,yes,R,y,I,_,I,_,0.0,M,Eb,3.0,M,Eb,3.0,M,3.0,1,1,_,-3.0,-3.0,0
63,64,12.0,note,2.0,tenor,58.0,13.0,Bb,,3,4,,yes,yes,F,n,I,_,I,_,0.0,M,Eb,3.0,M,Eb,3.0,M,3.0,5,5,_,-3.0,-3.0,0
64,65,12.0,note,3.0,alto,63.0,13.0,Eb,,3,4,,yes,yes,R,y,I,_,I,_,0.0,M,Eb,3.0,M,Eb,3.0,M,3.0,1,1,_,-3.0,-3.0,0
65,66,12.0,note,4.0,soprn,67.0,13.0,G,,3,4,,yes,yes,T,n,I,_,I,_,0.0,M,Eb,3.0,M,Eb,3.0,M,3.0,3,3,_,-3.0,-3.0,0
66,67,13.0,note,1.0,bass,39.0,15.0,Eb,,3,4,,yes,no,R,y,I,_,I,_,0.0,M,Eb,3.0,M,Eb,3.0,M,3.0,1,1,_,-3.0,-3.0,0
67,68,13.0,note,2.0,tenor,55.0,15.0,G,,3,4,,yes,no,T,n,I,_,I,_,0.0,M,Eb,3.0,M,Eb,3.0,M,3.0,3,3,_,-3.0,-3.0,0
68,69,13.0,note,3.0,alto,58.0,15.0,Bb,,3,4,,yes,no,F,n,I,_,I,_,0.0,M,Eb,3.0,M,Eb,3.0,M,3.0,5,5,_,-3.0,-3.0,0
69,70,13.0,note,4.0,soprn,63.0,15.0,Eb,,3,4,,yes,no,R,y,I,_,I,_,0.0,M,Eb,3.0,M,Eb,3.0,M,3.0,1,1,_,-3.0,-3.0,0
70,71,15.0,bar,,,,18.0,,,3,4,,na,na,na,na,na,na,na,na,,na,na,,na,na,,na,,na,na,na,,,0
71,72,15.0,note,1.0,bass,46.0,16.0,Bb,,3,4,,yes,yes,R,y,V,_,I,_,0.0,M,Eb,3.0,M,Eb,3.0,M,10.0,5,5,_,-3.0,-3.0,0
72,73,15.0,note,2.0,tenor,58.0,16.0,Bb,,3,4,,yes,yes,R,y,V,_,I,_,0.0,M,Eb,3.0,M,Eb,3.0,M,10.0,5,5,_,-3.0,-3.0,0
73,74,15.0,note,3.0,alto,62.0,16.0,D,,3,4,,yes,yes,T,n,V,_,I,_,0.0,M,Eb,3.0,M,Eb,3.0,M,10.0,7,7,_,-3.0,-3.0,0
74,75,15.0,note,4.0,soprn,65.0,16.0,F,,3,4,,yes,yes,F,n,V,_,I,_,0.0,M,Eb,3.0,M,Eb,3.0,M,10.0,2,2,_,-3.0,-3.0,0
75,76,16.0,note,1.0,bass,51.0,16.5,Eb,,3,4,,yes,yes,R,y,I,_,I,_,0.0,M,Eb,3.0,M,Eb,3.0,M,3.0,1,1,_,-3.0,-3.0,0
76,77,16.0,note,2.0,tenor,58.0,16.5,Bb,,3,4,,yes,yes,F,n,I,_,I,_,0.0,M,Eb,3.0,M,Eb,3.0,M,3.0,5,5,_,-3.0,-3.0,0
77,78,16.0,note,3.0,alto,63.0,16.5,Eb,,3,4,,yes,yes,R,y,I,_,I,_,0.0,M,Eb,3.0,M,Eb,3.0,M,3.0,1,1,_,-3.0,-3.0,0
78,79,16.0,note,4.0,soprn,67.0,16.5,G,,3,4,,yes,yes,T,n,I,_,I,_,0.0,M,Eb,3.0,M,Eb,3.0,M,3.0,3,3,_,-3.0,-3.0,0
79,80,16.5,note,1.0,bass,50.0,17.0,D,,3,4,,no,no,x,n,I,_,I,_,0.0,M,Eb,3.0,M,Eb,3.0,M,3.0,7,7,_,-3.0,-3.0,0
80,81,16.5,note,2.0,tenor,58.0,17.0,Bb,,3,4,,yes,no,F,n,I,_,I,_,0.0,M,Eb,3.0,M,Eb,3.0,M,3.0,5,5,_,-3.0,-3.0,0
81,82,16.5,note,3.0,alto,63.0,17.0,Eb,,3,4,,yes,no,R,y,I,_,I,_,0.0,M,Eb,3.0,M,Eb,3.0,M,3.0,1,1,_,-3.0,-3.0,0
82,83,16.5,note,4.0,soprn,67.0,17.0,G,,3,4,,yes,no,T,n,I,_,I,_,0.0,M,Eb,3.0,M,Eb,3.0,M,3.0,3,3,_,-3.0,-3.0,0
83,84,17.0,note,1.0,bass,48.0,18.0,C,,3,4,,yes,yes,T,y,VII,_,I,_,1.0,M,Bb,10.0,o,Bb,10.0,M,9.0,2,2,_,-2.0,-2.0,0
84,85,17.0,note,2.0,tenor,60.0,18.0,C,,3,4,,yes,yes,T,y,VII,_,I,_,1.0,M,Bb,10.0,o,Bb,10.0,M,9.0,2,2,_,-2.0,-2.0,0
85,86,17.0,note,3.0,alto,63.0,18.0,Eb,,3,4,,yes,yes,F,n,VII,_,I,_,1.0,M,Bb,10.0,o,Bb,10.0,M,9.0,4,4,_,-2.0,-2.0,0
86,87,17.0,note,4.0,soprn,69.0,18.0,A,,3,4,,yes,yes,R,n,VII,_,I,_,1.0,M,Bb,10.0,o,Bb,10.0,M,9.0,7,7,_,-2.0,-2.0,0
87,88,18.0,bar,,,,21.0,,,3,4,,na,na,na,na,na,na,na,na,,na,na,,na,na,,na,,na,na,na,,,0
88,89,18.0,note,1.0,bass,46.0,20.0,Bb,,3,4,,yes,yes,R,y,I,_,I,_,0.0,M,Bb,10.0,M,Bb,10.0,M,10.0,1,1,_,-2.0,-2.0,0
89,90,18.0,note,2.0,tenor,53.0,20.0,F,,3,4,,yes,yes,F,n,I,_,I,_,0.0,M,Bb,10.0,M,Bb,10.0,M,10.0,5,5,_,-2.0,-2.0,0
90,91,18.0,note,3.0,alto,62.0,20.0,D,,3,4,,yes,yes,T,n,I,_,I,_,0.0,M,Bb,10.0,M,Bb,10.0,M,10.0,3,3,_,-2.0,-2.0,0
91,92,18.0,note,4.0,soprn,70.0,20.0,Bb,,3,4,,yes,yes,R,y,I,_,I,_,0.0,M,Bb,10.0,M,Bb,10.0,M,10.0,1,1,_,-2.0,-2.0,0
92,93,20.0,note,1.0,bass,58.0,21.0,Bb,,3,4,"93,94",yes,no,R,y,I,_,I,_,0.0,M,Bb,10.0,M,Bb,10.0,M,10.0,1,1,_,-2.0,-2.0,0
93,95,20.0,note,3.0,alto,65.0,21.0,F,,3,4,,yes,no,F,n,I,_,I,_,0.0,M,Bb,10.0,M,Bb,10.0,M,10.0,5,5,_,-2.0,-2.0,0
94,96,20.0,note,4.0,soprn,74.0,21.0,D,,3,4,,yes,no,T,n,I,_,I,_,0.0,M,Bb,10.0,M,Bb,10.0,M,10.0,3,3,_,-2.0,-2.0,0
95,97,21.0,bar,,,,24.0,,,3,4,,na,na,na,na,na,na,na,na,,na,na,,na,na,,na,,na,na,na,,,0
96,98,21.0,note,1.0,bass,57.0,22.0,A,,3,4,,yes,yes,T,y,V,_,I,_,1.0,M,Bb,10.0,M,Bb,10.0,M,5.0,7,7,_,-2.0,-2.0,0
97,99,21.0,note,2.0,tenor,60.0,22.0,C,,3,4,,yes,yes,F,n,V,_,I,_,1.0,M,Bb,10.0,M,Bb,10.0,M,5.0,2,2,_,-2.0,-2.0,0
98,100,21.0,note,3.0,alto,65.0,22.0,F,,3,4,,yes,yes,R,n,V,_,I,_,1.0,M,Bb,10.0,M,Bb,10.0,M,5.0,5,5,_,-2.0,-2.0,0
99,101,21.0,note,4.0,soprn,72.0,22.0,C,,3,4,,yes,yes,F,n,V,_,I,_,1.0,M,Bb,10.0,M,Bb,10.0,M,5.0,2,2,_,-2.0,-2.0,0
100,102,22.0,note,1.0,bass,56.0,23.0,Ab,,3,4,,yes,yes,S,y,V,_,IV,_,3.0,M,Bb,10.0,Mm7,Eb,3.0,M,10.0,b7,7,b,-2.0,-3.0,1
101,103,22.0,note,2.0,tenor,58.0,23.0,Bb,,3,4,,yes,yes,R,n,V,_,IV,_,3.0,M,Bb,10.0,Mm7,Eb,3.0,M,10.0,1,1,_,-2.0,-3.0,1
102,104,22.0,note,3.0,alto,65.0,23.0,F,,3,4,,yes,yes,F,n,V,_,IV,_,3.0,M,Bb,10.0,Mm7,Eb,3.0,M,10.0,5,5,_,-2.0,-3.0,1
103,105,22.0,note,4.0,soprn,74.0,23.0,D,,3,4,,yes,yes,T,n,V,_,IV,_,3.0,M,Bb,10.0,Mm7,Eb,3.0,M,10.0,3,3,_,-2.0,-3.0,1
104,106,23.0,note,1.0,bass,55.0,24.0,G,,3,4,,yes,yes,T,y,IV,_,I,_,1.0,M,Bb,10.0,M,Bb,10.0,M,3.0,6,6,_,-2.0,-2.0,0
105,107,23.0,note,2.0,tenor,58.0,24.0,Bb,,3,4,,yes,yes,F,n,IV,_,I,_,1.0,M,Bb,10.0,M,Bb,10.0,M,3.0,1,1,_,-2.0,-2.0,0
106,108,23.0,note,3.0,alto,63.0,24.0,Eb,,3,4,,yes,yes,R,n,IV,_,I,_,1.0,M,Bb,10.0,M,Bb,10.0,M,3.0,4,4,_,-2.0,-2.0,0
107,109,23.0,note,4.0,soprn,75.0,24.0,Eb,,3,4,,yes,yes,R,n,IV,_,I,_,1.0,M,Bb,10.0,M,Bb,10.0,M,3.0,4,4,_,-2.0,-2.0,0
108,110,24.0,bar,,,,27.0,,,3,4,,na,na,na,na,na,na,na,na,,na,na,,na,na,,na,,na,na,na,,,0
109,111,24.0,note,1.0,bass,53.0,25.0,F,,3,4,,yes,yes,F,y,I,_,I,_,2.0,M,Bb,10.0,M,Bb,10.0,M,10.0,5,5,_,-2.0,-2.0,0
110,112,24.0,note,2.0,tenor,58.0,25.0,Bb,,3,4,,yes,yes,R,n,I,_,I,_,2.0,M,Bb,10.0,M,Bb,10.0,M,10.0,1,1,_,-2.0,-2.0,0
111,113,24.0,note,3.0,alto,65.0,25.0,F,,3,4,,yes,yes,F,y,I,_,I,_,2.0,M,Bb,10.0,M,Bb,10.0,M,10.0,5,5,_,-2.0,-2.0,0
112,114,24.0,note,4.0,soprn,74.0,25.0,D,,3,4,,yes,yes,T,n,I,_,I,_,2.0,M,Bb,10.0,M,Bb,10.0,M,10.0,3,3,_,-2.0,-2.0,0
113,115,25.0,note,1.0,bass,51.0,26.0,Eb,,3,4,,yes,yes,T,y,II,_,I,_,1.0,M,Bb,10.0,m,Bb,10.0,M,0.0,4,4,_,-2.0,-2.0,0
114,116,25.0,note,2.0,tenor,58.0,26.0,Bb,,3,4,,no,yes,x,n,II,_,I,_,1.0,M,Bb,10.0,m,Bb,10.0,M,0.0,1,1,_,-2.0,-2.0,0
115,117,25.0,note,3.0,alto,67.0,26.0,G,,3,4,,yes,yes,F,n,II,_,I,_,1.0,M,Bb,10.0,m,Bb,10.0,M,0.0,6,6,_,-2.0,-2.0,0
116,118,25.0,note,4.0,soprn,72.0,26.0,C,,3,4,,yes,yes,R,n,II,_,I,_,1.0,M,Bb,10.0,m,Bb,10.0,M,0.0,2,2,_,-2.0,-2.0,0
117,119,26.0,note,1.0,bass,53.0,26.5,F,,3,4,,yes,yes,R,y,V,_,I,_,0.0,M,Bb,10.0,M,Bb,10.0,M,5.0,5,5,_,-2.0,-2.0,0
118,120,26.0,note,2.0,tenor,57.0,26.5,A,,3,4,,yes,yes,T,n,V,_,I,_,0.0,M,Bb,10.0,M,Bb,10.0,M,5.0,7,7,_,-2.0,-2.0,0
119,121,26.0,note,3.0,alto,65.0,26.5,F,,3,4,,yes,yes,R,y,V,_,I,_,0.0,M,Bb,10.0,M,Bb,10.0,M,5.0,5,5,_,-2.0,-2.0,0
120,122,26.0,note,4.0,soprn,72.0,26.5,C,,3,4,,yes,yes,F,n,V,_,I,_,0.0,M,Bb,10.0,M,Bb,10.0,M,5.0,2,2,_,-2.0,-2.0,0
121,123,26.5,note,1.0,bass,53.0,27.0,F,,3,4,,yes,yes,R,y,V,_,I,_,0.0,M,Bb,10.0,Mm7,Bb,10.0,M,5.0,5,5,_,-2.0,-2.0,0
122,124,26.5,note,2.0,tenor,57.0,27.0,A,,3,4,,yes,yes,T,n,V,_,I,_,0.0,M,Bb,10.0,Mm7,Bb,10.0,M,5.0,7,7,_,-2.0,-2.0,0
123,125,26.5,note,3.0,alto,63.0,27.0,Eb,,3,4,,yes,yes,S,n,V,_,I,_,0.0,M,Bb,10.0,Mm7,Bb,10.0,M,5.0,4,4,_,-2.0,-2.0,0
124,126,26.5,note,4.0,soprn,72.0,27.0,C,,3,4,,yes,yes,F,n,V,_,I,_,0.0,M,Bb,10.0,Mm7,Bb,10.0,M,5.0,2,2,_,-2.0,-2.0,0
125,127,27.0,bar,,,,30.0,,,3,4,,na,na,na,na,na,na,na,na,,na,na,,na,na,,na,,na,na,na,,,0
126,128,27.0,note,1.0,bass,46.0,30.0,Bb,,3,4,,yes,yes,R,y,I,_,I,_,0.0,M,Bb,10.0,M,Bb,10.0,M,10.0,1,1,_,-2.0,-2.0,0
127,129,27.0,note,2.0,tenor,53.0,30.0,F,,3,4,,yes,yes,F,n,I,_,I,_,0.0,M,Bb,10.0,M,Bb,10.0,M,10.0,5,5,_,-2.0,-2.0,0
128,130,27.0,note,3.0,alto,62.0,30.0,D,,3,4,,yes,yes,T,n,I,_,I,_,0.0,M,Bb,10.0,M,Bb,10.0,M,10.0,3,3,_,-2.0,-2.0,0
129,131,27.0,note,4.0,soprn,70.0,30.0,Bb,,3,4,,yes,yes,R,y,I,_,I,_,0.0,M,Bb,10.0,M,Bb,10.0,M,10.0,1,1,_,-2.0,-2.0,0
130,132,30.0,bar,,,,33.0,,,3,4,,na,na,na,na,na,na,na,na,,na,na,,na,na,,na,,na,na,na,,,0
131,133,30.0,note,1.0,bass,58.0,30.5,Bb,,3,4,,yes,no,R,y,I,_,I,_,0.0,M,Bb,10.0,M,Bb,10.0,M,10.0,1,1,_,-2.0,-2.0,0
132,134,30.0,note,2.0,tenor,62.0,30.5,D,,3,4,,yes,no,T,n,I,_,I,_,0.0,M,Bb,10.0,M,Bb,10.0,M,10.0,3,3,_,-2.0,-2.0,0
133,135,30.0,note,3.0,alto,65.0,30.5,F,,3,4,,yes,no,F,n,I,_,I,_,0.0,M,Bb,10.0,M,Bb,10.0,M,10.0,5,5,_,-2.0,-2.0,0
134,136,30.0,note,4.0,soprn,70.0,30.5,Bb,,3,4,,yes,no,R,y,I,_,I,_,0.0,M,Bb,10.0,M,Bb,10.0,M,10.0,1,1,_,-2.0,-2.0,0
135,137,30.5,note,1.0,bass,56.0,31.0,Ab,,3,4,,yes,yes,S,y,V,_,IV,_,3.0,M,Bb,10.0,Mm7,Eb,3.0,M,10.0,b7,7,b,-2.0,-3.0,1
136,138,30.5,note,2.0,tenor,62.0,31.0,D,,3,4,,yes,yes,T,n,V,_,IV,_,3.0,M,Bb,10.0,Mm7,Eb,3.0,M,10.0,3,3,_,-2.0,-3.0,1
137,139,30.5,note,3.0,alto,65.0,31.0,F,,3,4,,yes,yes,F,n,V,_,IV,_,3.0,M,Bb,10.0,Mm7,Eb,3.0,M,10.0,5,5,_,-2.0,-3.0,1
138,140,30.5,note,4.0,soprn,70.0,31.0,Bb,,3,4,,yes,yes,R,n,V,_,IV,_,3.0,M,Bb,10.0,Mm7,Eb,3.0,M,10.0,1,1,_,-2.0,-3.0,1
139,141,31.0,note,1.0,bass,55.0,31.5,G,,3,4,,yes,yes,R,y,V,_,I,_,0.0,m,c,0.0,M,c,0.0,m,7.0,5,5,_,-3.0,-3.0,0
140,142,31.0,note,2.0,tenor,62.0,31.5,D,,3,4,,yes,yes,F,n,V,_,I,_,0.0,m,c,0.0,M,c,0.0,m,7.0,2,2,_,-3.0,-3.0,0
141,143,31.0,note,3.0,alto,67.0,31.5,G,,3,4,,yes,yes,R,y,V,_,I,_,0.0,m,c,0.0,M,c,0.0,m,7.0,5,5,_,-3.0,-3.0,0
142,144,31.0,note,4.0,soprn,71.0,31.5,B,,3,4,,yes,yes,T,n,V,_,I,_,0.0,m,c,0.0,M,c,0.0,m,7.0,#7,7,#,-3.0,-3.0,0
143,145,31.5,note,1.0,bass,53.0,32.0,F,,3,4,,yes,yes,S,y,V,_,I,_,3.0,m,c,0.0,Mm7,c,0.0,m,7.0,4,4,_,-3.0,-3.0,0
144,146,31.5,note,2.0,tenor,62.0,32.0,D,,3,4,,yes,yes,F,n,V,_,I,_,3.0,m,c,0.0,Mm7,c,0.0,m,7.0,2,2,_,-3.0,-3.0,0
145,147,31.5,note,3.0,alto,67.0,32.0,G,,3,4,,yes,yes,R,n,V,_,I,_,3.0,m,c,0.0,Mm7,c,0.0,m,7.0,5,5,_,-3.0,-3.0,0
146,148,31.5,note,4.0,soprn,71.0,32.0,B,,3,4,,yes,yes,T,n,V,_,I,_,3.0,m,c,0.0,Mm7,c,0.0,m,7.0,#7,7,#,-3.0,-3.0,0
147,149,32.0,note,1.0,bass,51.0,32.5,Eb,,3,4,,no,yes,x,n,V,_,I,_,0.0,m,c,0.0,M,c,0.0,m,7.0,3,3,_,-3.0,-3.0,0
148,150,32.0,note,2.0,tenor,55.0,32.5,G,,3,4,,yes,yes,R,y,V,_,I,_,0.0,m,c,0.0,M,c,0.0,m,7.0,5,5,_,-3.0,-3.0,0
149,151,32.0,note,3.0,alto,67.0,32.5,G,,3,4,,yes,yes,R,y,V,_,I,_,0.0,m,c,0.0,M,c,0.0,m,7.0,5,5,_,-3.0,-3.0,0
150,152,32.0,note,4.0,soprn,71.0,32.5,B,,3,4,,yes,yes,T,n,V,_,I,_,0.0,m,c,0.0,M,c,0.0,m,7.0,#7,7,#,-3.0,-3.0,0
151,153,32.5,note,1.0,bass,50.0,33.0,D,,3,4,,yes,no,F,n,V,_,I,_,0.0,m,c,0.0,M,c,0.0,m,7.0,2,2,_,-3.0,-3.0,0
152,154,32.5,note,2.0,tenor,55.0,33.0,G,,3,4,,yes,no,R,y,V,_,I,_,0.0,m,c,0.0,M,c,0.0,m,7.0,5,5,_,-3.0,-3.0,0
153,155,32.5,note,3.0,alto,65.0,33.0,F,,3,4,,no,no,x,n,V,_,I,_,0.0,m,c,0.0,M,c,0.0,m,7.0,4,4,_,-3.0,-3.0,0
154,156,32.5,note,4.0,soprn,71.0,33.0,B,,3,4,,yes,no,T,n,V,_,I,_,0.0,m,c,0.0,M,c,0.0,m,7.0,#7,7,#,-3.0,-3.0,0
155,157,33.0,bar,,,,36.0,,,3,4,,na,na,na,na,na,na,na,na,,na,na,,na,na,,na,,na,na,na,,,0
156,158,33.0,note,1.0,bass,48.0,35.0,C,,3,4,,yes,yes,R,y,I,_,I,_,0.0,m,c,0.0,m,c,0.0,m,0.0,1,1,_,-3.0,-3.0,0
157,159,33.0,note,2.0,tenor,55.0,35.0,G,,3,4,,yes,yes,F,n,I,_,I,_,0.0,m,c,0.0,m,c,0.0,m,0.0,5,5,_,-3.0,-3.0,0
158,160,33.0,note,3.0,alto,63.0,35.0,Eb,,3,4,,yes,yes,T,n,I,_,I,_,0.0,m,c,0.0,m,c,0.0,m,0.0,3,3,_,-3.0,-3.0,0
159,161,33.0,note,4.0,soprn,72.0,35.0,C,,3,4,,yes,yes,R,y,I,_,I,_,0.0,m,c,0.0,m,c,0.0,m,0.0,1,1,_,-3.0,-3.0,0
160,162,35.0,note,1.0,bass,47.0,36.0,B,,3,4,,yes,yes,T,y,V,_,I,_,1.0,m,c,0.0,M,c,0.0,m,7.0,#7,7,#,-3.0,-3.0,0
161,163,35.0,note,2.0,tenor,62.0,36.0,D,,3,4,,yes,yes,F,n,V,_,I,_,1.0,m,c,0.0,M,c,0.0,m,7.0,2,2,_,-3.0,-3.0,0
162,164,35.0,note,3.0,alto,67.0,36.0,G,,3,4,,yes,yes,R,n,V,_,I,_,1.0,m,c,0.0,M,c,0.0,m,7.0,5,5,_,-3.0,-3.0,0
163,165,35.0,note,4.0,soprn,74.0,36.0,D,,3,4,,yes,yes,F,n,V,_,I,_,1.0,m,c,0.0,M,c,0.0,m,7.0,2,2,_,-3.0,-3.0,0
164,166,36.0,bar,,,,39.0,,,3,4,,na,na,na,na,na,na,na,na,,na,na,,na,na,,na,,na,na,na,,,0
165,167,36.0,note,1.0,bass,48.0,37.0,C,,3,4,,yes,yes,R,y,I,_,I,_,0.0,m,c,0.0,m,c,0.0,m,0.0,1,1,_,-3.0,-3.0,0
166,168,36.0,note,2.0,tenor,60.0,37.0,C,,3,4,,yes,yes,R,y,I,_,I,_,0.0,m,c,0.0,m,c,0.0,m,0.0,1,1,_,-3.0,-3.0,0
167,169,36.0,note,3.0,alto,67.0,37.0,G,,3,4,,yes,yes,F,n,I,_,I,_,0.0,m,c,0.0,m,c,0.0,m,0.0,5,5,_,-3.0,-3.0,0
168,170,36.0,note,4.0,soprn,75.0,37.0,Eb,,3,4,,yes,yes,T,n,I,_,I,_,0.0,m,c,0.0,m,c,0.0,m,0.0,3,3,_,-3.0,-3.0,0
169,171,37.0,note,1.0,bass,48.0,37.5,C,,3,4,,yes,no,R,y,I,_,I,_,0.0,m,c,0.0,m,c,0.0,m,0.0,1,1,_,-3.0,-3.0,0
170,172,37.0,note,2.0,tenor,60.0,37.5,C,,3,4,,yes,no,R,y,I,_,I,_,0.0,m,c,0.0,m,c,0.0,m,0.0,1,1,_,-3.0,-3.0,0
171,173,37.0,note,3.0,alto,67.0,37.5,G,,3,4,,yes,no,F,n,I,_,I,_,0.0,m,c,0.0,m,c,0.0,m,0.0,5,5,_,-3.0,-3.0,0
172,174,37.0,note,4.0,soprn,75.0,37.5,Eb,,3,4,,yes,no,T,n,I,_,I,_,0.0,m,c,0.0,m,c,0.0,m,0.0,3,3,_,-3.0,-3.0,0
173,175,37.5,note,1.0,bass,46.0,38.0,Bb,,3,4,,no,no,x,n,I,_,I,_,0.0,m,c,0.0,m,c,0.0,m,0.0,7,7,_,-3.0,-3.0,0
174,176,37.5,note,2.0,tenor,60.0,38.0,C,,3,4,,yes,no,R,y,I,_,I,_,0.0,m,c,0.0,m,c,0.0,m,0.0,1,1,_,-3.0,-3.0,0
175,177,37.5,note,3.0,alto,67.0,38.0,G,,3,4,,yes,no,F,n,I,_,I,_,0.0,m,c,0.0,m,c,0.0,m,0.0,5,5,_,-3.0,-3.0,0
176,178,37.5,note,4.0,soprn,75.0,38.0,Eb,,3,4,,yes,no,T,n,I,_,I,_,0.0,m,c,0.0,m,c,0.0,m,0.0,3,3,_,-3.0,-3.0,0
177,179,38.0,note,1.0,bass,44.0,39.0,Ab,,3,4,,yes,yes,T,y,IV,_,I,_,1.0,m,c,0.0,m,c,0.0,m,5.0,6,6,_,-3.0,-3.0,0
178,180,38.0,note,2.0,tenor,60.0,39.0,C,,3,4,,yes,yes,F,n,IV,_,I,_,1.0,m,c,0.0,m,c,0.0,m,5.0,1,1,_,-3.0,-3.0,0
179,181,38.0,note,3.0,alto,65.0,39.0,F,,3,4,,yes,yes,R,n,IV,_,I,_,1.0,m,c,0.0,m,c,0.0,m,5.0,4,4,_,-3.0,-3.0,0
180,182,38.0,note,4.0,soprn,77.0,39.0,F,,3,4,,yes,yes,R,n,IV,_,I,_,1.0,m,c,0.0,m,c,0.0,m,5.0,4,4,_,-3.0,-3.0,0
181,183,39.0,bar,,,,42.0,,,3,4,,na,na,na,na,na,na,na,na,,na,na,,na,na,,na,,na,na,na,,,0
182,184,39.0,note,1.0,bass,43.0,40.0,G,,3,4,,yes,yes,F,y,I,_,I,_,2.0,m,c,0.0,m,c,0.0,m,0.0,5,5,_,-3.0,-3.0,0
183,185,39.0,note,2.0,tenor,60.0,40.0,C,,3,4,,yes,yes,R,n,I,_,I,_,2.0,m,c,0.0,m,c,0.0,m,0.0,1,1,_,-3.0,-3.0,0
184,186,39.0,note,3.0,alto,67.0,40.0,G,,3,4,,yes,yes,F,y,I,_,I,_,2.0,m,c,0.0,m,c,0.0,m,0.0,5,5,_,-3.0,-3.0,0
185,187,39.0,note,4.0,soprn,75.0,40.0,Eb,,3,4,,yes,yes,T,n,I,_,I,_,2.0,m,c,0.0,m,c,0.0,m,0.0,3,3,_,-3.0,-3.0,0
186,188,40.0,note,1.0,bass,41.0,41.0,F,,3,4,,yes,yes,T,y,II,_,I,_,1.0,m,c,0.0,o,c,0.0,m,2.0,4,4,_,-3.0,-3.0,0
187,189,40.0,note,2.0,tenor,60.0,41.0,C,,3,4,,no,yes,x,n,II,_,I,_,1.0,m,c,0.0,o,c,0.0,m,2.0,1,1,_,-3.0,-3.0,0
188,190,40.0,note,3.0,alto,68.0,41.0,Ab,,3,4,,yes,yes,F,n,II,_,I,_,1.0,m,c,0.0,o,c,0.0,m,2.0,6,6,_,-3.0,-3.0,0
189,191,40.0,note,4.0,soprn,74.0,41.0,D,,3,4,,yes,yes,R,n,II,_,I,_,1.0,m,c,0.0,o,c,0.0,m,2.0,2,2,_,-3.0,-3.0,0
190,192,41.0,note,1.0,bass,43.0,41.5,G,,3,4,,yes,yes,R,y,V,_,I,_,0.0,m,c,0.0,M,c,0.0,m,7.0,5,5,_,-3.0,-3.0,0
191,193,41.0,note,2.0,tenor,59.0,41.5,B,,3,4,,yes,yes,T,n,V,_,I,_,0.0,m,c,0.0,M,c,0.0,m,7.0,#7,7,#,-3.0,-3.0,0
192,194,41.0,note,3.0,alto,67.0,41.5,G,,3,4,,yes,yes,R,y,V,_,I,_,0.0,m,c,0.0,M,c,0.0,m,7.0,5,5,_,-3.0,-3.0,0
193,195,41.0,note,4.0,soprn,74.0,41.5,D,,3,4,,yes,yes,F,n,V,_,I,_,0.0,m,c,0.0,M,c,0.0,m,7.0,2,2,_,-3.0,-3.0,0
194,196,41.5,note,1.0,bass,43.0,42.0,G,,3,4,,yes,yes,R,y,V,_,I,_,0.0,m,c,0.0,Mm7,c,0.0,m,7.0,5,5,_,-3.0,-3.0,0
195,197,41.5,note,2.0,tenor,59.0,42.0,B,,3,4,,yes,yes,T,n,V,_,I,_,0.0,m,c,0.0,Mm7,c,0.0,m,7.0,#7,7,#,-3.0,-3.0,0
196,198,41.5,note,3.0,alto,65.0,42.0,F,,3,4,,yes,yes,S,n,V,_,I,_,0.0,m,c,0.0,Mm7,c,0.0,m,7.0,4,4,_,-3.0,-3.0,0
197,199,41.5,note,4.0,soprn,74.0,42.0,D,,3,4,,yes,yes,F,n,V,_,I,_,0.0,m,c,0.0,Mm7,c,0.0,m,7.0,2,2,_,-3.0,-3.0,0
198,200,42.0,bar,,,,45.0,,,3,4,,na,na,na,na,na,na,na,na,,na,na,,na,na,,na,,na,na,na,,,0
199,201,42.0,note,1.0,bass,48.0,44.0,C,,3,4,,yes,yes,R,y,I,_,I,_,0.0,m,c,0.0,m,c,0.0,m,0.0,1,1,_,-3.0,-3.0,0
200,202,42.0,note,2.0,tenor,55.0,44.0,G,,3,4,,yes,yes,F,n,I,_,I,_,0.0,m,c,0.0,m,c,0.0,m,0.0,5,5,_,-3.0,-3.0,0
201,203,42.0,note,3.0,alto,63.0,44.0,Eb,,3,4,,yes,yes,T,n,I,_,I,_,0.0,m,c,0.0,m,c,0.0,m,0.0,3,3,_,-3.0,-3.0,0
202,204,42.0,note,4.0,soprn,72.0,44.0,C,,3,4,,yes,yes,R,y,I,_,I,_,0.0,m,c,0.0,m,c,0.0,m,0.0,1,1,_,-3.0,-3.0,0
203,205,44.0,note,1.0,bass,43.0,45.0,G,,3,4,,yes,yes,T,y,V,_,IV,_,1.0,M,Eb,3.0,Mm7,Ab,8.0,M,3.0,3,3,_,-3.0,-4.0,1
204,206,44.0,note,2.0,tenor,61.0,45.0,Db,,3,4,,yes,yes,S,n,V,_,IV,_,1.0,M,Eb,3.0,Mm7,Ab,8.0,M,3.0,b7,7,b,-3.0,-4.0,1
205,207,44.0,note,3.0,alto,63.0,45.0,Eb,,3,4,,yes,yes,R,n,V,_,IV,_,1.0,M,Eb,3.0,Mm7,Ab,8.0,M,3.0,1,1,_,-3.0,-4.0,1
206,208,44.0,note,4.0,soprn,70.0,45.0,Bb,,3,4,,yes,yes,F,n,V,_,IV,_,1.0,M,Eb,3.0,Mm7,Ab,8.0,M,3.0,5,5,_,-3.0,-4.0,1
207,209,45.0,bar,,,,48.0,,,3,4,,na,na,na,na,na,na,na,na,,na,na,,na,na,,na,,na,na,na,,,0
208,210,45.0,note,1.0,bass,44.0,45.5,Ab,,3,4,,yes,yes,R,y,IV,_,I,_,0.0,M,Eb,3.0,M,Eb,3.0,M,8.0,4,4,_,-3.0,-3.0,0
209,211,45.0,note,2.0,tenor,60.0,45.5,C,,3,4,,yes,yes,T,n,IV,_,I,_,0.0,M,Eb,3.0,M,Eb,3.0,M,8.0,6,6,_,-3.0,-3.0,0
210,212,45.0,note,3.0,alto,63.0,45.5,Eb,,3,4,,yes,yes,F,n,IV,_,I,_,0.0,M,Eb,3.0,M,Eb,3.0,M,8.0,1,1,_,-3.0,-3.0,0
211,213,45.0,note,4.0,soprn,72.0,45.5,C,,3,4,,yes,yes,T,n,IV,_,I,_,0.0,M,Eb,3.0,M,Eb,3.0,M,8.0,6,6,_,-3.0,-3.0,0
212,214,45.5,note,1.0,bass,44.0,46.0,Ab,,3,4,,yes,no,R,y,IV,_,I,_,0.0,M,Eb,3.0,M,Eb,3.0,M,8.0,4,4,_,-3.0,-3.0,0
213,215,45.5,note,2.0,tenor,58.0,46.0,Bb,,3,4,,no,no,x,n,IV,_,I,_,0.0,M,Eb,3.0,M,Eb,3.0,M,8.0,5,5,_,-3.0,-3.0,0
214,216,45.5,note,3.0,alto,63.0,46.0,Eb,,3,4,,yes,no,F,n,IV,_,I,_,0.0,M,Eb,3.0,M,Eb,3.0,M,8.0,1,1,_,-3.0,-3.0,0
215,217,45.5,note,4.0,soprn,72.0,46.0,C,,3,4,,yes,no,T,n,IV,_,I,_,0.0,M,Eb,3.0,M,Eb,3.0,M,8.0,6,6,_,-3.0,-3.0,0
216,218,46.0,note,1.0,bass,44.0,46.5,Ab,,3,4,,yes,yes,T,y,II,_,I,_,1.0,M,Eb,3.0,m,Eb,3.0,M,5.0,4,4,_,-3.0,-3.0,0
217,219,46.0,note,2.0,tenor,60.0,46.5,C,,3,4,,yes,yes,F,n,II,_,I,_,1.0,M,Eb,3.0,m,Eb,3.0,M,5.0,6,6,_,-3.0,-3.0,0
218,220,46.0,note,3.0,alto,65.0,46.5,F,,3,4,,yes,yes,R,n,II,_,I,_,1.0,M,Eb,3.0,m,Eb,3.0,M,5.0,2,2,_,-3.0,-3.0,0
219,221,46.0,note,4.0,soprn,72.0,46.5,C,,3,4,,yes,yes,F,n,II,_,I,_,1.0,M,Eb,3.0,m,Eb,3.0,M,5.0,6,6,_,-3.0,-3.0,0
220,222,46.5,note,1.0,bass,44.0,47.0,Ab,,3,4,,yes,yes,F,y,VII,_,I,_,2.0,M,Eb,3.0,o,Eb,3.0,M,2.0,4,4,_,-3.0,-3.0,0
221,223,46.5,note,2.0,tenor,60.0,47.0,C,,3,4,,no,yes,x,n,VII,_,I,_,2.0,M,Eb,3.0,o,Eb,3.0,M,2.0,6,6,_,-3.0,-3.0,0
222,224,46.5,note,3.0,alto,65.0,47.0,F,,3,4,,yes,yes,T,n,VII,_,I,_,2.0,M,Eb,3.0,o,Eb,3.0,M,2.0,2,2,_,-3.0,-3.0,0
223,225,46.5,note,4.0,soprn,74.0,47.0,D,,3,4,,yes,yes,R,n,VII,_,I,_,2.0,M,Eb,3.0,o,Eb,3.0,M,2.0,7,7,_,-3.0,-3.0,0
224,226,47.0,note,1.0,bass,43.0,47.5,G,,3,4,,yes,yes,T,y,I,_,I,_,1.0,M,Eb,3.0,M,Eb,3.0,M,3.0,3,3,_,-3.0,-3.0,0
225,227,47.0,note,2.0,tenor,58.0,47.5,Bb,,3,4,,yes,yes,F,n,I,_,I,_,1.0,M,Eb,3.0,M,Eb,3.0,M,3.0,5,5,_,-3.0,-3.0,0
226,228,47.0,note,3.0,alto,67.0,47.5,G,,3,4,,yes,yes,T,y,I,_,I,_,1.0,M,Eb,3.0,M,Eb,3.0,M,3.0,3,3,_,-3.0,-3.0,0
227,229,47.0,note,4.0,soprn,75.0,47.5,Eb,,3,4,,yes,yes,R,n,I,_,I,_,1.0,M,Eb,3.0,M,Eb,3.0,M,3.0,1,1,_,-3.0,-3.0,0
228,230,47.5,note,1.0,bass,44.0,48.0,Ab,,3,4,,no,no,x,n,I,_,I,_,1.0,M,Eb,3.0,M,Eb,3.0,M,3.0,4,4,_,-3.0,-3.0,0
229,231,47.5,note,2.0,tenor,58.0,48.0,Bb,,3,4,,yes,no,F,n,I,_,I,_,1.0,M,Eb,3.0,M,Eb,3.0,M,3.0,5,5,_,-3.0,-3.0,0
230,232,47.5,note,3.0,alto,67.0,48.0,G,,3,4,,yes,no,T,y,I,_,I,_,1.0,M,Eb,3.0,M,Eb,3.0,M,3.0,3,3,_,-3.0,-3.0,0
231,233,47.5,note,4.0,soprn,75.0,48.0,Eb,,3,4,,yes,no,R,n,I,_,I,_,1.0,M,Eb,3.0,M,Eb,3.0,M,3.0,1,1,_,-3.0,-3.0,0
232,234,48.0,bar,,,,51.0,,,3,4,,na,na,na,na,na,na,na,na,,na,na,,na,na,,na,,na,na,na,,,0
233,235,48.0,note,1.0,bass,46.0,49.0,Bb,,3,4,,yes,yes,F,y,I,_,I,_,2.0,M,Eb,3.0,M,Eb,3.0,M,3.0,5,5,_,-3.0,-3.0,0
234,236,48.0,note,2.0,tenor,58.0,49.0,Bb,,3,4,,yes,yes,F,y,I,_,I,_,2.0,M,Eb,3.0,M,Eb,3.0,M,3.0,5,5,_,-3.0,-3.0,0
235,237,48.0,note,3.0,alto,67.0,49.0,G,,3,4,,yes,yes,T,n,I,_,I,_,2.0,M,Eb,3.0,M,Eb,3.0,M,3.0,3,3,_,-3.0,-3.0,0
236,238,48.0,note,4.0,soprn,75.0,49.0,Eb,,3,4,,yes,yes,R,n,I,_,I,_,2.0,M,Eb,3.0,M,Eb,3.0,M,3.0,1,1,_,-3.0,-3.0,0
237,239,49.0,note,1.0,bass,46.0,49.5,Bb,,3,4,,yes,yes,R,y,V,_,I,_,0.0,M,Eb,3.0,M,Eb,3.0,M,10.0,5,5,_,-3.0,-3.0,0
238,240,49.0,note,2.0,tenor,58.0,49.5,Bb,,3,4,,yes,yes,R,y,V,_,I,_,0.0,M,Eb,3.0,M,Eb,3.0,M,10.0,5,5,_,-3.0,-3.0,0
239,241,49.0,note,3.0,alto,65.0,49.5,F,,3,4,,yes,yes,F,n,V,_,I,_,0.0,M,Eb,3.0,M,Eb,3.0,M,10.0,2,2,_,-3.0,-3.0,0
240,242,49.0,note,4.0,soprn,75.0,49.5,Eb,,3,4,,no,yes,x,n,V,_,I,_,0.0,M,Eb,3.0,M,Eb,3.0,M,10.0,1,1,_,-3.0,-3.0,0
241,243,49.5,note,1.0,bass,46.0,50.0,Bb,,3,4,,yes,no,R,y,V,_,I,_,0.0,M,Eb,3.0,M,Eb,3.0,M,10.0,5,5,_,-3.0,-3.0,0
242,244,49.5,note,2.0,tenor,58.0,50.0,Bb,,3,4,,yes,no,R,y,V,_,I,_,0.0,M,Eb,3.0,M,Eb,3.0,M,10.0,5,5,_,-3.0,-3.0,0
243,245,49.5,note,3.0,alto,63.0,50.0,Eb,,3,4,,no,no,x,n,V,_,I,_,0.0,M,Eb,3.0,M,Eb,3.0,M,10.0,1,1,_,-3.0,-3.0,0
244,246,49.5,note,4.0,soprn,75.0,50.0,Eb,,3,4,,no,no,x,n,V,_,I,_,0.0,M,Eb,3.0,M,Eb,3.0,M,10.0,1,1,_,-3.0,-3.0,0
245,247,50.0,note,1.0,bass,46.0,50.5,Bb,,3,4,,yes,no,R,y,V,_,I,_,0.0,M,Eb,3.0,M,Eb,3.0,M,10.0,5,5,_,-3.0,-3.0,0
246,248,50.0,note,2.0,tenor,58.0,50.5,Bb,,3,4,,yes,no,R,y,V,_,I,_,0.0,M,Eb,3.0,M,Eb,3.0,M,10.0,5,5,_,-3.0,-3.0,0
247,249,50.0,note,3.0,alto,65.0,50.5,F,,3,4,,yes,no,F,n,V,_,I,_,0.0,M,Eb,3.0,M,Eb,3.0,M,10.0,2,2,_,-3.0,-3.0,0
248,250,50.0,note,4.0,soprn,74.0,50.5,D,,3,4,,yes,no,T,n,V,_,I,_,0.0,M,Eb,3.0,M,Eb,3.0,M,10.0,7,7,_,-3.0,-3.0,0
249,251,50.5,note,1.0,bass,46.0,51.0,Bb,,3,4,,yes,yes,R,y,V,_,I,_,0.0,M,Eb,3.0,Mm7,Eb,3.0,M,10.0,5,5,_,-3.0,-3.0,0
250,252,50.5,note,2.0,tenor,58.0,51.0,Bb,,3,4,,yes,yes,R,y,V,_,I,_,0.0,M,Eb,3.0,Mm7,Eb,3.0,M,10.0,5,5,_,-3.0,-3.0,0
251,253,50.5,note,3.0,alto,68.0,51.0,Ab,,3,4,,yes,yes,S,n,V,_,I,_,0.0,M,Eb,3.0,Mm7,Eb,3.0,M,10.0,4,4,_,-3.0,-3.0,0
252,254,50.5,note,4.0,soprn,74.0,51.0,D,,3,4,,yes,yes,T,n,V,_,I,_,0.0,M,Eb,3.0,Mm7,Eb,3.0,M,10.0,7,7,_,-3.0,-3.0,0
253,255,51.0,bar,,,,54.0,,,3,4,,na,na,na,na,na,na,na,na,,na,na,,na,na,,na,,na,na,na,,,0
254,256,51.0,note,1.0,bass,39.0,54.0,Eb,,3,4,,yes,yes,R,y,I,_,I,_,0.0,M,Eb,3.0,M,Eb,3.0,M,3.0,1,1,_,-3.0,-3.0,0
255,257,51.0,note,2.0,tenor,58.0,54.0,Bb,,3,4,,yes,yes,F,n,I,_,I,_,0.0,M,Eb,3.0,M,Eb,3.0,M,3.0,5,5,_,-3.0,-3.0,0
256,258,51.0,note,3.0,alto,67.0,54.0,G,,3,4,,yes,yes,T,n,I,_,I,_,0.0,M,Eb,3.0,M,Eb,3.0,M,3.0,3,3,_,-3.0,-3.0,0
257,259,51.0,note,4.0,soprn,75.0,54.0,Eb,,3,4,,yes,yes,R,y,I,_,I,_,0.0,M,Eb,3.0,M,Eb,3.0,M,3.0,1,1,_,-3.0,-3.0,0
