,original_index,onset,type,track,instrument,pitch,release,spelling,other,ts_numerator,ts_denominator,duplicated_indices,chord_tone,harmony_onset,chord_factors,bass_pcs,primary_degree,primary_alteration,secondary_degree,secondary_alteration,inversion,mode,key,key_pc,quality,granular_key,granular_key_pc,granular_mode,root_pc,scale_degree,scale_degree_step,scale_degree_alteration,key_signature,granular_key_signature,tonicization
0,0,0.0,time_signature,,,,,,"{""numerator"": 3, ""denominator"": 4}",3,4,,na,na,na,na,na,na,na,na,,na,na,,na,na,,na,,na,na,na,,,0
1,1,0.0,bar,,,,0.0625,,,4,4,,na,na,na,na,na,na,na,na,,na,na,,na,na,,na,,na,na,na,,,0
2,2,0.0,bar,,,,3.0,,,3,4,,na,na,na,na,na,na,na,na,,na,na,,na,na,,na,,na,na,na,,,0
3,3,0.0,note,1.0,bass,48.0,1.0,C,,3,4,,yes,yes,R,y,I,_,I,_,0.0,M,C,0.0,M,C,0.0,M,0.0,1,1,_,0.0,0.0,0
4,4,0.0,note,2.0,tenor,55.0,1.0,G,,3,4,,yes,yes,F,n,I,_,I,_,0.0,M,C,0.0,M,C,0.0,M,0.0,5,5,_,0.0,0.0,0
5,5,0.0,note,3.0,alto,64.0,1.0,E,,3,4,,yes,yes,T,n,I,_,I,_,0.0,M,C,0.0,M,C,0.0,M,0.0,3,3,_,0.0,0.0,0
6,6,0.0,note,4.0,soprn,72.0,1.0,C,,3,4,,yes,yes,R,y,I,_,I,_,0.0,M,C,0.0,M,C,0.0,M,0.0,1,1,_,0.0,0.0,0
7,7,1.0,note,1.0,bass,52.0,2.0,E,,3,4,,yes,yes,T,y,I,_,I,_,1.0,M,C,0.0,M,C,0.0,M,0.0,3,3,_,0.0,0.0,0
8,8,1.0,note,2.0,tenor,60.0,2.0,C,,3,4,,yes,yes,R,n,I,_,I,_,1.0,M,C,0.0,M,C,0.0,M,0.0,1,1,_,0.0,0.0,0
9,9,1.0,note,3.0,alto,67.0,2.0,G,,3,4,,yes,yes,F,n,I,_,I,_,1.0,M,C,0.0,M,C,0.0,M,0.0,5,5,_,0.0,0.0,0
10,10,1.0,note,4.0,soprn,72.0,2.0,C,,3,4,,yes,yes,R,n,I,_,I,_,1.0,M,C,0.0,M,C,0.0,M,0.0,1,1,_,0.0,0.0,0
11,11,2.0,note,1.0,bass,48.0,3.0,C,,3,4,,yes,yes,R,y,I,_,I,_,0.0,M,C,0.0,M,C,0.0,M,0.0,1,1,_,0.0,0.0,0
12,12,2.0,note,2.0,tenor,64.0,3.0,E,,3,4,,yes,yes,T,n,I,_,I,_,0.0,M,C,0.0,M,C,0.0,M,0.0,3,3,_,0.0,0.0,0
13,13,2.0,note,3.0,alto,67.0,3.0,G,,3,4,,yes,yes,F,n,I,_,I,_,0.0,M,C,0.0,M,C,0.0,M,0.0,5,5,_,0.0,0.0,0
14,14,2.0,note,4.0,soprn,72.0,3.0,C,,3,4,,yes,yes,R,y,I,_,I,_,0.0,M,C,0.0,M,C,0.0,M,0.0,1,1,_,0.0,0.0,0
15,15,3.0,bar,,,,6.0,,,3,4,,na,na,na,na,na,na,na,na,,na,na,,na,na,,na,,na,na,na,,,0
16,16,3.0,note,1.0,bass,53.0,4.0,F,,3,4,,yes,yes,R,y,IV,_,I,_,0.0,M,C,0.0,M,C,0.0,M,5.0,4,4,_,0.0,0.0,0
17,17,3.0,note,2.0,tenor,60.0,4.0,C,,3,4,,yes,yes,F,n,IV,_,I,_,0.0,M,C,0.0,M,C,0.0,M,5.0,1,1,_,0.0,0.0,0
18,18,3.0,note,3.0,alto,65.0,4.0,F,,3,4,,yes,yes,R,y,IV,_,I,_,0.0,M,C,0.0,M,C,0.0,M,5.0,4,4,_,0.0,0.0,0
19,19,3.0,note,4.0,soprn,69.0,4.0,A,,3,4,,yes,yes,T,n,IV,_,I,_,0.0,M,C,0.0,M,C,0.0,M,5.0,6,6,_,0.0,0.0,0
20,20,4.0,note,1.0,bass,53.0,5.0,F,,3,4,,yes,yes,S,y,V,_,I,_,3.0,M,C,0.0,Mm7,C,0.0,M,7.0,4,4,_,0.0,0.0,0
21,21,4.0,note,2.0,tenor,62.0,5.0,D,,3,4,,yes,yes,F,n,V,_,I,_,3.0,M,C,0.0,Mm7,C,0.0,M,7.0,2,2,_,0.0,0.0,0
22,22,4.0,note,3.0,alto,67.0,5.0,G,,3,4,,yes,yes,R,n,V,_,I,_,3.0,M,C,0.0,Mm7,C,0.0,M,7.0,5,5,_,0.0,0.0,0
23,23,4.0,note,4.0,soprn,71.0,5.0,B,,3,4,,yes,yes,T,n,V,_,I,_,3.0,M,C,0.0,Mm7,C,0.0,M,7.0,7,7,_,0.0,0.0,0
24,24,5.0,note,1.0,bass,52.0,6.0,E,,3,4,,yes,yes,T,y,I,_,I,_,1.0,M,C,0.0,M,C,0.0,M,0.0,3,3,_,0.0,0.0,0
25,25,5.0,note,2.0,tenor,64.0,6.0,E,,3,4,,yes,yes,T,y,I,_,I,_,1.0,M,C,0.0,M,C,0.0,M,0.0,3,3,_,0.0,0.0,0
26,26,5.0,note,3.0,alto,67.0,6.0,G,,3,4,,yes,yes,F,n,I,_,I,_,1.0,M,C,0.0,M,C,0.0,M,0.0,5,5,_,0.0,0.0,0
27,27,5.0,note,4.0,soprn,72.0,6.0,C,,3,4,,yes,yes,R,n,I,_,I,_,1.0,M,C,0.0,M,C,0.0,M,0.0,1,1,_,0.0,0.0,0
28,28,6.0,bar,,,,9.0,,,3,4,,na,na,na,na,na,na,na,na,,na,na,,na,na,,na,,na,na,na,,,0
29,29,6.0,note,1.0,bass,54.0,7.0,F#,,3,4,,yes,yes,T,y,V,_,I,_,1.0,M,G,7.0,M,G,7.0,M,2.0,7,7,_,1.0,1.0,0
30,30,6.0,note,2.0,tenor,62.0,7.0,D,,3,4,,yes,yes,R,n,V,_,I,_,1.0,M,G,7.0,M,G,7.0,M,2.0,5,5,_,1.0,1.0,0
31,31,6.0,note,3.0,alto,69.0,7.0,A,,3,4,,yes,yes,F,n,V,_,I,_,1.0,M,G,7.0,M,G,7.0,M,2.0,2,2,_,1.0,1.0,0
32,32,6.0,note,4.0,soprn,74.0,7.0,D,,3,4,,yes,yes,R,n,V,_,I,_,1.0,M,G,7.0,M,G,7.0,M,2.0,5,5,_,1.0,1.0,0
33,33,7.0,note,1.0,bass,54.0,8.0,F#,,3,4,,yes,yes,T,y,V,_,I,_,1.0,M,G,7.0,Mm7,G,7.0,M,2.0,7,7,_,1.0,1.0,0
34,34,7.0,note,2.0,tenor,62.0,8.0,D,,3,4,,yes,yes,R,n,V,_,I,_,1.0,M,G,7.0,Mm7,G,7.0,M,2.0,5,5,_,1.0,1.0,0
35,35,7.0,note,3.0,alto,69.0,8.0,A,,3,4,,yes,yes,F,n,V,_,I,_,1.0,M,G,7.0,Mm7,G,7.0,M,2.0,2,2,_,1.0,1.0,0
36,36,7.0,note,4.0,soprn,72.0,8.0,C,,3,4,,yes,yes,S,n,V,_,I,_,1.0,M,G,7.0,Mm7,G,7.0,M,2.0,4,4,_,1.0,1.0,0
37,37,8.0,note,1.0,bass,55.0,9.0,G,,3,4,,yes,yes,R,y,I,_,I,_,0.0,M,G,7.0,M,G,7.0,M,7.0,1,1,_,1.0,1.0,0
38,38,8.0,note,2.0,tenor,62.0,9.0,D,,3,4,,yes,yes,F,n,I,_,I,_,0.0,M,G,7.0,M,G,7.0,M,7.0,5,5,_,1.0,1.0,0
39,39,8.0,note,3.0,alto,67.0,9.0,G,,3,4,,yes,yes,R,y,I,_,I,_,0.0,M,G,7.0,M,G,7.0,M,7.0,1,1,_,1.0,1.0,0
40,40,8.0,note,4.0,soprn,71.0,9.0,B,,3,4,,yes,yes,T,n,I,_,I,_,0.0,M,G,7.0,M,G,7.0,M,7.0,3,3,_,1.0,1.0,0
41,41,9.0,bar,,,,12.0,,,3,4,,na,na,na,na,na,na,na,na,,na,na,,na,na,,na,,na,na,na,,,0
42,42,9.0,note,1.0,bass,50.0,12.0,D,,3,4,,yes,yes,R,y,V,_,I,_,0.0,M,G,7.0,M,G,7.0,M,2.0,5,5,_,1.0,1.0,0
43,43,9.0,note,2.0,tenor,62.0,12.0,D,,3,4,,yes,yes,R,y,V,_,I,_,0.0,M,G,7.0,M,G,7.0,M,2.0,5,5,_,1.0,1.0,0
44,44,9.0,note,3.0,alto,66.0,12.0,F#,,3,4,,yes,yes,T,n,V,_,I,_,0.0,M,G,7.0,M,G,7.0,M,2.0,7,7,_,1.0,1.0,0
45,45,9.0,note,4.0,soprn,69.0,12.0,A,,3,4,,yes,yes,F,n,V,_,I,_,0.0,M,G,7.0,M,G,7.0,M,2.0,2,2,_,1.0,1.0,0
46,46,12.0,bar,,,,15.0,,,3,4,,na,na,na,na,na,na,na,na,,na,na,,na,na,,na,,na,na,na,,,0
47,47,12.0,note,1.0,bass,50.0,13.0,D,,3,4,,yes,no,R,y,V,_,I,_,0.0,M,G,7.0,M,G,7.0,M,2.0,5,5,_,1.0,1.0,0
48,48,12.0,note,2.0,tenor,62.0,13.0,D,,3,4,,yes,no,R,y,V,_,I,_,0.0,M,G,7.0,M,G,7.0,M,2.0,5,5,_,1.0,1.0,0
49,49,12.0,note,3.0,alto,66.0,13.0,F#,,3,4,,yes,no,T,n,V,_,I,_,0.0,M,G,7.0,M,G,7.0,M,2.0,7,7,_,1.0,1.0,0
50,50,12.0,note,4.0,soprn,69.0,13.0,A,,3,4,,yes,no,F,n,V,_,I,_,0.0,M,G,7.0,M,G,7.0,M,2.0,2,2,_,1.0,1.0,0
51,51,13.0,note,1.0,bass,55.0,14.0,G,,3,4,,yes,yes,R,y,I,_,I,_,0.0,M,G,7.0,M,G,7.0,M,7.0,1,1,_,1.0,1.0,0
52,52,13.0,note,2.0,tenor,62.0,14.0,D,,3,4,,yes,yes,F,n,I,_,I,_,0.0,M,G,7.0,M,G,7.0,M,7.0,5,5,_,1.0,1.0,0
53,53,13.0,note,3.0,alto,67.0,14.0,G,,3,4,,yes,yes,R,y,I,_,I,_,0.0,M,G,7.0,M,G,7.0,M,7.0,1,1,_,1.0,1.0,0
54,54,13.0,note,4.0,soprn,71.0,14.0,B,,3,4,,yes,yes,T,n,I,_,I,_,0.0,M,G,7.0,M,G,7.0,M,7.0,3,3,_,1.0,1.0,0
55,55,14.0,note,1.0,bass,52.0,15.0,E,,3,4,,yes,yes,T,y,IV,_,I,_,1.0,M,G,7.0,M,G,7.0,M,0.0,6,6,_,1.0,1.0,0
56,56,14.0,note,2.0,tenor,64.0,15.0,E,,3,4,,yes,yes,T,y,IV,_,I,_,1.0,M,G,7.0,M,G,7.0,M,0.0,6,6,_,1.0,1.0,0
57,57,14.0,note,3.0,alto,67.0,15.0,G,,3,4,,yes,yes,F,n,IV,_,I,_,1.0,M,G,7.0,M,G,7.0,M,0.0,1,1,_,1.0,1.0,0
58,58,14.0,note,4.0,soprn,72.0,15.0,C,,3,4,,yes,yes,R,n,IV,_,I,_,1.0,M,G,7.0,M,G,7.0,M,0.0,4,4,_,1.0,1.0,0
59,59,15.0,bar,,,,18.0,,,3,4,,na,na,na,na,na,na,na,na,,na,na,,na,na,,na,,na,na,na,,,0
60,60,15.0,note,1.0,bass,47.0,17.0,B,,3,4,,yes,yes,T,y,I,_,I,_,1.0,M,G,7.0,M,G,7.0,M,7.0,3,3,_,1.0,1.0,0
61,61,15.0,note,2.0,tenor,62.0,17.0,D,,3,4,,yes,yes,F,n,I,_,I,_,1.0,M,G,7.0,M,G,7.0,M,7.0,5,5,_,1.0,1.0,0
62,62,15.0,note,3.0,alto,67.0,17.0,G,,3,4,,yes,yes,R,n,I,_,I,_,1.0,M,G,7.0,M,G,7.0,M,7.0,1,1,_,1.0,1.0,0
63,63,15.0,note,4.0,soprn,74.0,17.0,D,,3,4,,yes,yes,F,n,I,_,I,_,1.0,M,G,7.0,M,G,7.0,M,7.0,5,5,_,1.0,1.0,0
64,64,17.0,note,1.0,bass,48.0,18.0,C,,3,4,,yes,yes,R,y,IV,_,I,_,0.0,M,G,7.0,M,G,7.0,M,0.0,4,4,_,1.0,1.0,0
65,65,17.0,note,2.0,tenor,64.0,18.0,E,,3,4,,yes,yes,T,n,IV,_,I,_,0.0,M,G,7.0,M,G,7.0,M,0.0,6,6,_,1.0,1.0,0
66,66,17.0,note,3.0,alto,67.0,18.0,G,,3,4,,yes,yes,F,n,IV,_,I,_,0.0,M,G,7.0,M,G,7.0,M,0.0,1,1,_,1.0,1.0,0
67,67,17.0,note,4.0,soprn,72.0,18.0,C,,3,4,,yes,yes,R,y,IV,_,I,_,0.0,M,G,7.0,M,G,7.0,M,0.0,4,4,_,1.0,1.0,0
68,68,18.0,bar,,,,21.0,,,3,4,,na,na,na,na,na,na,na,na,,na,na,,na,na,,na,,na,na,na,,,0
69,69,18.0,note,1.0,bass,55.0,19.0,G,,3,4,,yes,yes,R,y,I,_,I,_,0.0,M,G,7.0,M,G,7.0,M,7.0,1,1,_,1.0,1.0,0
70,70,18.0,note,2.0,tenor,62.0,19.0,D,,3,4,,yes,yes,F,n,I,_,I,_,0.0,M,G,7.0,M,G,7.0,M,7.0,5,5,_,1.0,1.0,0
71,71,18.0,note,3.0,alto,67.0,19.0,G,,3,4,,yes,yes,R,y,I,_,I,_,0.0,M,G,7.0,M,G,7.0,M,7.0,1,1,_,1.0,1.0,0
72,72,18.0,note,4.0,soprn,71.0,19.0,B,,3,4,,yes,yes,T,n,I,_,I,_,0.0,M,G,7.0,M,G,7.0,M,7.0,3,3,_,1.0,1.0,0
73,73,19.0,note,1.0,bass,50.0,20.0,D,,3,4,,yes,yes,R,y,V,_,I,_,0.0,M,G,7.0,M,G,7.0,M,2.0,5,5,_,1.0,1.0,0
74,74,19.0,note,2.0,tenor,62.0,20.0,D,,3,4,,yes,yes,R,y,V,_,I,_,0.0,M,G,7.0,M,G,7.0,M,2.0,5,5,_,1.0,1.0,0
75,75,19.0,note,3.0,alto,67.0,20.0,G,,3,4,,no,yes,x,n,V,_,I,_,0.0,M,G,7.0,M,G,7.0,M,2.0,1,1,_,1.0,1.0,0
76,76,19.0,note,4.0,soprn,69.0,20.0,A,,3,4,,yes,yes,F,n,V,_,I,_,0.0,M,G,7.0,M,G,7.0,M,2.0,2,2,_,1.0,1.0,0
77,77,20.0,note,1.0,bass,50.0,20.5,D,,3,4,,yes,no,R,y,V,_,I,_,0.0,M,G,7.0,M,G,7.0,M,2.0,5,5,_,1.0,1.0,0
78,78,20.0,note,2.0,tenor,62.0,20.5,D,,3,4,,yes,no,R,y,V,_,I,_,0.0,M,G,7.0,M,G,7.0,M,2.0,5,5,_,1.0,1.0,0
79,79,20.0,note,3.0,alto,66.0,20.5,F#,,3,4,,yes,no,T,n,V,_,I,_,0.0,M,G,7.0,M,G,7.0,M,2.0,7,7,_,1.0,1.0,0
80,80,20.0,note,4.0,soprn,69.0,20.5,A,,3,4,,yes,no,F,n,V,_,I,_,0.0,M,G,7.0,M,G,7.0,M,2.0,2,2,_,1.0,1.0,0
81,81,20.5,note,1.0,bass,50.0,21.0,D,,3,4,,yes,yes,R,y,V,_,I,_,0.0,M,G,7.0,Mm7,G,7.0,M,2.0,5,5,_,1.0,1.0,0
82,82,20.5,note,2.0,tenor,60.0,21.0,C,,3,4,,yes,yes,S,n,V,_,I,_,0.0,M,G,7.0,Mm7,G,7.0,M,2.0,4,4,_,1.0,1.0,0
83,83,20.5,note,3.0,alto,66.0,21.0,F#,,3,4,,yes,yes,T,n,V,_,I,_,0.0,M,G,7.0,Mm7,G,7.0,M,2.0,7,7,_,1.0,1.0,0
84,84,20.5,note,4.0,soprn,69.0,21.0,A,,3,4,,yes,yes,F,n,V,_,I,_,0.0,M,G,7.0,Mm7,G,7.0,M,2.0,2,2,_,1.0,1.0,0
85,85,21.0,bar,,,,24.0,,,3,4,,na,na,na,na,na,na,na,na,,na,na,,na,na,,na,,na,na,na,,,0
86,86,21.0,note,1.0,bass,43.0,24.0,G,,3,4,,yes,yes,R,y,I,_,I,_,0.0,M,G,7.0,M,G,7.0,M,7.0,1,1,_,1.0,1.0,0
87,87,21.0,note,2.0,tenor,59.0,24.0,B,,3,4,,yes,yes,T,n,I,_,I,_,0.0,M,G,7.0,M,G,7.0,M,7.0,3,3,_,1.0,1.0,0
88,88,21.0,note,3.0,alto,67.0,24.0,G,,3,4,"88,89",yes,yes,R,y,I,_,I,_,0.0,M,G,7.0,M,G,7.0,M,7.0,1,1,_,1.0,1.0,0
89,90,24.0,bar,,,,27.0,,,3,4,,na,na,na,na,na,na,na,na,,na,na,,na,na,,na,,na,na,na,,,0
90,91,24.0,note,1.0,bass,60.0,25.0,C,,3,4,"91,92",yes,yes,R,y,I,_,I,_,0.0,M,C,0.0,M,C,0.0,M,0.0,1,1,_,0.0,0.0,0
91,93,24.0,note,3.0,alto,67.0,25.0,G,,3,4,,yes,yes,F,n,I,_,I,_,0.0,M,C,0.0,M,C,0.0,M,0.0,5,5,_,0.0,0.0,0
92,94,24.0,note,4.0,soprn,76.0,25.0,E,,3,4,,yes,yes,T,n,I,_,I,_,0.0,M,C,0.0,M,C,0.0,M,0.0,3,3,_,0.0,0.0,0
93,95,25.0,note,1.0,bass,56.0,26.0,G#,,3,4,,yes,yes,T,y,V,_,VI,_,1.0,M,C,0.0,M,a,9.0,m,4.0,#5,5,#,0.0,0.0,1
94,96,25.0,note,2.0,tenor,59.0,26.0,B,,3,4,,yes,yes,F,n,V,_,VI,_,1.0,M,C,0.0,M,a,9.0,m,4.0,7,7,_,0.0,0.0,1
95,97,25.0,note,3.0,alto,64.0,26.0,E,,3,4,,yes,yes,R,n,V,_,VI,_,1.0,M,C,0.0,M,a,9.0,m,4.0,3,3,_,0.0,0.0,1
96,98,25.0,note,4.0,soprn,76.0,26.0,E,,3,4,,yes,yes,R,n,V,_,VI,_,1.0,M,C,0.0,M,a,9.0,m,4.0,3,3,_,0.0,0.0,1
97,99,26.0,note,1.0,bass,52.0,27.0,E,,3,4,,yes,yes,R,y,V,_,VI,_,0.0,M,C,0.0,M,a,9.0,m,4.0,3,3,_,0.0,0.0,1
98,100,26.0,note,2.0,tenor,64.0,27.0,E,,3,4,,yes,yes,R,y,V,_,VI,_,0.0,M,C,0.0,M,a,9.0,m,4.0,3,3,_,0.0,0.0,1
99,101,26.0,note,3.0,alto,68.0,27.0,G#,,3,4,,yes,yes,T,n,V,_,VI,_,0.0,M,C,0.0,M,a,9.0,m,4.0,#5,5,#,0.0,0.0,1
100,102,26.0,note,4.0,soprn,76.0,27.0,E,,3,4,,yes,yes,R,y,V,_,VI,_,0.0,M,C,0.0,M,a,9.0,m,4.0,3,3,_,0.0,0.0,1
101,103,27.0,bar,,,,30.0,,,3,4,,na,na,na,na,na,na,na,na,,na,na,,na,na,,na,,na,na,na,,,0
102,104,27.0,note,1.0,bass,57.0,28.0,A,,3,4,,yes,yes,R,y,VI,_,I,_,0.0,M,C,0.0,m,C,0.0,M,9.0,6,6,_,0.0,0.0,0
103,105,27.0,note,2.0,tenor,64.0,28.0,E,,3,4,,yes,yes,F,n,VI,_,I,_,0.0,M,C,0.0,m,C,0.0,M,9.0,3,3,_,0.0,0.0,0
104,106,27.0,note,3.0,alto,69.0,28.0,A,,3,4,,yes,yes,R,y,VI,_,I,_,0.0,M,C,0.0,m,C,0.0,M,9.0,6,6,_,0.0,0.0,0
105,107,27.0,note,4.0,soprn,72.0,28.0,C,,3,4,,yes,yes,T,n,VI,_,I,_,0.0,M,C,0.0,m,C,0.0,M,9.0,1,1,_,0.0,0.0,0
106,108,28.0,note,1.0,bass,57.0,29.0,A,,3,4,,yes,no,R,y,VI,_,I,_,0.0,M,C,0.0,m,C,0.0,M,9.0,6,6,_,0.0,0.0,0
107,109,28.0,note,2.0,tenor,65.0,29.0,F,,3,4,,no,no,x,n,VI,_,I,_,0.0,M,C,0.0,m,C,0.0,M,9.0,4,4,_,0.0,0.0,0
108,110,28.0,note,3.0,alto,71.0,29.0,B,,3,4,,no,no,x,n,VI,_,I,_,0.0,M,C,0.0,m,C,0.0,M,9.0,7,7,_,0.0,0.0,0
109,111,28.0,note,4.0,soprn,74.0,29.0,D,,3,4,,no,no,x,n,VI,_,I,_,0.0,M,C,0.0,m,C,0.0,M,9.0,2,2,_,0.0,0.0,0
110,112,29.0,note,1.0,bass,45.0,30.0,A,,3,4,,yes,yes,R,y,V,_,II,_,0.0,M,C,0.0,Mm7,d,2.0,m,9.0,6,6,_,0.0,-1.0,1
111,113,29.0,note,2.0,tenor,67.0,30.0,G,,3,4,,yes,yes,S,n,V,_,II,_,0.0,M,C,0.0,Mm7,d,2.0,m,9.0,5,5,_,0.0,-1.0,1
112,114,29.0,note,3.0,alto,73.0,30.0,C#,,3,4,,yes,yes,T,n,V,_,II,_,0.0,M,C,0.0,Mm7,d,2.0,m,9.0,#1,1,#,0.0,-1.0,1
113,115,29.0,note,4.0,soprn,76.0,30.0,E,,3,4,,yes,yes,F,n,V,_,II,_,0.0,M,C,0.0,Mm7,d,2.0,m,9.0,3,3,_,0.0,-1.0,1
114,116,30.0,bar,,,,33.0,,,3,4,,na,na,na,na,na,na,na,na,,na,na,,na,na,,na,,na,na,na,,,0
115,117,30.0,note,1.0,bass,50.0,31.0,D,,3,4,,yes,yes,R,y,II,_,I,_,0.0,M,C,0.0,m,C,0.0,M,2.0,2,2,_,0.0,0.0,0
116,118,30.0,note,2.0,tenor,65.0,31.0,F,,3,4,,yes,yes,T,n,II,_,I,_,0.0,M,C,0.0,m,C,0.0,M,2.0,4,4,_,0.0,0.0,0
117,119,30.0,note,3.0,alto,74.0,31.0,D,,3,4,,yes,yes,R,y,II,_,I,_,0.0,M,C,0.0,m,C,0.0,M,2.0,2,2,_,0.0,0.0,0
118,120,30.0,note,4.0,soprn,77.0,31.0,F,,3,4,,yes,yes,T,n,II,_,I,_,0.0,M,C,0.0,m,C,0.0,M,2.0,4,4,_,0.0,0.0,0
119,121,31.0,note,1.0,bass,52.0,32.0,E,,3,4,,yes,yes,T,y,I,_,I,_,1.0,M,C,0.0,M,C,0.0,M,0.0,3,3,_,0.0,0.0,0
120,122,31.0,note,2.0,tenor,67.0,32.0,G,,3,4,,yes,yes,F,n,I,_,I,_,1.0,M,C,0.0,M,C,0.0,M,0.0,5,5,_,0.0,0.0,0
121,123,31.0,note,3.0,alto,72.0,32.0,C,,3,4,,yes,yes,R,n,I,_,I,_,1.0,M,C,0.0,M,C,0.0,M,0.0,1,1,_,0.0,0.0,0
122,124,31.0,note,4.0,soprn,76.0,32.0,E,,3,4,,yes,yes,T,y,I,_,I,_,1.0,M,C,0.0,M,C,0.0,M,0.0,3,3,_,0.0,0.0,0
123,125,32.0,note,1.0,bass,53.0,33.0,F,,3,4,,no,no,x,n,I,_,I,_,1.0,M,C,0.0,M,C,0.0,M,0.0,4,4,_,0.0,0.0,0
124,126,32.0,note,2.0,tenor,60.0,33.0,C,,3,4,,yes,no,R,n,I,_,I,_,1.0,M,C,0.0,M,C,0.0,M,0.0,1,1,_,0.0,0.0,0
125,127,32.0,note,3.0,alto,72.0,33.0,C,,3,4,,yes,no,R,n,I,_,I,_,1.0,M,C,0.0,M,C,0.0,M,0.0,1,1,_,0.0,0.0,0
126,128,32.0,note,4.0,soprn,76.0,33.0,E,,3,4,,yes,no,T,y,I,_,I,_,1.0,M,C,0.0,M,C,0.0,M,0.0,3,3,_,0.0,0.0,0
127,129,33.0,bar,,,,36.0,,,3,4,,na,na,na,na,na,na,na,na,,na,na,,na,na,,na,,na,na,na,,,0
128,130,33.0,note,1.0,bass,55.0,36.0,G,,3,4,,yes,yes,R,y,V,_,I,_,0.0,M,C,0.0,M,C,0.0,M,7.0,5,5,_,0.0,0.0,0
129,131,33.0,note,2.0,tenor,59.0,36.0,B,,3,4,,yes,yes,T,n,V,_,I,_,0.0,M,C,0.0,M,C,0.0,M,7.0,7,7,_,0.0,0.0,0
130,132,33.0,note,3.0,alto,67.0,36.0,G,,3,4,,yes,yes,R,y,V,_,I,_,0.0,M,C,0.0,M,C,0.0,M,7.0,5,5,_,0.0,0.0,0
131,133,33.0,note,4.0,soprn,74.0,36.0,D,,3,4,,yes,yes,F,n,V,_,I,_,0.0,M,C,0.0,M,C,0.0,M,7.0,2,2,_,0.0,0.0,0
132,134,36.0,bar,,,,39.0,,,3,4,,na,na,na,na,na,na,na,na,,na,na,,na,na,,na,,na,na,na,,,0
133,135,36.0,note,1.0,bass,52.0,37.0,E,,3,4,,yes,yes,T,y,I,_,I,_,1.0,M,C,0.0,M,C,0.0,M,0.0,3,3,_,0.0,0.0,0
134,136,36.0,note,2.0,tenor,60.0,37.0,C,,3,4,,yes,yes,R,n,I,_,I,_,1.0,M,C,0.0,M,C,0.0,M,0.0,1,1,_,0.0,0.0,0
135,137,36.0,note,3.0,alto,67.0,37.0,G,,3,4,,yes,yes,F,n,I,_,I,_,1.0,M,C,0.0,M,C,0.0,M,0.0,5,5,_,0.0,0.0,0
136,138,36.0,note,4.0,soprn,72.0,37.0,C,,3,4,,yes,yes,R,n,I,_,I,_,1.0,M,C,0.0,M,C,0.0,M,0.0,1,1,_,0.0,0.0,0
137,139,37.0,note,1.0,bass,50.0,38.0,D,,3,4,,yes,yes,T,y,VII,_,I,_,1.0,M,C,0.0,o,C,0.0,M,11.0,2,2,_,0.0,0.0,0
138,140,37.0,note,2.0,tenor,53.0,38.0,F,,3,4,,yes,yes,F,n,VII,_,I,_,1.0,M,C,0.0,o,C,0.0,M,11.0,4,4,_,0.0,0.0,0
139,141,37.0,note,3.0,alto,71.0,38.0,B,,3,4,,yes,yes,R,n,VII,_,I,_,1.0,M,C,0.0,o,C,0.0,M,11.0,7,7,_,0.0,0.0,0
140,142,37.0,note,4.0,soprn,74.0,38.0,D,,3,4,,yes,yes,T,y,VII,_,I,_,1.0,M,C,0.0,o,C,0.0,M,11.0,2,2,_,0.0,0.0,0
141,143,38.0,note,1.0,bass,48.0,39.0,C,,3,4,,yes,yes,R,y,I,_,I,_,0.0,M,C,0.0,M,C,0.0,M,0.0,1,1,_,0.0,0.0,0
142,144,38.0,note,2.0,tenor,55.0,39.0,G,,3,4,,yes,yes,F,n,I,_,I,_,0.0,M,C,0.0,M,C,0.0,M,0.0,5,5,_,0.0,0.0,0
143,145,38.0,note,3.0,alto,72.0,39.0,C,,3,4,,yes,yes,R,y,I,_,I,_,0.0,M,C,0.0,M,C,0.0,M,0.0,1,1,_,0.0,0.0,0
144,146,38.0,note,4.0,soprn,76.0,39.0,E,,3,4,,yes,yes,T,n,I,_,I,_,0.0,M,C,0.0,M,C,0.0,M,0.0,3,3,_,0.0,0.0,0
145,147,39.0,bar,,,,42.0,,,3,4,,na,na,na,na,na,na,na,na,,na,na,,na,na,,na,,na,na,na,,,0
146,148,39.0,note,1.0,bass,53.0,40.0,F,,3,4,,yes,yes,T,y,II,_,I,_,1.0,M,C,0.0,m,C,0.0,M,2.0,4,4,_,0.0,0.0,0
147,149,39.0,note,2.0,tenor,57.0,40.0,A,,3,4,,yes,yes,F,n,II,_,I,_,1.0,M,C,0.0,m,C,0.0,M,2.0,6,6,_,0.0,0.0,0
148,150,39.0,note,3.0,alto,72.0,40.0,C,,3,4,,no,yes,x,n,II,_,I,_,1.0,M,C,0.0,m,C,0.0,M,2.0,1,1,_,0.0,0.0,0
149,151,39.0,note,4.0,soprn,74.0,40.0,D,,3,4,,yes,yes,R,n,II,_,I,_,1.0,M,C,0.0,m,C,0.0,M,2.0,2,2,_,0.0,0.0,0
150,152,40.0,note,1.0,bass,55.0,41.0,G,,3,4,,yes,yes,R,y,V,_,I,_,0.0,M,C,0.0,M,C,0.0,M,7.0,5,5,_,0.0,0.0,0
151,153,40.0,note,2.0,tenor,59.0,41.0,B,,3,4,,yes,yes,T,n,V,_,I,_,0.0,M,C,0.0,M,C,0.0,M,7.0,7,7,_,0.0,0.0,0
152,154,40.0,note,3.0,alto,71.0,41.0,B,,3,4,,yes,yes,T,n,V,_,I,_,0.0,M,C,0.0,M,C,0.0,M,7.0,7,7,_,0.0,0.0,0
153,155,40.0,note,4.0,soprn,74.0,41.0,D,,3,4,,yes,yes,F,n,V,_,I,_,0.0,M,C,0.0,M,C,0.0,M,7.0,2,2,_,0.0,0.0,0
154,156,41.0,note,1.0,bass,57.0,42.0,A,,3,4,,yes,yes,R,y,VI,_,I,_,0.0,M,C,0.0,m,C,0.0,M,9.0,6,6,_,0.0,0.0,0
155,157,41.0,note,2.0,tenor,60.0,42.0,C,,3,4,,yes,yes,T,n,VI,_,I,_,0.0,M,C,0.0,m,C,0.0,M,9.0,1,1,_,0.0,0.0,0
156,158,41.0,note,3.0,alto,64.0,42.0,E,,3,4,,yes,yes,F,n,VI,_,I,_,0.0,M,C,0.0,m,C,0.0,M,9.0,3,3,_,0.0,0.0,0
157,159,41.0,note,4.0,soprn,72.0,42.0,C,,3,4,,yes,yes,T,n,VI,_,I,_,0.0,M,C,0.0,m,C,0.0,M,9.0,1,1,_,0.0,0.0,0
158,160,42.0,bar,,,,45.0,,,3,4,,na,na,na,na,na,na,na,na,,na,na,,na,na,,na,,na,na,na,,,0
159,161,42.0,note,1.0,bass,54.0,43.0,F#,,3,4,,yes,yes,T,y,V,_,V,_,1.0,M,C,0.0,Mm7,G,7.0,M,2.0,#4,4,#,0.0,1.0,1
160,162,42.0,note,2.0,tenor,62.0,43.0,D,,3,4,,yes,yes,R,n,V,_,V,_,1.0,M,C,0.0,Mm7,G,7.0,M,2.0,2,2,_,0.0,1.0,1
161,163,42.0,note,3.0,alto,69.0,43.0,A,,3,4,,yes,yes,F,n,V,_,V,_,1.0,M,C,0.0,Mm7,G,7.0,M,2.0,6,6,_,0.0,1.0,1
162,164,42.0,note,4.0,soprn,72.0,43.0,C,,3,4,,yes,yes,S,n,V,_,V,_,1.0,M,C,0.0,Mm7,G,7.0,M,2.0,1,1,_,0.0,1.0,1
163,165,43.0,note,1.0,bass,55.0,44.0,G,,3,4,,yes,yes,R,y,V,_,I,_,0.0,M,C,0.0,M,C,0.0,M,7.0,5,5,_,0.0,0.0,0
164,166,43.0,note,2.0,tenor,62.0,44.0,D,,3,4,,yes,yes,F,n,V,_,I,_,0.0,M,C,0.0,M,C,0.0,M,7.0,2,2,_,0.0,0.0,0
165,167,43.0,note,3.0,alto,67.0,44.0,G,,3,4,,yes,yes,R,y,V,_,I,_,0.0,M,C,0.0,M,C,0.0,M,7.0,5,5,_,0.0,0.0,0
166,168,43.0,note,4.0,soprn,71.0,44.0,B,,3,4,,yes,yes,T,n,V,_,I,_,0.0,M,C,0.0,M,C,0.0,M,7.0,7,7,_,0.0,0.0,0
167,169,44.0,note,1.0,bass,43.0,45.0,G,,3,4,,yes,no,R,y,V,_,I,_,0.0,M,C,0.0,M,C,0.0,M,7.0,5,5,_,0.0,0.0,0
168,170,44.0,note,2.0,tenor,62.0,45.0,D,,3,4,,yes,no,F,n,V,_,I,_,0.0,M,C,0.0,M,C,0.0,M,7.0,2,2,_,0.0,0.0,0
169,171,44.0,note,3.0,alto,67.0,45.0,G,,3,4,,yes,no,R,y,V,_,I,_,0.0,M,C,0.0,M,C,0.0,M,7.0,5,5,_,0.0,0.0,0
170,172,44.0,note,4.0,soprn,71.0,45.0,B,,3,4,,yes,no,T,n,V,_,I,_,0.0,M,C,0.0,M,C,0.0,M,7.0,7,7,_,0.0,0.0,0
171,173,45.0,bar,,,,48.0,,,3,4,,na,na,na,na,na,na,na,na,,na,na,,na,na,,na,,na,na,na,,,0
172,174,45.0,note,1.0,bass,48.0,48.0,C,,3,4,,yes,yes,R,y,I,_,I,_,0.0,M,C,0.0,M,C,0.0,M,0.0,1,1,_,0.0,0.0,0
173,175,45.0,note,2.0,tenor,64.0,48.0,E,,3,4,,yes,yes,T,n,I,_,I,_,0.0,M,C,0.0,M,C,0.0,M,0.0,3,3,_,0.0,0.0,0
174,176,45.0,note,3.0,alto,67.0,48.0,G,,3,4,,yes,yes,F,n,I,_,I,_,0.0,M,C,0.0,M,C,0.0,M,0.0,5,5,_,0.0,0.0,0
175,177,45.0,note,4.0,soprn,72.0,48.0,C,,3,4,,yes,yes,R,y,I,_,I,_,0.0,M,C,0.0,M,C,0.0,M,0.0,1,1,_,0.0,0.0,0
