{"salami_sliced": true, "n_salami_sliced_notes": 18750, "n_unsalami_sliced_notes": 11836, "n_undedoubled_notes": 18750, "n_dedoubled_notes": 18227, "dedoubled": true, "n_chords": 1401, "global_key": "G", "global_key_sig": 1, "paths": ["/Users/malcolm/google_drive/python/third_party/ABC/notes/n02op18-2_01.tsv", "/Users/malcolm/google_drive/python/third_party/ABC/harmonies/n02op18-2_01.tsv"], "score_name": "n02op18-2_01", "synthetic": false, "has_weights": false, "has_instrument": true, "has_spelling": true, "has_scale_degree": true, "has_time_signatures": true, "merged_notes": false, "has_harmonic_analysis": true, "spelled_columns": ["spelling", "key", "granular_key"], "pc_columns": ["key_pc", "granular_key_pc", "root_pc"], "key_sig_class_columns": ["key_signature", "granular_key_signature"]}