{"salami_sliced": true, "n_salami_sliced_notes": 35622, "n_unsalami_sliced_notes": 23674, "n_undedoubled_notes": 35622, "n_dedoubled_notes": 34552, "dedoubled": true, "n_chords": 2562, "global_key": "Bb", "global_key_sig": -2, "paths": ["/Users/malcolm/google_drive/python/third_party/ABC/notes/n03op18-3_02.tsv", "/Users/malcolm/google_drive/python/third_party/ABC/harmonies/n03op18-3_02.tsv"], "score_name": "n03op18-3_02", "synthetic": false, "has_weights": false, "has_instrument": true, "has_spelling": true, "has_scale_degree": true, "has_time_signatures": true, "merged_notes": false, "has_harmonic_analysis": true, "spelled_columns": ["spelling", "key", "granular_key"], "pc_columns": ["key_pc", "granular_key_pc", "root_pc"], "key_sig_class_columns": ["key_signature", "granular_key_signature"]}