{"salami_sliced": true, "n_salami_sliced_notes": 68323, "n_unsalami_sliced_notes": 46373, "n_undedoubled_notes": 68323, "n_dedoubled_notes": 66496, "dedoubled": true, "n_chords": 5131, "global_key": "c", "global_key_sig": -3, "paths": ["/Users/malcolm/google_drive/python/third_party/ABC/notes/n04op18-4_01.tsv", "/Users/malcolm/google_drive/python/third_party/ABC/harmonies/n04op18-4_01.tsv"], "score_name": "n04op18-4_01", "synthetic": false, "has_weights": false, "has_instrument": true, "has_spelling": true, "has_scale_degree": true, "has_time_signatures": true, "merged_notes": false, "has_harmonic_analysis": true, "spelled_columns": ["spelling", "key", "granular_key"], "pc_columns": ["key_pc", "granular_key_pc", "root_pc"], "key_sig_class_columns": ["key_signature", "granular_key_signature"]}