{"salami_sliced": true, "n_salami_sliced_notes": 80661, "n_unsalami_sliced_notes": 55286, "n_undedoubled_notes": 80661, "n_dedoubled_notes": 78475, "dedoubled": true, "n_chords": 6116, "global_key": "D", "global_key_sig": 2, "paths": ["/Users/malcolm/google_drive/python/third_party/ABC/notes/n05op18-5_03.tsv", "/Users/malcolm/google_drive/python/third_party/ABC/harmonies/n05op18-5_03.tsv"], "score_name": "n05op18-5_03", "synthetic": false, "has_weights": false, "has_instrument": true, "has_spelling": true, "has_scale_degree": true, "has_time_signatures": true, "merged_notes": false, "has_harmonic_analysis": true, "spelled_columns": ["spelling", "key", "granular_key"], "pc_columns": ["key_pc", "granular_key_pc", "root_pc"], "key_sig_class_columns": ["key_signature", "granular_key_signature"]}