{"salami_sliced": true, "n_salami_sliced_notes": 139596, "n_unsalami_sliced_notes": 94800, "n_undedoubled_notes": 139596, "n_dedoubled_notes": 136025, "dedoubled": true, "n_chords": 10337, "global_key": "F", "global_key_sig": -1, "paths": ["/Users/malcolm/google_drive/python/third_party/ABC/notes/n07op59-1_04.tsv", "/Users/malcolm/google_drive/python/third_party/ABC/harmonies/n07op59-1_04.tsv"], "score_name": "n07op59-1_04", "synthetic": false, "has_weights": false, "has_instrument": true, "has_spelling": true, "has_scale_degree": true, "has_time_signatures": true, "merged_notes": false, "has_harmonic_analysis": true, "spelled_columns": ["spelling", "key", "granular_key"], "pc_columns": ["key_pc", "granular_key_pc", "root_pc"], "key_sig_class_columns": ["key_signature", "granular_key_signature"]}