{"salami_sliced": true, "n_salami_sliced_notes": 102778, "n_unsalami_sliced_notes": 70467, "n_undedoubled_notes": 102778, "n_dedoubled_notes": 100134, "dedoubled": true, "n_chords": 8085, "global_key": "e", "global_key_sig": 1, "paths": ["/Users/malcolm/google_drive/python/third_party/ABC/notes/n08op59-2_03.tsv", "/Users/malcolm/google_drive/python/third_party/ABC/harmonies/n08op59-2_03.tsv"], "score_name": "n08op59-2_03", "synthetic": false, "has_weights": false, "has_instrument": true, "has_spelling": true, "has_scale_degree": true, "has_time_signatures": true, "merged_notes": false, "has_harmonic_analysis": true, "spelled_columns": ["spelling", "key", "granular_key"], "pc_columns": ["key_pc", "granular_key_pc", "root_pc"], "key_sig_class_columns": ["key_signature", "granular_key_signature"]}