{"salami_sliced": true, "n_salami_sliced_notes": 170233, "n_unsalami_sliced_notes": 115338, "n_undedoubled_notes": 170233, "n_dedoubled_notes": 166170, "dedoubled": true, "n_chords": 12315, "global_key": "C", "global_key_sig": 0, "paths": ["/Users/malcolm/google_drive/python/third_party/ABC/notes/n09op59-3_01.tsv", "/Users/malcolm/google_drive/python/third_party/ABC/harmonies/n09op59-3_01.tsv"], "score_name": "n09op59-3_01", "synthetic": false, "has_weights": false, "has_instrument": true, "has_spelling": true, "has_scale_degree": true, "has_time_signatures": true, "merged_notes": false, "has_harmonic_analysis": true, "spelled_columns": ["spelling", "key", "granular_key"], "pc_columns": ["key_pc", "granular_key_pc", "root_pc"], "key_sig_class_columns": ["key_signature", "granular_key_signature"]}