{"salami_sliced": true, "n_salami_sliced_notes": 151931, "n_unsalami_sliced_notes": 102480, "n_undedoubled_notes": 151931, "n_dedoubled_notes": 148092, "dedoubled": true, "n_chords": 10952, "global_key": "C", "global_key_sig": 0, "paths": ["/Users/malcolm/google_drive/python/third_party/ABC/notes/n09op59-3_03.tsv", "/Users/malcolm/google_drive/python/third_party/ABC/harmonies/n09op59-3_03.tsv"], "score_name": "n09op59-3_03", "synthetic": false, "has_weights": false, "has_instrument": true, "has_spelling": true, "has_scale_degree": true, "has_time_signatures": true, "merged_notes": false, "has_harmonic_analysis": true, "spelled_columns": ["spelling", "key", "granular_key"], "pc_columns": ["key_pc", "granular_key_pc", "root_pc"], "key_sig_class_columns": ["key_signature", "granular_key_signature"]}