{"salami_sliced": true, "n_salami_sliced_notes": 200281, "n_unsalami_sliced_notes": 135616, "n_undedoubled_notes": 200281, "n_dedoubled_notes": 195288, "dedoubled": true, "n_chords": 14355, "global_key": "f", "global_key_sig": -4, "paths": ["/Users/malcolm/google_drive/python/third_party/ABC/notes/n11op95_03.tsv", "/Users/malcolm/google_drive/python/third_party/ABC/harmonies/n11op95_03.tsv"], "score_name": "n11op95_03", "synthetic": false, "has_weights": false, "has_instrument": true, "has_spelling": true, "has_scale_degree": true, "has_time_signatures": true, "merged_notes": false, "has_harmonic_analysis": true, "spelled_columns": ["spelling", "key", "granular_key"], "pc_columns": ["key_pc", "granular_key_pc", "root_pc"], "key_sig_class_columns": ["key_signature", "granular_key_signature"]}