{"salami_sliced": true, "n_salami_sliced_notes": 300342, "n_unsalami_sliced_notes": 206875, "n_undedoubled_notes": 300342, "n_dedoubled_notes": 292347, "dedoubled": true, "n_chords": 21915, "global_key": "Bb", "global_key_sig": -2, "paths": ["/Users/malcolm/google_drive/python/third_party/ABC/notes/n13op130_06_modified_repeats.tsv", "/Users/malcolm/google_drive/python/third_party/ABC/harmonies/n13op130_06_modified_repeats.tsv"], "score_name": "n13op130_06_modified_repeats", "synthetic": false, "has_weights": false, "has_instrument": true, "has_spelling": true, "has_scale_degree": true, "has_time_signatures": true, "merged_notes": false, "has_harmonic_analysis": true, "spelled_columns": ["spelling", "key", "granular_key"], "pc_columns": ["key_pc", "granular_key_pc", "root_pc"], "key_sig_class_columns": ["key_signature", "granular_key_signature"]}