{"salami_sliced": true, "n_salami_sliced_notes": 251506, "n_unsalami_sliced_notes": 170336, "n_undedoubled_notes": 251506, "n_dedoubled_notes": 245016, "dedoubled": true, "n_chords": 18007, "global_key": "Db", "global_key_sig": -5, "paths": ["/Users/malcolm/google_drive/python/third_party/ABC/notes/n13op130_03.tsv", "/Users/malcolm/google_drive/python/third_party/ABC/harmonies/n13op130_03.tsv"], "score_name": "n13op130_03", "synthetic": false, "has_weights": false, "has_instrument": true, "has_spelling": true, "has_scale_degree": true, "has_time_signatures": true, "merged_notes": false, "has_harmonic_analysis": true, "spelled_columns": ["spelling", "key", "granular_key"], "pc_columns": ["key_pc", "granular_key_pc", "root_pc"], "key_sig_class_columns": ["key_signature", "granular_key_signature"]}