,original_index,pitch,onset,release,tie_to_next,tie_to_prev,voice,part,spelling,type,other,ts_numerator,ts_denominator,duplicated_indices,chord_tone,harmony_onset,chord_factors,bass_pcs,primary_degree,primary_alteration,secondary_degree,secondary_alteration,inversion,mode,key,key_pc,quality,granular_key,granular_key_pc,granular_mode,root_pc,scale_degree,scale_degree_step,scale_degree_alteration,key_signature,granular_key_signature,tonicization
0,0,,0.0,3.0,,,,,,bar,,4,4,,na,na,na,na,na,na,na,na,,na,na,,na,na,,na,,na,na,na,,,0
1,1,,1.0,,,,,,,time_signature,"{'numerator': 3, 'denominator': 4}",3,4,,na,na,na,na,na,na,na,na,,na,na,,na,na,,na,,na,na,na,,,0
2,2,56.0,1.0,3.0,True,False,1.0,4.0,G#,note,,3,4,,yes,yes,R,y,I,_,I,_,0.0,m,g#,8.0,m,g#,8.0,m,8.0,1,1,_,5.0,5.0,0
3,3,59.0,1.0,3.0,True,False,1.0,2.0,B,note,,3,4,,yes,yes,T,n,I,_,I,_,0.0,m,g#,8.0,m,g#,8.0,m,8.0,3,3,_,5.0,5.0,0
4,4,63.0,1.0,3.0,True,False,1.0,1.0,D#,note,,3,4,,yes,yes,F,n,I,_,I,_,0.0,m,g#,8.0,m,g#,8.0,m,8.0,5,5,_,5.0,5.0,0
5,5,68.0,1.0,3.0,True,False,1.0,3.0,G#,note,,3,4,,yes,yes,R,y,I,_,I,_,0.0,m,g#,8.0,m,g#,8.0,m,8.0,1,1,_,5.0,5.0,0
6,6,,3.0,6.0,,,,,,bar,,3,4,,na,na,na,na,na,na,na,na,,na,na,,na,na,,na,,na,na,na,,,0
7,7,56.0,3.0,5.0,False,True,1.0,4.0,G#,note,,3,4,,yes,no,R,y,I,_,I,_,0.0,m,g#,8.0,m,g#,8.0,m,8.0,1,1,_,5.0,5.0,0
8,8,59.0,3.0,5.0,False,True,1.0,2.0,B,note,,3,4,,yes,no,T,n,I,_,I,_,0.0,m,g#,8.0,m,g#,8.0,m,8.0,3,3,_,5.0,5.0,0
9,9,63.0,3.0,5.0,False,True,1.0,1.0,D#,note,,3,4,,yes,no,F,n,I,_,I,_,0.0,m,g#,8.0,m,g#,8.0,m,8.0,5,5,_,5.0,5.0,0
10,10,68.0,3.0,5.0,False,True,1.0,3.0,G#,note,,3,4,,yes,no,R,y,I,_,I,_,0.0,m,g#,8.0,m,g#,8.0,m,8.0,1,1,_,5.0,5.0,0
11,11,56.0,5.0,6.0,False,False,1.0,4.0,G#,note,,3,4,,yes,no,R,y,I,_,I,_,0.0,m,g#,8.0,m,g#,8.0,m,8.0,1,1,_,5.0,5.0,0
12,12,59.0,5.0,6.0,False,False,1.0,2.0,B,note,,3,4,,yes,no,T,n,I,_,I,_,0.0,m,g#,8.0,m,g#,8.0,m,8.0,3,3,_,5.0,5.0,0
13,13,63.0,5.0,6.0,False,False,1.0,1.0,D#,note,,3,4,,yes,no,F,n,I,_,I,_,0.0,m,g#,8.0,m,g#,8.0,m,8.0,5,5,_,5.0,5.0,0
14,14,68.0,5.0,6.0,False,False,1.0,3.0,G#,note,,3,4,,yes,no,R,y,I,_,I,_,0.0,m,g#,8.0,m,g#,8.0,m,8.0,1,1,_,5.0,5.0,0
15,15,,6.0,9.0,,,,,,bar,,3,4,,na,na,na,na,na,na,na,na,,na,na,,na,na,,na,,na,na,na,,,0
16,16,58.0,6.0,7.75,False,False,1.0,4.0,A#,note,,3,4,,yes,yes,F,y,V,_,I,_,2.0,m,g#,8.0,Mm7,g#,8.0,m,3.0,2,2,_,5.0,5.0,0
17,17,61.0,6.0,7.75,False,False,1.0,2.0,C#,note,,3,4,,yes,yes,S,n,V,_,I,_,2.0,m,g#,8.0,Mm7,g#,8.0,m,3.0,4,4,_,5.0,5.0,0
18,18,63.0,6.0,7.75,False,False,1.0,1.0,D#,note,,3,4,,yes,yes,R,n,V,_,I,_,2.0,m,g#,8.0,Mm7,g#,8.0,m,3.0,5,5,_,5.0,5.0,0
19,19,67.0,6.0,7.75,False,False,1.0,3.0,F##,note,,3,4,,yes,yes,T,n,V,_,I,_,2.0,m,g#,8.0,Mm7,g#,8.0,m,3.0,#7,7,#,5.0,5.0,0
20,20,58.0,7.75,8.0,False,False,1.0,4.0,A#,note,,3,4,,yes,no,F,y,V,_,I,_,2.0,m,g#,8.0,Mm7,g#,8.0,m,3.0,2,2,_,5.0,5.0,0
21,21,61.0,7.75,8.0,False,False,1.0,2.0,C#,note,,3,4,,yes,no,S,n,V,_,I,_,2.0,m,g#,8.0,Mm7,g#,8.0,m,3.0,4,4,_,5.0,5.0,0
22,22,63.0,7.75,8.0,False,False,1.0,1.0,D#,note,,3,4,"22,23",yes,no,R,n,V,_,I,_,2.0,m,g#,8.0,Mm7,g#,8.0,m,3.0,5,5,_,5.0,5.0,0
23,24,56.0,8.0,9.0,False,False,1.0,4.0,G#,note,,3,4,,yes,yes,R,y,I,_,I,_,0.0,m,g#,8.0,m,g#,8.0,m,8.0,1,1,_,5.0,5.0,0
24,25,59.0,8.0,9.0,False,False,1.0,2.0,B,note,,3,4,,yes,yes,T,n,I,_,I,_,0.0,m,g#,8.0,m,g#,8.0,m,8.0,3,3,_,5.0,5.0,0
25,26,63.0,8.0,9.0,False,False,1.0,1.0,D#,note,,3,4,,yes,yes,F,n,I,_,I,_,0.0,m,g#,8.0,m,g#,8.0,m,8.0,5,5,_,5.0,5.0,0
26,27,68.0,8.0,9.0,False,False,1.0,3.0,G#,note,,3,4,,yes,yes,R,y,I,_,I,_,0.0,m,g#,8.0,m,g#,8.0,m,8.0,1,1,_,5.0,5.0,0
27,28,,9.0,12.0,,,,,,bar,,3,4,,na,na,na,na,na,na,na,na,,na,na,,na,na,,na,,na,na,na,,,0
28,29,55.0,9.0,10.0,False,False,1.0,4.0,F##,note,,3,4,,yes,yes,T,y,V,_,I,_,1.0,m,g#,8.0,Mm7,g#,8.0,m,3.0,#7,7,#,5.0,5.0,0
29,30,61.0,9.0,10.0,False,False,1.0,2.0,C#,note,,3,4,,yes,yes,S,n,V,_,I,_,1.0,m,g#,8.0,Mm7,g#,8.0,m,3.0,4,4,_,5.0,5.0,0
30,31,63.0,9.0,10.0,False,False,1.0,1.0,D#,note,,3,4,,yes,yes,R,n,V,_,I,_,1.0,m,g#,8.0,Mm7,g#,8.0,m,3.0,5,5,_,5.0,5.0,0
31,32,70.0,9.0,10.0,False,False,1.0,3.0,A#,note,,3,4,,yes,yes,F,n,V,_,I,_,1.0,m,g#,8.0,Mm7,g#,8.0,m,3.0,2,2,_,5.0,5.0,0
32,33,56.0,10.0,11.0,False,False,1.0,4.0,G#,note,,3,4,,yes,yes,R,y,I,_,I,_,0.0,m,g#,8.0,m,g#,8.0,m,8.0,1,1,_,5.0,5.0,0
33,34,59.0,10.0,11.0,False,False,1.0,2.0,B,note,,3,4,,yes,yes,T,n,I,_,I,_,0.0,m,g#,8.0,m,g#,8.0,m,8.0,3,3,_,5.0,5.0,0
34,35,63.0,10.0,11.0,False,False,1.0,1.0,D#,note,,3,4,,yes,yes,F,n,I,_,I,_,0.0,m,g#,8.0,m,g#,8.0,m,8.0,5,5,_,5.0,5.0,0
35,36,71.0,10.0,11.0,False,False,1.0,3.0,B,note,,3,4,,yes,yes,T,n,I,_,I,_,0.0,m,g#,8.0,m,g#,8.0,m,8.0,3,3,_,5.0,5.0,0
36,37,52.0,11.0,12.0,False,False,1.0,4.0,E,note,,3,4,,yes,yes,R,y,VI,_,I,_,0.0,m,g#,8.0,M,g#,8.0,m,4.0,6,6,_,5.0,5.0,0
37,38,56.0,11.0,12.0,False,False,1.0,2.0,G#,note,,3,4,,yes,yes,T,n,VI,_,I,_,0.0,m,g#,8.0,M,g#,8.0,m,4.0,1,1,_,5.0,5.0,0
38,39,64.0,11.0,12.0,False,False,1.0,2.0,E,note,,3,4,,yes,yes,R,y,VI,_,I,_,0.0,m,g#,8.0,M,g#,8.0,m,4.0,6,6,_,5.0,5.0,0
39,40,68.0,11.0,12.0,False,False,1.0,1.0,G#,note,,3,4,,yes,yes,T,n,VI,_,I,_,0.0,m,g#,8.0,M,g#,8.0,m,4.0,1,1,_,5.0,5.0,0
40,41,71.0,11.0,12.0,False,False,1.0,3.0,B,note,,3,4,,yes,yes,F,n,VI,_,I,_,0.0,m,g#,8.0,M,g#,8.0,m,4.0,3,3,_,5.0,5.0,0
41,42,,12.0,15.0,,,,,,bar,,3,4,,na,na,na,na,na,na,na,na,,na,na,,na,na,,na,,na,na,na,,,0
42,43,49.0,12.0,12.75,False,False,1.0,4.0,C#,note,,3,4,,yes,yes,R,y,IV,_,I,_,0.0,m,g#,8.0,m,g#,8.0,m,1.0,4,4,_,5.0,5.0,0
43,44,61.0,12.0,12.75,False,False,1.0,2.0,C#,note,,3,4,,yes,yes,R,y,IV,_,I,_,0.0,m,g#,8.0,m,g#,8.0,m,1.0,4,4,_,5.0,5.0,0
44,45,64.0,12.0,12.75,False,False,1.0,1.0,E,note,,3,4,,yes,yes,T,n,IV,_,I,_,0.0,m,g#,8.0,m,g#,8.0,m,1.0,6,6,_,5.0,5.0,0
45,46,71.0,12.0,12.75,False,False,1.0,3.0,B,note,,3,4,,no,yes,x,n,IV,_,I,_,0.0,m,g#,8.0,m,g#,8.0,m,1.0,3,3,_,5.0,5.0,0
46,47,49.0,12.75,13.0,False,False,1.0,4.0,C#,note,,3,4,,yes,yes,T,y,II,_,I,_,1.0,m,g#,8.0,o,g#,8.0,m,10.0,4,4,_,5.0,5.0,0
47,48,61.0,12.75,13.0,False,False,1.0,2.0,C#,note,,3,4,,yes,yes,T,y,II,_,I,_,1.0,m,g#,8.0,o,g#,8.0,m,10.0,4,4,_,5.0,5.0,0
48,49,64.0,12.75,13.0,False,False,1.0,1.0,E,note,,3,4,,yes,yes,F,n,II,_,I,_,1.0,m,g#,8.0,o,g#,8.0,m,10.0,6,6,_,5.0,5.0,0
49,50,70.0,12.75,13.0,False,False,1.0,3.0,A#,note,,3,4,,yes,yes,R,n,II,_,I,_,1.0,m,g#,8.0,o,g#,8.0,m,10.0,2,2,_,5.0,5.0,0
50,51,51.0,13.0,14.0,False,False,1.0,4.0,D#,note,,3,4,,yes,yes,F,y,I,_,I,_,2.0,m,g#,8.0,m,g#,8.0,m,8.0,5,5,_,5.0,5.0,0
51,52,59.0,13.0,14.0,False,False,1.0,1.0,B,note,,3,4,,yes,yes,T,n,I,_,I,_,2.0,m,g#,8.0,m,g#,8.0,m,8.0,3,3,_,5.0,5.0,0
52,53,63.0,13.0,14.0,False,False,1.0,2.0,D#,note,,3,4,,yes,yes,F,y,I,_,I,_,2.0,m,g#,8.0,m,g#,8.0,m,8.0,5,5,_,5.0,5.0,0
53,54,68.0,13.0,14.0,False,False,1.0,3.0,G#,note,,3,4,,yes,yes,R,n,I,_,I,_,2.0,m,g#,8.0,m,g#,8.0,m,8.0,1,1,_,5.0,5.0,0
54,55,51.0,14.0,15.0,False,False,1.0,4.0,D#,note,,3,4,,yes,yes,R,y,V,_,I,_,0.0,m,g#,8.0,Mm7,g#,8.0,m,3.0,5,5,_,5.0,5.0,0
55,56,58.0,14.0,15.0,False,False,1.0,2.0,A#,note,,3,4,,yes,yes,F,n,V,_,I,_,0.0,m,g#,8.0,Mm7,g#,8.0,m,3.0,2,2,_,5.0,5.0,0
56,57,61.0,14.0,15.0,False,False,1.0,1.0,C#,note,,3,4,,yes,yes,S,n,V,_,I,_,0.0,m,g#,8.0,Mm7,g#,8.0,m,3.0,4,4,_,5.0,5.0,0
57,58,63.0,14.0,15.0,False,False,1.0,2.0,D#,note,,3,4,,yes,yes,R,y,V,_,I,_,0.0,m,g#,8.0,Mm7,g#,8.0,m,3.0,5,5,_,5.0,5.0,0
58,59,67.0,14.0,15.0,False,False,1.0,3.0,F##,note,,3,4,,yes,yes,T,n,V,_,I,_,0.0,m,g#,8.0,Mm7,g#,8.0,m,3.0,#7,7,#,5.0,5.0,0
59,60,,15.0,18.0,,,,,,bar,,3,4,,na,na,na,na,na,na,na,na,,na,na,,na,na,,na,,na,na,na,,,0
60,61,56.0,15.0,16.0,False,False,1.0,2.0,G#,note,,3,4,"61,62",yes,yes,R,y,I,_,I,_,0.0,m,g#,8.0,m,g#,8.0,m,8.0,1,1,_,5.0,5.0,0
61,63,59.0,15.0,16.0,False,False,1.0,1.0,B,note,,3,4,,yes,yes,T,n,I,_,I,_,0.0,m,g#,8.0,m,g#,8.0,m,8.0,3,3,_,5.0,5.0,0
62,64,63.0,15.0,16.0,False,False,1.0,2.0,D#,note,,3,4,,yes,yes,F,n,I,_,I,_,0.0,m,g#,8.0,m,g#,8.0,m,8.0,5,5,_,5.0,5.0,0
63,65,68.0,15.0,16.0,False,False,1.0,3.0,G#,note,,3,4,,yes,yes,R,y,I,_,I,_,0.0,m,g#,8.0,m,g#,8.0,m,8.0,1,1,_,5.0,5.0,0
64,66,56.0,16.0,17.0,False,False,1.0,4.0,G#,note,,3,4,,yes,no,R,y,I,_,I,_,0.0,m,g#,8.0,m,g#,8.0,m,8.0,1,1,_,5.0,5.0,0
65,67,63.0,16.0,17.0,False,False,1.0,3.0,D#,note,,3,4,,yes,no,F,n,I,_,I,_,0.0,m,g#,8.0,m,g#,8.0,m,8.0,5,5,_,5.0,5.0,0
66,68,71.0,16.0,17.0,False,False,1.0,2.0,B,note,,3,4,,yes,no,T,n,I,_,I,_,0.0,m,g#,8.0,m,g#,8.0,m,8.0,3,3,_,5.0,5.0,0
67,69,56.0,17.0,18.0,False,False,1.0,4.0,G#,note,,3,4,,yes,no,R,y,I,_,I,_,0.0,m,g#,8.0,m,g#,8.0,m,8.0,1,1,_,5.0,5.0,0
68,70,63.0,17.0,18.0,True,False,1.0,3.0,D#,note,,3,4,,yes,no,F,n,I,_,I,_,0.0,m,g#,8.0,m,g#,8.0,m,8.0,5,5,_,5.0,5.0,0
69,71,71.0,17.0,18.0,False,False,1.0,2.0,B,note,,3,4,,yes,no,T,n,I,_,I,_,0.0,m,g#,8.0,m,g#,8.0,m,8.0,3,3,_,5.0,5.0,0
70,72,80.0,17.0,18.0,False,False,1.0,1.0,G#,note,,3,4,,yes,no,R,y,I,_,I,_,0.0,m,g#,8.0,m,g#,8.0,m,8.0,1,1,_,5.0,5.0,0
71,73,,18.0,21.0,,,,,,bar,,3,4,,na,na,na,na,na,na,na,na,,na,na,,na,na,,na,,na,na,na,,,0
72,74,58.0,18.0,19.75,False,False,1.0,4.0,A#,note,,3,4,,yes,yes,F,y,V,_,I,_,2.0,m,g#,8.0,Mm7,g#,8.0,m,3.0,2,2,_,5.0,5.0,0
73,75,63.0,18.0,19.75,False,True,1.0,3.0,D#,note,,3,4,,yes,yes,R,n,V,_,I,_,2.0,m,g#,8.0,Mm7,g#,8.0,m,3.0,5,5,_,5.0,5.0,0
74,76,73.0,18.0,19.75,False,False,1.0,2.0,C#,note,,3,4,,yes,yes,S,n,V,_,I,_,2.0,m,g#,8.0,Mm7,g#,8.0,m,3.0,4,4,_,5.0,5.0,0
75,77,79.0,18.0,19.75,False,False,1.0,1.0,F##,note,,3,4,,yes,yes,T,n,V,_,I,_,2.0,m,g#,8.0,Mm7,g#,8.0,m,3.0,#7,7,#,5.0,5.0,0
76,78,58.0,19.75,20.0,False,False,1.0,4.0,A#,note,,3,4,,yes,no,F,y,V,_,I,_,2.0,m,g#,8.0,Mm7,g#,8.0,m,3.0,2,2,_,5.0,5.0,0
77,79,63.0,19.75,20.0,False,True,1.0,3.0,D#,note,,3,4,,yes,no,R,n,V,_,I,_,2.0,m,g#,8.0,Mm7,g#,8.0,m,3.0,5,5,_,5.0,5.0,0
78,80,73.0,19.75,20.0,False,False,1.0,2.0,C#,note,,3,4,,yes,no,S,n,V,_,I,_,2.0,m,g#,8.0,Mm7,g#,8.0,m,3.0,4,4,_,5.0,5.0,0
79,81,75.0,19.75,20.0,False,False,1.0,1.0,D#,note,,3,4,,yes,no,R,n,V,_,I,_,2.0,m,g#,8.0,Mm7,g#,8.0,m,3.0,5,5,_,5.0,5.0,0
80,82,56.0,20.0,21.0,False,False,1.0,4.0,G#,note,,3,4,,yes,yes,R,y,I,_,I,_,0.0,m,g#,8.0,m,g#,8.0,m,8.0,1,1,_,5.0,5.0,0
81,83,63.0,20.0,21.0,True,False,1.0,3.0,D#,note,,3,4,,yes,yes,F,n,I,_,I,_,0.0,m,g#,8.0,m,g#,8.0,m,8.0,5,5,_,5.0,5.0,0
82,84,71.0,20.0,21.0,False,False,1.0,2.0,B,note,,3,4,,yes,yes,T,n,I,_,I,_,0.0,m,g#,8.0,m,g#,8.0,m,8.0,3,3,_,5.0,5.0,0
83,85,80.0,20.0,21.0,False,False,1.0,1.0,G#,note,,3,4,,yes,yes,R,y,I,_,I,_,0.0,m,g#,8.0,m,g#,8.0,m,8.0,1,1,_,5.0,5.0,0
84,86,,21.0,24.0,,,,,,bar,,3,4,,na,na,na,na,na,na,na,na,,na,na,,na,na,,na,,na,na,na,,,0
85,87,55.0,21.0,22.0,False,False,1.0,4.0,F##,note,,3,4,,yes,yes,T,y,V,_,I,_,1.0,m,g#,8.0,Mm7,g#,8.0,m,3.0,#7,7,#,5.0,5.0,0
86,88,63.0,21.0,22.0,False,True,1.0,3.0,D#,note,,3,4,,yes,yes,R,n,V,_,I,_,1.0,m,g#,8.0,Mm7,g#,8.0,m,3.0,5,5,_,5.0,5.0,0
87,89,73.0,21.0,22.0,False,False,1.0,2.0,C#,note,,3,4,,yes,yes,S,n,V,_,I,_,1.0,m,g#,8.0,Mm7,g#,8.0,m,3.0,4,4,_,5.0,5.0,0
88,90,82.0,21.0,22.0,False,False,1.0,1.0,A#,note,,3,4,,yes,yes,F,n,V,_,I,_,1.0,m,g#,8.0,Mm7,g#,8.0,m,3.0,2,2,_,5.0,5.0,0
89,91,56.0,22.0,23.0,False,False,1.0,4.0,G#,note,,3,4,,yes,yes,R,y,I,_,I,_,0.0,m,g#,8.0,m,g#,8.0,m,8.0,1,1,_,5.0,5.0,0
90,92,63.0,22.0,23.0,False,False,1.0,3.0,D#,note,,3,4,,yes,yes,F,n,I,_,I,_,0.0,m,g#,8.0,m,g#,8.0,m,8.0,5,5,_,5.0,5.0,0
91,93,71.0,22.0,23.0,False,False,1.0,2.0,B,note,,3,4,,yes,yes,T,n,I,_,I,_,0.0,m,g#,8.0,m,g#,8.0,m,8.0,3,3,_,5.0,5.0,0
92,94,83.0,22.0,23.0,False,False,1.0,1.0,B,note,,3,4,,yes,yes,T,n,I,_,I,_,0.0,m,g#,8.0,m,g#,8.0,m,8.0,3,3,_,5.0,5.0,0
93,95,64.0,23.0,24.0,False,False,1.0,4.0,E,note,,3,4,,yes,yes,R,y,VI,_,I,_,0.0,m,g#,8.0,M,g#,8.0,m,4.0,6,6,_,5.0,5.0,0
94,96,68.0,23.0,24.0,False,False,1.0,3.0,G#,note,,3,4,,yes,yes,T,n,VI,_,I,_,0.0,m,g#,8.0,M,g#,8.0,m,4.0,1,1,_,5.0,5.0,0
95,97,71.0,23.0,24.0,False,False,1.0,2.0,B,note,,3,4,,yes,yes,F,n,VI,_,I,_,0.0,m,g#,8.0,M,g#,8.0,m,4.0,3,3,_,5.0,5.0,0
96,98,83.0,23.0,24.0,False,False,1.0,1.0,B,note,,3,4,,yes,yes,F,n,VI,_,I,_,0.0,m,g#,8.0,M,g#,8.0,m,4.0,3,3,_,5.0,5.0,0
97,99,,24.0,27.0,,,,,,bar,,3,4,,na,na,na,na,na,na,na,na,,na,na,,na,na,,na,,na,na,na,,,0
98,100,61.0,24.0,24.75,False,False,1.0,4.0,C#,note,,3,4,,yes,yes,R,y,IV,_,I,_,0.0,m,g#,8.0,m,g#,8.0,m,1.0,4,4,_,5.0,5.0,0
99,101,64.0,24.0,24.75,False,False,1.0,3.0,E,note,,3,4,,yes,yes,T,n,IV,_,I,_,0.0,m,g#,8.0,m,g#,8.0,m,1.0,6,6,_,5.0,5.0,0
100,102,76.0,24.0,24.75,False,False,1.0,2.0,E,note,,3,4,,yes,yes,T,n,IV,_,I,_,0.0,m,g#,8.0,m,g#,8.0,m,1.0,6,6,_,5.0,5.0,0
101,103,83.0,24.0,24.75,False,False,1.0,1.0,B,note,,3,4,,no,yes,x,n,IV,_,I,_,0.0,m,g#,8.0,m,g#,8.0,m,1.0,3,3,_,5.0,5.0,0
102,104,61.0,24.75,25.0,False,False,1.0,4.0,C#,note,,3,4,,yes,yes,T,y,II,b,I,_,1.0,m,g#,8.0,M,g#,8.0,m,9.0,4,4,_,5.0,5.0,0
103,105,64.0,24.75,25.0,False,False,1.0,3.0,E,note,,3,4,,yes,yes,F,n,II,b,I,_,1.0,m,g#,8.0,M,g#,8.0,m,9.0,6,6,_,5.0,5.0,0
104,106,76.0,24.75,25.0,False,False,1.0,2.0,E,note,,3,4,,yes,yes,F,n,II,b,I,_,1.0,m,g#,8.0,M,g#,8.0,m,9.0,6,6,_,5.0,5.0,0
105,107,81.0,24.75,25.0,False,False,1.0,1.0,A,note,,3,4,,yes,yes,R,n,II,b,I,_,1.0,m,g#,8.0,M,g#,8.0,m,9.0,b2,2,b,5.0,5.0,0
106,108,63.0,25.0,26.0,False,False,1.0,4.0,D#,note,,3,4,,yes,yes,F,y,I,_,I,_,2.0,m,g#,8.0,m,g#,8.0,m,8.0,5,5,_,5.0,5.0,0
107,109,68.0,25.0,26.0,False,False,1.0,3.0,G#,note,,3,4,,yes,yes,R,n,I,_,I,_,2.0,m,g#,8.0,m,g#,8.0,m,8.0,1,1,_,5.0,5.0,0
108,110,71.0,25.0,26.0,False,False,1.0,2.0,B,note,,3,4,,yes,yes,T,n,I,_,I,_,2.0,m,g#,8.0,m,g#,8.0,m,8.0,3,3,_,5.0,5.0,0
109,111,80.0,25.0,26.0,False,False,1.0,1.0,G#,note,,3,4,,yes,yes,R,n,I,_,I,_,2.0,m,g#,8.0,m,g#,8.0,m,8.0,1,1,_,5.0,5.0,0
110,112,63.0,26.0,27.0,True,False,1.0,4.0,D#,note,,3,4,,yes,yes,R,y,V,_,I,_,0.0,m,g#,8.0,Mm7,g#,8.0,m,3.0,5,5,_,5.0,5.0,0
111,113,70.0,26.0,27.0,False,False,1.0,3.0,A#,note,,3,4,,yes,yes,F,n,V,_,I,_,0.0,m,g#,8.0,Mm7,g#,8.0,m,3.0,2,2,_,5.0,5.0,0
112,114,73.0,26.0,27.0,False,False,1.0,2.0,C#,note,,3,4,,yes,yes,S,n,V,_,I,_,0.0,m,g#,8.0,Mm7,g#,8.0,m,3.0,4,4,_,5.0,5.0,0
113,115,79.0,26.0,27.0,False,False,1.0,1.0,F##,note,,3,4,,yes,yes,T,n,V,_,I,_,0.0,m,g#,8.0,Mm7,g#,8.0,m,3.0,#7,7,#,5.0,5.0,0
114,116,,27.0,30.0,,,,,,bar,,3,4,,na,na,na,na,na,na,na,na,,na,na,,na,na,,na,,na,na,na,,,0
115,117,63.0,27.0,28.0,False,True,1.0,4.0,D#,note,,3,4,,yes,yes,F,y,I,_,I,_,2.0,m,g#,8.0,m,g#,8.0,m,8.0,5,5,_,5.0,5.0,0
116,118,68.0,27.0,28.0,False,False,1.0,3.0,G#,note,,3,4,,yes,yes,R,n,I,_,I,_,2.0,m,g#,8.0,m,g#,8.0,m,8.0,1,1,_,5.0,5.0,0
117,119,71.0,27.0,28.0,False,False,1.0,2.0,B,note,,3,4,,yes,yes,T,n,I,_,I,_,2.0,m,g#,8.0,m,g#,8.0,m,8.0,3,3,_,5.0,5.0,0
118,120,80.0,27.0,28.0,False,False,1.0,1.0,G#,note,,3,4,,yes,yes,R,n,I,_,I,_,2.0,m,g#,8.0,m,g#,8.0,m,8.0,1,1,_,5.0,5.0,0
119,121,56.0,28.0,29.0,False,False,1.0,4.0,G#,note,,3,4,,yes,yes,R,y,I,_,I,_,0.0,m,g#,8.0,m,g#,8.0,m,8.0,1,1,_,5.0,5.0,0
120,122,68.0,28.0,29.0,False,False,1.0,3.0,G#,note,,3,4,,yes,yes,R,y,I,_,I,_,0.0,m,g#,8.0,m,g#,8.0,m,8.0,1,1,_,5.0,5.0,0
121,123,71.0,28.0,29.0,False,False,1.0,2.0,B,note,,3,4,,yes,yes,T,n,I,_,I,_,0.0,m,g#,8.0,m,g#,8.0,m,8.0,3,3,_,5.0,5.0,0
122,124,80.0,28.0,29.0,False,False,1.0,1.0,G#,note,,3,4,,yes,yes,R,y,I,_,I,_,0.0,m,g#,8.0,m,g#,8.0,m,8.0,1,1,_,5.0,5.0,0
123,125,58.0,29.0,30.0,True,False,1.0,4.0,A#,note,,3,4,,yes,yes,T,y,V,_,III,_,1.0,m,g#,8.0,M,B,11.0,M,6.0,2,2,_,5.0,5.0,1
124,126,66.0,29.0,30.0,False,False,1.0,3.0,F#,note,,3,4,,yes,yes,R,n,V,_,III,_,1.0,m,g#,8.0,M,B,11.0,M,6.0,7,7,_,5.0,5.0,1
125,127,73.0,29.0,30.0,False,False,1.0,2.0,C#,note,,3,4,,yes,yes,F,n,V,_,III,_,1.0,m,g#,8.0,M,B,11.0,M,6.0,4,4,_,5.0,5.0,1
126,128,78.0,29.0,30.0,False,False,1.0,1.0,F#,note,,3,4,,yes,yes,R,n,V,_,III,_,1.0,m,g#,8.0,M,B,11.0,M,6.0,7,7,_,5.0,5.0,1
127,129,,30.0,33.0,,,,,,bar,,3,4,,na,na,na,na,na,na,na,na,,na,na,,na,na,,na,,na,na,na,,,0
128,130,58.0,30.0,30.75,False,True,1.0,4.0,A#,note,,3,4,,yes,yes,T,y,V,_,III,_,1.0,m,g#,8.0,Mm7,B,11.0,M,6.0,2,2,_,5.0,5.0,1
129,131,64.0,30.0,30.75,False,False,1.0,3.0,E,note,,3,4,,yes,yes,S,n,V,_,III,_,1.0,m,g#,8.0,Mm7,B,11.0,M,6.0,6,6,_,5.0,5.0,1
130,132,58.0,30.75,31.0,False,True,1.0,4.0,A#,note,,3,4,,yes,no,T,y,V,_,III,_,1.0,m,g#,8.0,Mm7,B,11.0,M,6.0,2,2,_,5.0,5.0,1
131,133,63.0,30.75,31.0,False,False,1.0,3.0,D#,note,,3,4,,no,no,x,n,V,_,III,_,1.0,m,g#,8.0,Mm7,B,11.0,M,6.0,5,5,_,5.0,5.0,1
132,134,58.0,31.0,32.0,False,True,1.0,4.0,A#,note,,3,4,,yes,no,T,y,V,_,III,_,1.0,m,g#,8.0,Mm7,B,11.0,M,6.0,2,2,_,5.0,5.0,1
133,135,61.0,31.0,32.0,False,False,1.0,3.0,C#,note,,3,4,,yes,no,F,n,V,_,III,_,1.0,m,g#,8.0,Mm7,B,11.0,M,6.0,4,4,_,5.0,5.0,1
134,136,59.0,32.0,33.0,True,False,1.0,4.0,B,note,,3,4,,yes,yes,R,y,III,_,I,_,0.0,m,g#,8.0,M,g#,8.0,m,11.0,3,3,_,5.0,5.0,0
135,137,76.0,32.0,33.0,False,False,1.0,1.0,E,note,,3,4,,no,yes,x,n,III,_,I,_,0.0,m,g#,8.0,M,g#,8.0,m,11.0,6,6,_,5.0,5.0,0
136,138,,33.0,36.0,,,,,,bar,,3,4,,na,na,na,na,na,na,na,na,,na,na,,na,na,,na,,na,na,na,,,0
137,139,59.0,33.0,33.75,False,True,1.0,4.0,B,note,,3,4,,yes,no,R,y,III,_,I,_,0.0,m,g#,8.0,M,g#,8.0,m,11.0,3,3,_,5.0,5.0,0
138,140,75.0,33.0,33.75,False,False,1.0,1.0,D#,note,,3,4,,yes,no,T,n,III,_,I,_,0.0,m,g#,8.0,M,g#,8.0,m,11.0,5,5,_,5.0,5.0,0
139,141,59.0,33.75,34.0,False,True,1.0,4.0,B,note,,3,4,,yes,no,R,y,III,_,I,_,0.0,m,g#,8.0,M,g#,8.0,m,11.0,3,3,_,5.0,5.0,0
140,142,73.0,33.75,34.0,False,False,1.0,1.0,C#,note,,3,4,,no,no,x,n,III,_,I,_,0.0,m,g#,8.0,M,g#,8.0,m,11.0,4,4,_,5.0,5.0,0
141,143,59.0,34.0,35.0,False,True,1.0,4.0,B,note,,3,4,,yes,no,R,y,III,_,I,_,0.0,m,g#,8.0,M,g#,8.0,m,11.0,3,3,_,5.0,5.0,0
142,144,71.0,34.0,35.0,False,False,1.0,1.0,B,note,,3,4,,yes,no,R,y,III,_,I,_,0.0,m,g#,8.0,M,g#,8.0,m,11.0,3,3,_,5.0,5.0,0
143,145,55.0,35.0,36.0,True,False,1.0,4.0,F##,note,,3,4,,yes,yes,T,y,V,_,I,_,1.0,m,g#,8.0,M,g#,8.0,m,3.0,#7,7,#,5.0,5.0,0
144,146,63.0,35.0,36.0,False,False,1.0,3.0,D#,note,,3,4,,yes,yes,R,n,V,_,I,_,1.0,m,g#,8.0,M,g#,8.0,m,3.0,5,5,_,5.0,5.0,0
145,147,,36.0,39.0,,,,,,bar,,3,4,,na,na,na,na,na,na,na,na,,na,na,,na,na,,na,,na,na,na,,,0
146,148,55.0,36.0,36.75,False,True,1.0,4.0,F##,note,,3,4,,yes,yes,T,y,V,_,I,_,1.0,m,g#,8.0,Mm7,g#,8.0,m,3.0,#7,7,#,5.0,5.0,0
147,149,61.0,36.0,36.75,False,False,1.0,3.0,C#,note,,3,4,,yes,yes,S,n,V,_,I,_,1.0,m,g#,8.0,Mm7,g#,8.0,m,3.0,4,4,_,5.0,5.0,0
148,150,55.0,36.75,37.0,False,True,1.0,4.0,F##,note,,3,4,,yes,no,T,y,V,_,I,_,1.0,m,g#,8.0,Mm7,g#,8.0,m,3.0,#7,7,#,5.0,5.0,0
149,151,59.0,36.75,37.0,False,False,1.0,3.0,B,note,,3,4,,no,no,x,n,V,_,I,_,1.0,m,g#,8.0,Mm7,g#,8.0,m,3.0,3,3,_,5.0,5.0,0
150,152,55.0,37.0,38.0,False,True,1.0,4.0,F##,note,,3,4,,yes,no,T,y,V,_,I,_,1.0,m,g#,8.0,Mm7,g#,8.0,m,3.0,#7,7,#,5.0,5.0,0
151,153,58.0,37.0,38.0,False,False,1.0,3.0,A#,note,,3,4,,yes,no,F,n,V,_,I,_,1.0,m,g#,8.0,Mm7,g#,8.0,m,3.0,2,2,_,5.0,5.0,0
152,154,56.0,38.0,39.0,True,False,1.0,4.0,G#,note,,3,4,,yes,yes,R,y,I,_,I,_,0.0,m,g#,8.0,m,g#,8.0,m,8.0,1,1,_,5.0,5.0,0
153,155,63.0,38.0,39.0,True,False,1.0,3.0,D#,note,,3,4,,yes,yes,F,n,I,_,I,_,0.0,m,g#,8.0,m,g#,8.0,m,8.0,5,5,_,5.0,5.0,0
154,156,73.0,38.0,39.0,False,False,1.0,2.0,C#,note,,3,4,,no,yes,x,n,I,_,I,_,0.0,m,g#,8.0,m,g#,8.0,m,8.0,4,4,_,5.0,5.0,0
155,157,,39.0,42.0,,,,,,bar,,3,4,,na,na,na,na,na,na,na,na,,na,na,,na,na,,na,,na,na,na,,,0
156,158,56.0,39.0,39.75,False,True,1.0,4.0,G#,note,,3,4,,yes,no,R,y,I,_,I,_,0.0,m,g#,8.0,m,g#,8.0,m,8.0,1,1,_,5.0,5.0,0
157,159,63.0,39.0,39.75,False,True,1.0,3.0,D#,note,,3,4,,yes,no,F,n,I,_,I,_,0.0,m,g#,8.0,m,g#,8.0,m,8.0,5,5,_,5.0,5.0,0
158,160,71.0,39.0,39.75,False,False,1.0,2.0,B,note,,3,4,,yes,no,T,n,I,_,I,_,0.0,m,g#,8.0,m,g#,8.0,m,8.0,3,3,_,5.0,5.0,0
159,161,56.0,39.75,40.0,False,True,1.0,4.0,G#,note,,3,4,,yes,no,R,y,I,_,I,_,0.0,m,g#,8.0,m,g#,8.0,m,8.0,1,1,_,5.0,5.0,0
160,162,61.0,39.75,40.0,False,False,1.0,3.0,C#,note,,3,4,,no,no,x,n,I,_,I,_,0.0,m,g#,8.0,m,g#,8.0,m,8.0,4,4,_,5.0,5.0,0
161,163,70.0,39.75,40.0,False,False,1.0,2.0,A#,note,,3,4,,no,no,x,n,I,_,I,_,0.0,m,g#,8.0,m,g#,8.0,m,8.0,2,2,_,5.0,5.0,0
162,164,56.0,40.0,40.75,False,True,1.0,4.0,G#,note,,3,4,,yes,no,R,y,I,_,I,_,0.0,m,g#,8.0,m,g#,8.0,m,8.0,1,1,_,5.0,5.0,0
163,165,59.0,40.0,40.75,False,False,1.0,3.0,B,note,,3,4,,yes,no,T,n,I,_,I,_,0.0,m,g#,8.0,m,g#,8.0,m,8.0,3,3,_,5.0,5.0,0
164,166,68.0,40.0,40.75,False,False,1.0,2.0,G#,note,,3,4,,yes,no,R,y,I,_,I,_,0.0,m,g#,8.0,m,g#,8.0,m,8.0,1,1,_,5.0,5.0,0
165,167,83.0,40.0,40.75,False,False,1.0,1.0,B,note,,3,4,,yes,no,T,n,I,_,I,_,0.0,m,g#,8.0,m,g#,8.0,m,8.0,3,3,_,5.0,5.0,0
166,168,56.0,40.75,41.0,False,True,1.0,4.0,G#,note,,3,4,,yes,no,R,y,I,_,I,_,0.0,m,g#,8.0,m,g#,8.0,m,8.0,1,1,_,5.0,5.0,0
167,169,59.0,40.75,41.0,False,False,1.0,3.0,B,note,,3,4,,yes,no,T,n,I,_,I,_,0.0,m,g#,8.0,m,g#,8.0,m,8.0,3,3,_,5.0,5.0,0
168,170,68.0,40.75,41.0,False,False,1.0,2.0,G#,note,,3,4,,yes,no,R,y,I,_,I,_,0.0,m,g#,8.0,m,g#,8.0,m,8.0,1,1,_,5.0,5.0,0
169,171,82.0,40.75,41.0,False,False,1.0,1.0,A#,note,,3,4,,no,no,x,n,I,_,I,_,0.0,m,g#,8.0,m,g#,8.0,m,8.0,2,2,_,5.0,5.0,0
170,172,56.0,41.0,42.0,False,False,1.0,4.0,G#,note,,3,4,,yes,no,R,y,I,_,I,_,0.0,m,g#,8.0,m,g#,8.0,m,8.0,1,1,_,5.0,5.0,0
171,173,63.0,41.0,42.0,False,False,1.0,3.0,D#,note,,3,4,,yes,no,F,n,I,_,I,_,0.0,m,g#,8.0,m,g#,8.0,m,8.0,5,5,_,5.0,5.0,0
172,174,71.0,41.0,42.0,False,False,1.0,2.0,B,note,,3,4,,yes,no,T,n,I,_,I,_,0.0,m,g#,8.0,m,g#,8.0,m,8.0,3,3,_,5.0,5.0,0
173,175,80.0,41.0,42.0,False,False,1.0,1.0,G#,note,,3,4,,yes,no,R,y,I,_,I,_,0.0,m,g#,8.0,m,g#,8.0,m,8.0,1,1,_,5.0,5.0,0
174,176,,42.0,45.0,,,,,,bar,,3,4,,na,na,na,na,na,na,na,na,,na,na,,na,na,,na,,na,na,na,,,0
175,177,58.0,42.0,43.0,False,False,1.0,4.0,A#,note,,3,4,,yes,yes,F,y,V,_,I,_,2.0,m,g#,8.0,Mm7,g#,8.0,m,3.0,2,2,_,5.0,5.0,0
176,178,63.0,42.0,43.0,False,False,1.0,3.0,D#,note,,3,4,,yes,yes,R,n,V,_,I,_,2.0,m,g#,8.0,Mm7,g#,8.0,m,3.0,5,5,_,5.0,5.0,0
177,179,73.0,42.0,43.0,False,False,1.0,2.0,C#,note,,3,4,,yes,yes,S,n,V,_,I,_,2.0,m,g#,8.0,Mm7,g#,8.0,m,3.0,4,4,_,5.0,5.0,0
178,180,79.0,42.0,43.0,False,False,1.0,1.0,F##,note,,3,4,,yes,yes,T,n,V,_,I,_,2.0,m,g#,8.0,Mm7,g#,8.0,m,3.0,#7,7,#,5.0,5.0,0
179,181,58.0,43.0,43.75,False,False,1.0,4.0,A#,note,,3,4,,yes,no,F,y,V,_,I,_,2.0,m,g#,8.0,Mm7,g#,8.0,m,3.0,2,2,_,5.0,5.0,0
180,182,61.0,43.0,43.75,False,False,1.0,3.0,C#,note,,3,4,,yes,no,S,n,V,_,I,_,2.0,m,g#,8.0,Mm7,g#,8.0,m,3.0,4,4,_,5.0,5.0,0
181,183,75.0,43.0,43.75,False,False,1.0,2.0,D#,note,,3,4,,yes,no,R,n,V,_,I,_,2.0,m,g#,8.0,Mm7,g#,8.0,m,3.0,5,5,_,5.0,5.0,0
182,184,79.0,43.0,43.75,False,False,1.0,1.0,F##,note,,3,4,,yes,no,T,n,V,_,I,_,2.0,m,g#,8.0,Mm7,g#,8.0,m,3.0,#7,7,#,5.0,5.0,0
183,185,58.0,43.75,44.0,False,False,1.0,4.0,A#,note,,3,4,,yes,no,F,y,V,_,I,_,2.0,m,g#,8.0,Mm7,g#,8.0,m,3.0,2,2,_,5.0,5.0,0
184,186,61.0,43.75,44.0,False,False,1.0,3.0,C#,note,,3,4,,yes,no,S,n,V,_,I,_,2.0,m,g#,8.0,Mm7,g#,8.0,m,3.0,4,4,_,5.0,5.0,0
185,187,75.0,43.75,44.0,False,False,1.0,2.0,D#,note,,3,4,"187,188",yes,no,R,n,V,_,I,_,2.0,m,g#,8.0,Mm7,g#,8.0,m,3.0,5,5,_,5.0,5.0,0
186,189,56.0,44.0,45.0,False,False,1.0,4.0,G#,note,,3,4,,yes,yes,R,y,I,_,I,_,0.0,m,g#,8.0,m,g#,8.0,m,8.0,1,1,_,5.0,5.0,0
187,190,63.0,44.0,45.0,True,False,1.0,3.0,D#,note,,3,4,,yes,yes,F,n,I,_,I,_,0.0,m,g#,8.0,m,g#,8.0,m,8.0,5,5,_,5.0,5.0,0
188,191,71.0,44.0,45.0,False,False,1.0,2.0,B,note,,3,4,,yes,yes,T,n,I,_,I,_,0.0,m,g#,8.0,m,g#,8.0,m,8.0,3,3,_,5.0,5.0,0
189,192,80.0,44.0,45.0,False,False,1.0,1.0,G#,note,,3,4,,yes,yes,R,y,I,_,I,_,0.0,m,g#,8.0,m,g#,8.0,m,8.0,1,1,_,5.0,5.0,0
190,193,,45.0,48.0,,,,,,bar,,3,4,,na,na,na,na,na,na,na,na,,na,na,,na,na,,na,,na,na,na,,,0
191,194,55.0,45.0,46.0,False,False,1.0,4.0,F##,note,,3,4,,yes,yes,T,y,V,_,I,_,1.0,m,g#,8.0,Mm7,g#,8.0,m,3.0,#7,7,#,5.0,5.0,0
192,195,63.0,45.0,46.0,False,True,1.0,3.0,D#,note,,3,4,,yes,yes,R,n,V,_,I,_,1.0,m,g#,8.0,Mm7,g#,8.0,m,3.0,5,5,_,5.0,5.0,0
193,196,73.0,45.0,46.0,False,False,1.0,2.0,C#,note,,3,4,,yes,yes,S,n,V,_,I,_,1.0,m,g#,8.0,Mm7,g#,8.0,m,3.0,4,4,_,5.0,5.0,0
194,197,82.0,45.0,46.0,False,False,1.0,1.0,A#,note,,3,4,,yes,yes,F,n,V,_,I,_,1.0,m,g#,8.0,Mm7,g#,8.0,m,3.0,2,2,_,5.0,5.0,0
195,198,56.0,46.0,47.0,False,False,1.0,4.0,G#,note,,3,4,,yes,yes,R,y,I,_,I,_,0.0,m,g#,8.0,m,g#,8.0,m,8.0,1,1,_,5.0,5.0,0
196,199,63.0,46.0,47.0,False,False,1.0,3.0,D#,note,,3,4,,yes,yes,F,n,I,_,I,_,0.0,m,g#,8.0,m,g#,8.0,m,8.0,5,5,_,5.0,5.0,0
197,200,71.0,46.0,47.0,False,False,1.0,2.0,B,note,,3,4,,yes,yes,T,n,I,_,I,_,0.0,m,g#,8.0,m,g#,8.0,m,8.0,3,3,_,5.0,5.0,0
198,201,83.0,46.0,47.0,False,False,1.0,1.0,B,note,,3,4,,yes,yes,T,n,I,_,I,_,0.0,m,g#,8.0,m,g#,8.0,m,8.0,3,3,_,5.0,5.0,0
199,202,64.0,47.0,48.0,False,False,1.0,4.0,E,note,,3,4,,yes,yes,R,y,VI,_,I,_,0.0,m,g#,8.0,M,g#,8.0,m,4.0,6,6,_,5.0,5.0,0
200,203,68.0,47.0,48.0,False,False,1.0,3.0,G#,note,,3,4,,yes,yes,T,n,VI,_,I,_,0.0,m,g#,8.0,M,g#,8.0,m,4.0,1,1,_,5.0,5.0,0
201,204,71.0,47.0,48.0,False,False,1.0,2.0,B,note,,3,4,,yes,yes,F,n,VI,_,I,_,0.0,m,g#,8.0,M,g#,8.0,m,4.0,3,3,_,5.0,5.0,0
202,205,83.0,47.0,48.0,False,False,1.0,1.0,B,note,,3,4,,yes,yes,F,n,VI,_,I,_,0.0,m,g#,8.0,M,g#,8.0,m,4.0,3,3,_,5.0,5.0,0
203,206,,48.0,51.0,,,,,,bar,,3,4,,na,na,na,na,na,na,na,na,,na,na,,na,na,,na,,na,na,na,,,0
204,207,61.0,48.0,48.75,False,False,1.0,4.0,C#,note,,3,4,,yes,yes,T,y,II,b,I,_,1.0,m,g#,8.0,M,g#,8.0,m,9.0,4,4,_,5.0,5.0,0
205,208,64.0,48.0,48.75,False,False,1.0,2.0,E,note,,3,4,,yes,yes,F,n,II,b,I,_,1.0,m,g#,8.0,M,g#,8.0,m,9.0,6,6,_,5.0,5.0,0
206,209,69.0,48.0,48.75,False,False,1.0,3.0,A,note,,3,4,,yes,yes,R,n,II,b,I,_,1.0,m,g#,8.0,M,g#,8.0,m,9.0,b2,2,b,5.0,5.0,0
207,210,83.0,48.0,48.75,False,False,1.0,1.0,B,note,,3,4,,no,yes,x,n,II,b,I,_,1.0,m,g#,8.0,M,g#,8.0,m,9.0,3,3,_,5.0,5.0,0
208,211,61.0,48.75,49.0,False,False,1.0,4.0,C#,note,,3,4,,yes,no,T,y,II,b,I,_,1.0,m,g#,8.0,M,g#,8.0,m,9.0,4,4,_,5.0,5.0,0
209,212,64.0,48.75,49.0,False,False,1.0,2.0,E,note,,3,4,,yes,no,F,n,II,b,I,_,1.0,m,g#,8.0,M,g#,8.0,m,9.0,6,6,_,5.0,5.0,0
210,213,69.0,48.75,49.0,False,False,1.0,3.0,A,note,,3,4,,yes,no,R,n,II,b,I,_,1.0,m,g#,8.0,M,g#,8.0,m,9.0,b2,2,b,5.0,5.0,0
211,214,81.0,48.75,49.0,False,False,1.0,1.0,A,note,,3,4,,yes,no,R,n,II,b,I,_,1.0,m,g#,8.0,M,g#,8.0,m,9.0,b2,2,b,5.0,5.0,0
212,215,63.0,49.0,50.0,False,False,1.0,4.0,D#,note,,3,4,,yes,yes,F,y,I,_,I,_,2.0,m,g#,8.0,m,g#,8.0,m,8.0,5,5,_,5.0,5.0,0
213,216,68.0,49.0,50.0,False,False,1.0,2.0,G#,note,,3,4,,yes,yes,R,n,I,_,I,_,2.0,m,g#,8.0,m,g#,8.0,m,8.0,1,1,_,5.0,5.0,0
214,217,71.0,49.0,50.0,False,False,1.0,3.0,B,note,,3,4,,yes,yes,T,n,I,_,I,_,2.0,m,g#,8.0,m,g#,8.0,m,8.0,3,3,_,5.0,5.0,0
215,218,80.0,49.0,50.0,False,False,1.0,1.0,G#,note,,3,4,,yes,yes,R,n,I,_,I,_,2.0,m,g#,8.0,m,g#,8.0,m,8.0,1,1,_,5.0,5.0,0
216,219,63.0,50.0,51.0,True,False,1.0,4.0,D#,note,,3,4,,yes,yes,R,y,V,_,I,_,0.0,m,g#,8.0,Mm7,g#,8.0,m,3.0,5,5,_,5.0,5.0,0
217,220,70.0,50.0,51.0,False,False,1.0,3.0,A#,note,,3,4,,yes,yes,F,n,V,_,I,_,0.0,m,g#,8.0,Mm7,g#,8.0,m,3.0,2,2,_,5.0,5.0,0
218,221,73.0,50.0,51.0,False,False,1.0,2.0,C#,note,,3,4,,yes,yes,S,n,V,_,I,_,0.0,m,g#,8.0,Mm7,g#,8.0,m,3.0,4,4,_,5.0,5.0,0
219,222,79.0,50.0,51.0,False,False,1.0,1.0,F##,note,,3,4,,yes,yes,T,n,V,_,I,_,0.0,m,g#,8.0,Mm7,g#,8.0,m,3.0,#7,7,#,5.0,5.0,0
220,223,,51.0,54.0,,,,,,bar,,3,4,,na,na,na,na,na,na,na,na,,na,na,,na,na,,na,,na,na,na,,,0
221,224,63.0,51.0,52.0,False,True,1.0,4.0,D#,note,,3,4,,yes,yes,F,y,I,_,I,_,2.0,m,g#,8.0,m,g#,8.0,m,8.0,5,5,_,5.0,5.0,0
222,225,68.0,51.0,52.0,False,False,1.0,3.0,G#,note,,3,4,,yes,yes,R,n,I,_,I,_,2.0,m,g#,8.0,m,g#,8.0,m,8.0,1,1,_,5.0,5.0,0
223,226,71.0,51.0,52.0,False,False,1.0,2.0,B,note,,3,4,,yes,yes,T,n,I,_,I,_,2.0,m,g#,8.0,m,g#,8.0,m,8.0,3,3,_,5.0,5.0,0
224,227,80.0,51.0,52.0,False,False,1.0,1.0,G#,note,,3,4,,yes,yes,R,n,I,_,I,_,2.0,m,g#,8.0,m,g#,8.0,m,8.0,1,1,_,5.0,5.0,0
225,228,56.0,52.0,53.0,False,False,1.0,4.0,G#,note,,3,4,,yes,no,R,n,I,_,I,_,2.0,m,g#,8.0,m,g#,8.0,m,8.0,1,1,_,5.0,5.0,0
226,229,68.0,52.0,53.0,False,False,1.0,3.0,G#,note,,3,4,,yes,no,R,n,I,_,I,_,2.0,m,g#,8.0,m,g#,8.0,m,8.0,1,1,_,5.0,5.0,0
227,230,71.0,52.0,53.0,False,False,1.0,2.0,B,note,,3,4,,yes,no,T,n,I,_,I,_,2.0,m,g#,8.0,m,g#,8.0,m,8.0,3,3,_,5.0,5.0,0
228,231,80.0,52.0,53.0,False,False,1.0,1.0,G#,note,,3,4,,yes,no,R,n,I,_,I,_,2.0,m,g#,8.0,m,g#,8.0,m,8.0,1,1,_,5.0,5.0,0
229,232,58.0,53.0,54.0,True,False,1.0,4.0,A#,note,,3,4,,yes,yes,T,y,V,_,III,_,1.0,m,g#,8.0,M,B,11.0,M,6.0,2,2,_,5.0,5.0,1
230,233,61.0,53.0,54.0,True,False,1.0,3.0,C#,note,,3,4,,yes,yes,F,n,V,_,III,_,1.0,m,g#,8.0,M,B,11.0,M,6.0,4,4,_,5.0,5.0,1
231,234,73.0,53.0,54.0,True,False,1.0,2.0,C#,note,,3,4,,yes,yes,F,n,V,_,III,_,1.0,m,g#,8.0,M,B,11.0,M,6.0,4,4,_,5.0,5.0,1
232,235,78.0,53.0,54.0,False,False,1.0,1.0,F#,note,,3,4,,yes,yes,R,n,V,_,III,_,1.0,m,g#,8.0,M,B,11.0,M,6.0,7,7,_,5.0,5.0,1
233,236,,54.0,57.0,,,,,,bar,,3,4,,na,na,na,na,na,na,na,na,,na,na,,na,na,,na,,na,na,na,,,0
234,237,58.0,54.0,54.75,False,True,1.0,4.0,A#,note,,3,4,,yes,yes,T,y,V,_,III,_,1.0,m,g#,8.0,Mm7,B,11.0,M,6.0,2,2,_,5.0,5.0,1
235,238,61.0,54.0,54.75,False,True,1.0,3.0,C#,note,,3,4,,yes,yes,F,n,V,_,III,_,1.0,m,g#,8.0,Mm7,B,11.0,M,6.0,4,4,_,5.0,5.0,1
236,239,73.0,54.0,54.75,False,True,1.0,2.0,C#,note,,3,4,,yes,yes,F,n,V,_,III,_,1.0,m,g#,8.0,Mm7,B,11.0,M,6.0,4,4,_,5.0,5.0,1
237,240,76.0,54.0,54.75,False,False,1.0,1.0,E,note,,3,4,,yes,yes,S,n,V,_,III,_,1.0,m,g#,8.0,Mm7,B,11.0,M,6.0,6,6,_,5.0,5.0,1
238,241,58.0,54.75,55.0,False,True,1.0,4.0,A#,note,,3,4,,yes,no,T,y,V,_,III,_,1.0,m,g#,8.0,Mm7,B,11.0,M,6.0,2,2,_,5.0,5.0,1
239,242,61.0,54.75,55.0,False,True,1.0,3.0,C#,note,,3,4,,yes,no,F,n,V,_,III,_,1.0,m,g#,8.0,Mm7,B,11.0,M,6.0,4,4,_,5.0,5.0,1
240,243,73.0,54.75,55.0,False,True,1.0,2.0,C#,note,,3,4,,yes,no,F,n,V,_,III,_,1.0,m,g#,8.0,Mm7,B,11.0,M,6.0,4,4,_,5.0,5.0,1
241,244,75.0,54.75,55.0,False,False,1.0,1.0,D#,note,,3,4,,no,no,x,n,V,_,III,_,1.0,m,g#,8.0,Mm7,B,11.0,M,6.0,5,5,_,5.0,5.0,1
242,245,58.0,55.0,56.0,False,True,1.0,4.0,A#,note,,3,4,,yes,no,T,y,V,_,III,_,1.0,m,g#,8.0,Mm7,B,11.0,M,6.0,2,2,_,5.0,5.0,1
243,246,61.0,55.0,56.0,False,True,1.0,3.0,C#,note,,3,4,,yes,no,F,n,V,_,III,_,1.0,m,g#,8.0,Mm7,B,11.0,M,6.0,4,4,_,5.0,5.0,1
244,247,66.0,55.0,56.0,False,False,1.0,2.0,F#,note,,3,4,,yes,no,R,n,V,_,III,_,1.0,m,g#,8.0,Mm7,B,11.0,M,6.0,7,7,_,5.0,5.0,1
245,248,73.0,55.0,56.0,False,False,1.0,1.0,C#,note,,3,4,,yes,no,F,n,V,_,III,_,1.0,m,g#,8.0,Mm7,B,11.0,M,6.0,4,4,_,5.0,5.0,1
246,249,59.0,56.0,57.0,True,False,1.0,4.0,B,note,,3,4,,yes,yes,R,y,III,_,I,_,0.0,m,g#,8.0,M,g#,8.0,m,11.0,3,3,_,5.0,5.0,0
247,250,64.0,56.0,57.0,False,False,1.0,3.0,E,note,,3,4,,no,yes,x,n,III,_,I,_,0.0,m,g#,8.0,M,g#,8.0,m,11.0,6,6,_,5.0,5.0,0
248,251,,57.0,60.0,,,,,,bar,,3,4,,na,na,na,na,na,na,na,na,,na,na,,na,na,,na,,na,na,na,,,0
249,252,59.0,57.0,57.75,False,True,1.0,4.0,B,note,,3,4,,yes,no,R,y,III,_,I,_,0.0,m,g#,8.0,M,g#,8.0,m,11.0,3,3,_,5.0,5.0,0
250,253,63.0,57.0,57.75,False,False,1.0,3.0,D#,note,,3,4,,yes,no,T,n,III,_,I,_,0.0,m,g#,8.0,M,g#,8.0,m,11.0,5,5,_,5.0,5.0,0
251,254,59.0,57.75,58.0,False,True,1.0,4.0,B,note,,3,4,,yes,no,R,y,III,_,I,_,0.0,m,g#,8.0,M,g#,8.0,m,11.0,3,3,_,5.0,5.0,0
252,255,61.0,57.75,58.0,False,False,1.0,3.0,C#,note,,3,4,,no,no,x,n,III,_,I,_,0.0,m,g#,8.0,M,g#,8.0,m,11.0,4,4,_,5.0,5.0,0
253,256,59.0,58.0,59.0,False,True,1.0,4.0,B,note,,3,4,"256,257",yes,no,R,y,III,_,I,_,0.0,m,g#,8.0,M,g#,8.0,m,11.0,3,3,_,5.0,5.0,0
254,258,55.0,59.0,60.0,True,False,1.0,4.0,F##,note,,3,4,,yes,yes,T,y,V,_,I,_,1.0,m,g#,8.0,M,g#,8.0,m,3.0,#7,7,#,5.0,5.0,0
255,259,58.0,59.0,60.0,True,False,1.0,3.0,A#,note,,3,4,,yes,yes,F,n,V,_,I,_,1.0,m,g#,8.0,M,g#,8.0,m,3.0,2,2,_,5.0,5.0,0
256,260,75.0,59.0,60.0,False,False,1.0,2.0,D#,note,,3,4,,yes,yes,R,n,V,_,I,_,1.0,m,g#,8.0,M,g#,8.0,m,3.0,5,5,_,5.0,5.0,0
257,261,,60.0,63.0,,,,,,bar,,3,4,,na,na,na,na,na,na,na,na,,na,na,,na,na,,na,,na,na,na,,,0
258,262,55.0,60.0,60.75,False,True,1.0,4.0,F##,note,,3,4,,yes,yes,T,y,V,_,I,_,1.0,m,g#,8.0,Mm7,g#,8.0,m,3.0,#7,7,#,5.0,5.0,0
259,263,58.0,60.0,60.75,False,True,1.0,3.0,A#,note,,3,4,,yes,yes,F,n,V,_,I,_,1.0,m,g#,8.0,Mm7,g#,8.0,m,3.0,2,2,_,5.0,5.0,0
260,264,73.0,60.0,60.75,False,False,1.0,2.0,C#,note,,3,4,,yes,yes,S,n,V,_,I,_,1.0,m,g#,8.0,Mm7,g#,8.0,m,3.0,4,4,_,5.0,5.0,0
261,265,55.0,60.75,61.0,False,True,1.0,4.0,F##,note,,3,4,,yes,no,T,y,V,_,I,_,1.0,m,g#,8.0,Mm7,g#,8.0,m,3.0,#7,7,#,5.0,5.0,0
262,266,58.0,60.75,61.0,False,True,1.0,3.0,A#,note,,3,4,,yes,no,F,n,V,_,I,_,1.0,m,g#,8.0,Mm7,g#,8.0,m,3.0,2,2,_,5.0,5.0,0
263,267,71.0,60.75,61.0,False,False,1.0,2.0,B,note,,3,4,,no,no,x,n,V,_,I,_,1.0,m,g#,8.0,Mm7,g#,8.0,m,3.0,3,3,_,5.0,5.0,0
264,268,55.0,61.0,62.0,False,True,1.0,4.0,F##,note,,3,4,,yes,no,T,y,V,_,I,_,1.0,m,g#,8.0,Mm7,g#,8.0,m,3.0,#7,7,#,5.0,5.0,0
265,269,58.0,61.0,62.0,False,True,1.0,3.0,A#,note,,3,4,,yes,no,F,n,V,_,I,_,1.0,m,g#,8.0,Mm7,g#,8.0,m,3.0,2,2,_,5.0,5.0,0
266,270,70.0,61.0,62.0,False,False,1.0,2.0,A#,note,,3,4,,yes,no,F,n,V,_,I,_,1.0,m,g#,8.0,Mm7,g#,8.0,m,3.0,2,2,_,5.0,5.0,0
267,271,56.0,62.0,63.0,True,False,1.0,4.0,G#,note,,3,4,,yes,yes,R,y,I,_,I,_,0.0,m,g#,8.0,m,g#,8.0,m,8.0,1,1,_,5.0,5.0,0
268,272,63.0,62.0,63.0,True,False,1.0,3.0,D#,note,,3,4,,yes,yes,F,n,I,_,I,_,0.0,m,g#,8.0,m,g#,8.0,m,8.0,5,5,_,5.0,5.0,0
269,273,85.0,62.0,63.0,False,False,1.0,1.0,C#,note,,3,4,,no,yes,x,n,I,_,I,_,0.0,m,g#,8.0,m,g#,8.0,m,8.0,4,4,_,5.0,5.0,0
270,274,,63.0,66.0,,,,,,bar,,3,4,,na,na,na,na,na,na,na,na,,na,na,,na,na,,na,,na,na,na,,,0
271,275,56.0,63.0,63.75,False,True,1.0,4.0,G#,note,,3,4,,yes,no,R,y,I,_,I,_,0.0,m,g#,8.0,m,g#,8.0,m,8.0,1,1,_,5.0,5.0,0
272,276,63.0,63.0,63.75,False,True,1.0,3.0,D#,note,,3,4,,yes,no,F,n,I,_,I,_,0.0,m,g#,8.0,m,g#,8.0,m,8.0,5,5,_,5.0,5.0,0
273,277,83.0,63.0,63.75,False,False,1.0,1.0,B,note,,3,4,,yes,no,T,n,I,_,I,_,0.0,m,g#,8.0,m,g#,8.0,m,8.0,3,3,_,5.0,5.0,0
274,278,56.0,63.75,64.0,False,True,1.0,4.0,G#,note,,3,4,,yes,no,R,y,I,_,I,_,0.0,m,g#,8.0,m,g#,8.0,m,8.0,1,1,_,5.0,5.0,0
275,279,61.0,63.75,64.0,False,False,1.0,3.0,C#,note,,3,4,,no,no,x,n,I,_,I,_,0.0,m,g#,8.0,m,g#,8.0,m,8.0,4,4,_,5.0,5.0,0
276,280,82.0,63.75,64.0,False,False,1.0,1.0,A#,note,,3,4,,no,no,x,n,I,_,I,_,0.0,m,g#,8.0,m,g#,8.0,m,8.0,2,2,_,5.0,5.0,0
277,281,56.0,64.0,64.75,False,True,1.0,4.0,G#,note,,3,4,,yes,no,R,y,I,_,I,_,0.0,m,g#,8.0,m,g#,8.0,m,8.0,1,1,_,5.0,5.0,0
278,282,59.0,64.0,64.75,False,False,1.0,3.0,B,note,,3,4,,yes,no,T,n,I,_,I,_,0.0,m,g#,8.0,m,g#,8.0,m,8.0,3,3,_,5.0,5.0,0
279,283,75.0,64.0,64.75,False,False,1.0,2.0,D#,note,,3,4,,yes,no,F,n,I,_,I,_,0.0,m,g#,8.0,m,g#,8.0,m,8.0,5,5,_,5.0,5.0,0
280,284,80.0,64.0,64.75,False,False,1.0,1.0,G#,note,,3,4,,yes,no,R,y,I,_,I,_,0.0,m,g#,8.0,m,g#,8.0,m,8.0,1,1,_,5.0,5.0,0
281,285,56.0,64.75,65.0,False,True,1.0,4.0,G#,note,,3,4,,yes,no,R,y,I,_,I,_,0.0,m,g#,8.0,m,g#,8.0,m,8.0,1,1,_,5.0,5.0,0
282,286,58.0,64.75,65.0,False,False,1.0,3.0,A#,note,,3,4,,no,no,x,n,I,_,I,_,0.0,m,g#,8.0,m,g#,8.0,m,8.0,2,2,_,5.0,5.0,0
283,287,73.0,64.75,65.0,False,False,1.0,2.0,C#,note,,3,4,,no,no,x,n,I,_,I,_,0.0,m,g#,8.0,m,g#,8.0,m,8.0,4,4,_,5.0,5.0,0
284,288,80.0,64.75,65.0,False,False,1.0,1.0,G#,note,,3,4,,yes,no,R,y,I,_,I,_,0.0,m,g#,8.0,m,g#,8.0,m,8.0,1,1,_,5.0,5.0,0
285,289,56.0,65.0,65.5,False,False,1.0,3.0,G#,note,,3,4,,yes,no,R,y,I,_,I,_,0.0,m,g#,8.0,m,g#,8.0,m,8.0,1,1,_,5.0,5.0,0
286,290,68.0,65.0,65.5,False,False,1.0,4.0,G#,note,,3,4,,yes,no,R,y,I,_,I,_,0.0,m,g#,8.0,m,g#,8.0,m,8.0,1,1,_,5.0,5.0,0
287,291,71.0,65.0,65.5,False,False,1.0,2.0,B,note,,3,4,,yes,no,T,n,I,_,I,_,0.0,m,g#,8.0,m,g#,8.0,m,8.0,3,3,_,5.0,5.0,0
288,292,80.0,65.0,65.5,False,False,1.0,1.0,G#,note,,3,4,,yes,no,R,y,I,_,I,_,0.0,m,g#,8.0,m,g#,8.0,m,8.0,1,1,_,5.0,5.0,0
289,293,68.0,65.5,66.0,False,False,1.0,4.0,G#,note,,3,4,,yes,no,R,y,I,_,I,_,0.0,m,g#,8.0,m,g#,8.0,m,8.0,1,1,_,5.0,5.0,0
290,294,71.0,65.5,66.0,False,False,1.0,2.0,B,note,,3,4,,yes,no,T,n,I,_,I,_,0.0,m,g#,8.0,m,g#,8.0,m,8.0,3,3,_,5.0,5.0,0
291,295,75.0,65.5,66.0,False,False,1.0,3.0,D#,note,,3,4,,yes,no,F,n,I,_,I,_,0.0,m,g#,8.0,m,g#,8.0,m,8.0,5,5,_,5.0,5.0,0
292,296,80.0,65.5,66.0,False,False,1.0,1.0,G#,note,,3,4,,yes,no,R,y,I,_,I,_,0.0,m,g#,8.0,m,g#,8.0,m,8.0,1,1,_,5.0,5.0,0
293,297,,66.0,69.0,,,,,,bar,,3,4,,na,na,na,na,na,na,na,na,,na,na,,na,na,,na,,na,na,na,,,0
294,298,70.0,66.0,67.75,False,False,1.0,4.0,A#,note,,3,4,,yes,yes,F,y,V,_,I,_,2.0,m,g#,8.0,Mm7,g#,8.0,m,3.0,2,2,_,5.0,5.0,0
295,299,73.0,66.0,67.75,False,False,1.0,2.0,C#,note,,3,4,,yes,yes,S,n,V,_,I,_,2.0,m,g#,8.0,Mm7,g#,8.0,m,3.0,4,4,_,5.0,5.0,0
296,300,75.0,66.0,67.75,False,False,1.0,3.0,D#,note,,3,4,,yes,yes,R,n,V,_,I,_,2.0,m,g#,8.0,Mm7,g#,8.0,m,3.0,5,5,_,5.0,5.0,0
297,301,79.0,66.0,67.75,False,False,1.0,1.0,F##,note,,3,4,,yes,yes,T,n,V,_,I,_,2.0,m,g#,8.0,Mm7,g#,8.0,m,3.0,#7,7,#,5.0,5.0,0
298,302,70.0,67.75,68.0,False,False,1.0,4.0,A#,note,,3,4,,yes,no,F,y,V,_,I,_,2.0,m,g#,8.0,Mm7,g#,8.0,m,3.0,2,2,_,5.0,5.0,0
299,303,73.0,67.75,68.0,False,False,1.0,2.0,C#,note,,3,4,,yes,no,S,n,V,_,I,_,2.0,m,g#,8.0,Mm7,g#,8.0,m,3.0,4,4,_,5.0,5.0,0
300,304,75.0,67.75,68.0,False,False,1.0,3.0,D#,note,,3,4,"304,305",yes,no,R,n,V,_,I,_,2.0,m,g#,8.0,Mm7,g#,8.0,m,3.0,5,5,_,5.0,5.0,0
301,306,68.0,68.0,69.0,False,False,1.0,4.0,G#,note,,3,4,,yes,yes,R,y,I,_,I,_,0.0,m,g#,8.0,m,g#,8.0,m,8.0,1,1,_,5.0,5.0,0
302,307,71.0,68.0,69.0,False,False,1.0,2.0,B,note,,3,4,,yes,yes,T,n,I,_,I,_,0.0,m,g#,8.0,m,g#,8.0,m,8.0,3,3,_,5.0,5.0,0
303,308,75.0,68.0,69.0,False,False,1.0,3.0,D#,note,,3,4,,yes,yes,F,n,I,_,I,_,0.0,m,g#,8.0,m,g#,8.0,m,8.0,5,5,_,5.0,5.0,0
304,309,80.0,68.0,69.0,False,False,1.0,1.0,G#,note,,3,4,,yes,yes,R,y,I,_,I,_,0.0,m,g#,8.0,m,g#,8.0,m,8.0,1,1,_,5.0,5.0,0
305,310,,69.0,72.0,,,,,,bar,,3,4,,na,na,na,na,na,na,na,na,,na,na,,na,na,,na,,na,na,na,,,0
306,311,66.0,69.0,70.0,False,False,1.0,4.0,F#,note,,3,4,,yes,yes,R,y,V,_,III,_,0.0,m,g#,8.0,Mm7,B,11.0,M,6.0,7,7,_,5.0,5.0,1
307,312,73.0,69.0,70.0,False,False,1.0,2.0,C#,note,,3,4,,yes,yes,F,n,V,_,III,_,0.0,m,g#,8.0,Mm7,B,11.0,M,6.0,4,4,_,5.0,5.0,1
308,313,76.0,69.0,70.0,False,False,1.0,3.0,E,note,,3,4,,yes,yes,S,n,V,_,III,_,0.0,m,g#,8.0,Mm7,B,11.0,M,6.0,6,6,_,5.0,5.0,1
309,314,82.0,69.0,70.0,False,False,1.0,1.0,A#,note,,3,4,,yes,yes,T,n,V,_,III,_,0.0,m,g#,8.0,Mm7,B,11.0,M,6.0,2,2,_,5.0,5.0,1
310,315,59.0,70.0,71.0,False,False,1.0,4.0,B,note,,3,4,,yes,yes,R,y,III,_,I,_,0.0,m,g#,8.0,M,g#,8.0,m,11.0,3,3,_,5.0,5.0,0
311,316,71.0,70.0,71.0,False,False,1.0,2.0,B,note,,3,4,,yes,yes,R,y,III,_,I,_,0.0,m,g#,8.0,M,g#,8.0,m,11.0,3,3,_,5.0,5.0,0
312,317,75.0,70.0,71.0,False,False,1.0,3.0,D#,note,,3,4,,yes,yes,T,n,III,_,I,_,0.0,m,g#,8.0,M,g#,8.0,m,11.0,5,5,_,5.0,5.0,0
313,318,83.0,70.0,71.0,False,False,1.0,1.0,B,note,,3,4,,yes,yes,R,y,III,_,I,_,0.0,m,g#,8.0,M,g#,8.0,m,11.0,3,3,_,5.0,5.0,0
314,319,64.0,71.0,72.0,False,False,1.0,4.0,E,note,,3,4,,yes,yes,R,y,VI,_,I,_,0.0,m,g#,8.0,M,g#,8.0,m,4.0,6,6,_,5.0,5.0,0
315,320,68.0,71.0,72.0,False,False,1.0,2.0,G#,note,,3,4,,yes,yes,T,n,VI,_,I,_,0.0,m,g#,8.0,M,g#,8.0,m,4.0,1,1,_,5.0,5.0,0
316,321,76.0,71.0,72.0,True,False,1.0,3.0,E,note,,3,4,,yes,yes,R,y,VI,_,I,_,0.0,m,g#,8.0,M,g#,8.0,m,4.0,6,6,_,5.0,5.0,0
317,322,83.0,71.0,72.0,False,False,1.0,1.0,B,note,,3,4,,yes,yes,F,n,VI,_,I,_,0.0,m,g#,8.0,M,g#,8.0,m,4.0,3,3,_,5.0,5.0,0
318,323,,72.0,75.0,,,,,,bar,,3,4,,na,na,na,na,na,na,na,na,,na,na,,na,na,,na,,na,na,na,,,0
319,324,61.0,72.0,72.5,False,False,1.0,4.0,C#,note,,3,4,,yes,yes,T,y,II,b,I,_,1.0,m,g#,8.0,M,g#,8.0,m,9.0,4,4,_,5.0,5.0,0
320,325,69.0,72.0,72.5,False,False,1.0,2.0,A,note,,3,4,,yes,yes,R,n,II,b,I,_,1.0,m,g#,8.0,M,g#,8.0,m,9.0,b2,2,b,5.0,5.0,0
321,326,76.0,72.0,72.5,False,True,1.0,3.0,E,note,,3,4,,yes,yes,F,n,II,b,I,_,1.0,m,g#,8.0,M,g#,8.0,m,9.0,6,6,_,5.0,5.0,0
322,327,83.0,72.0,72.5,False,False,1.0,1.0,B,note,,3,4,,no,yes,x,n,II,b,I,_,1.0,m,g#,8.0,M,g#,8.0,m,9.0,3,3,_,5.0,5.0,0
323,328,61.0,72.5,72.75,False,False,1.0,4.0,C#,note,,3,4,,yes,no,T,y,II,b,I,_,1.0,m,g#,8.0,M,g#,8.0,m,9.0,4,4,_,5.0,5.0,0
324,329,64.0,72.5,72.75,False,False,1.0,3.0,E,note,,3,4,,yes,no,F,n,II,b,I,_,1.0,m,g#,8.0,M,g#,8.0,m,9.0,6,6,_,5.0,5.0,0
325,330,69.0,72.5,72.75,False,False,1.0,2.0,A,note,,3,4,,yes,no,R,n,II,b,I,_,1.0,m,g#,8.0,M,g#,8.0,m,9.0,b2,2,b,5.0,5.0,0
326,331,83.0,72.5,72.75,False,False,1.0,1.0,B,note,,3,4,,no,no,x,n,II,b,I,_,1.0,m,g#,8.0,M,g#,8.0,m,9.0,3,3,_,5.0,5.0,0
327,332,61.0,72.75,73.0,False,False,1.0,4.0,C#,note,,3,4,,yes,no,T,y,II,b,I,_,1.0,m,g#,8.0,M,g#,8.0,m,9.0,4,4,_,5.0,5.0,0
328,333,64.0,72.75,73.0,False,False,1.0,3.0,E,note,,3,4,,yes,no,F,n,II,b,I,_,1.0,m,g#,8.0,M,g#,8.0,m,9.0,6,6,_,5.0,5.0,0
329,334,69.0,72.75,73.0,False,False,1.0,2.0,A,note,,3,4,,yes,no,R,n,II,b,I,_,1.0,m,g#,8.0,M,g#,8.0,m,9.0,b2,2,b,5.0,5.0,0
330,335,81.0,72.75,73.0,False,False,1.0,1.0,A,note,,3,4,,yes,no,R,n,II,b,I,_,1.0,m,g#,8.0,M,g#,8.0,m,9.0,b2,2,b,5.0,5.0,0
331,336,63.0,73.0,74.0,False,False,1.0,4.0,D#,note,,3,4,,yes,yes,F,y,I,_,I,_,2.0,m,g#,8.0,m,g#,8.0,m,8.0,5,5,_,5.0,5.0,0
332,337,68.0,73.0,74.0,False,False,1.0,3.0,G#,note,,3,4,,yes,yes,R,n,I,_,I,_,2.0,m,g#,8.0,m,g#,8.0,m,8.0,1,1,_,5.0,5.0,0
333,338,71.0,73.0,74.0,False,False,1.0,2.0,B,note,,3,4,,yes,yes,T,n,I,_,I,_,2.0,m,g#,8.0,m,g#,8.0,m,8.0,3,3,_,5.0,5.0,0
334,339,80.0,73.0,74.0,False,False,1.0,1.0,G#,note,,3,4,,yes,yes,R,n,I,_,I,_,2.0,m,g#,8.0,m,g#,8.0,m,8.0,1,1,_,5.0,5.0,0
335,340,63.0,74.0,75.0,False,False,1.0,4.0,D#,note,,3,4,,yes,yes,R,y,V,_,I,_,0.0,m,g#,8.0,Mm7,g#,8.0,m,3.0,5,5,_,5.0,5.0,0
336,341,70.0,74.0,75.0,False,False,1.0,3.0,A#,note,,3,4,,yes,yes,F,n,V,_,I,_,0.0,m,g#,8.0,Mm7,g#,8.0,m,3.0,2,2,_,5.0,5.0,0
337,342,73.0,74.0,75.0,False,False,1.0,2.0,C#,note,,3,4,,yes,yes,S,n,V,_,I,_,0.0,m,g#,8.0,Mm7,g#,8.0,m,3.0,4,4,_,5.0,5.0,0
338,343,79.0,74.0,75.0,False,False,1.0,1.0,F##,note,,3,4,,yes,yes,T,n,V,_,I,_,0.0,m,g#,8.0,Mm7,g#,8.0,m,3.0,#7,7,#,5.0,5.0,0
339,344,,75.0,78.0,,,,,,bar,,3,4,,na,na,na,na,na,na,na,na,,na,na,,na,na,,na,,na,na,na,,,0
340,345,56.0,75.0,75.75,True,False,1.0,4.0,G#,note,,3,4,,yes,yes,R,y,V,_,I,_,0.0,m,c#,1.0,Mm7,c#,1.0,m,8.0,5,5,_,4.0,4.0,0
341,346,69.0,75.0,75.75,False,False,1.0,3.0,A,note,,3,4,,no,yes,x,n,V,_,I,_,0.0,m,c#,1.0,Mm7,c#,1.0,m,8.0,6,6,_,4.0,4.0,0
342,347,72.0,75.0,75.75,False,False,1.0,2.0,B#,note,,3,4,,yes,yes,T,n,V,_,I,_,0.0,m,c#,1.0,Mm7,c#,1.0,m,8.0,#7,7,#,4.0,4.0,0
343,348,78.0,75.0,75.75,False,False,1.0,1.0,F#,note,,3,4,,yes,yes,S,n,V,_,I,_,0.0,m,c#,1.0,Mm7,c#,1.0,m,8.0,4,4,_,4.0,4.0,0
344,349,56.0,75.75,76.0,True,False,1.0,4.0,G#,note,,3,4,,yes,no,R,y,V,_,I,_,0.0,m,c#,1.0,Mm7,c#,1.0,m,8.0,5,5,_,4.0,4.0,0
345,350,68.0,75.75,76.0,False,False,1.0,3.0,G#,note,,3,4,,yes,no,R,y,V,_,I,_,0.0,m,c#,1.0,Mm7,c#,1.0,m,8.0,5,5,_,4.0,4.0,0
346,351,72.0,75.75,76.0,False,False,1.0,2.0,B#,note,,3,4,,yes,no,T,n,V,_,I,_,0.0,m,c#,1.0,Mm7,c#,1.0,m,8.0,#7,7,#,4.0,4.0,0
347,352,76.0,75.75,76.0,False,False,1.0,1.0,E,note,,3,4,,no,no,x,n,V,_,I,_,0.0,m,c#,1.0,Mm7,c#,1.0,m,8.0,3,3,_,4.0,4.0,0
348,353,56.0,76.0,77.0,True,False,1.0,4.0,G#,note,,3,4,,yes,no,R,y,V,_,I,_,0.0,m,c#,1.0,Mm7,c#,1.0,m,8.0,5,5,_,4.0,4.0,0
349,354,66.0,76.0,77.0,False,False,1.0,3.0,F#,note,,3,4,,yes,no,S,n,V,_,I,_,0.0,m,c#,1.0,Mm7,c#,1.0,m,8.0,4,4,_,4.0,4.0,0
350,355,72.0,76.0,77.0,False,False,1.0,2.0,B#,note,,3,4,,yes,no,T,n,V,_,I,_,0.0,m,c#,1.0,Mm7,c#,1.0,m,8.0,#7,7,#,4.0,4.0,0
351,356,75.0,76.0,77.0,False,False,1.0,1.0,D#,note,,3,4,,yes,no,F,n,V,_,I,_,0.0,m,c#,1.0,Mm7,c#,1.0,m,8.0,2,2,_,4.0,4.0,0
352,357,56.0,77.0,78.0,True,False,1.0,4.0,G#,note,,3,4,,yes,yes,F,y,I,_,I,_,2.0,m,c#,1.0,m,c#,1.0,m,1.0,5,5,_,4.0,4.0,0
353,358,64.0,77.0,78.0,False,False,1.0,3.0,E,note,,3,4,,yes,yes,T,n,I,_,I,_,2.0,m,c#,1.0,m,c#,1.0,m,1.0,3,3,_,4.0,4.0,0
354,359,68.0,77.0,78.0,False,False,1.0,2.0,G#,note,,3,4,,yes,yes,F,y,I,_,I,_,2.0,m,c#,1.0,m,c#,1.0,m,1.0,5,5,_,4.0,4.0,0
355,360,73.0,77.0,78.0,False,False,1.0,1.0,C#,note,,3,4,,yes,yes,R,n,I,_,I,_,2.0,m,c#,1.0,m,c#,1.0,m,1.0,1,1,_,4.0,4.0,0
356,361,,78.0,81.0,,,,,,bar,,3,4,,na,na,na,na,na,na,na,na,,na,na,,na,na,,na,,na,na,na,,,0
357,362,56.0,78.0,78.75,False,True,1.0,4.0,G#,note,,3,4,,yes,yes,R,y,V,_,I,_,0.0,m,c#,1.0,Mm7,c#,1.0,m,8.0,5,5,_,4.0,4.0,0
358,363,63.0,78.0,78.75,False,False,1.0,3.0,D#,note,,3,4,,yes,yes,F,n,V,_,I,_,0.0,m,c#,1.0,Mm7,c#,1.0,m,8.0,2,2,_,4.0,4.0,0
359,364,66.0,78.0,78.75,False,False,1.0,2.0,F#,note,,3,4,,yes,yes,S,n,V,_,I,_,0.0,m,c#,1.0,Mm7,c#,1.0,m,8.0,4,4,_,4.0,4.0,0
360,365,72.0,78.0,78.75,False,False,1.0,1.0,C,note,,3,4,,yes,yes,T,n,V,_,I,_,0.0,m,c#,1.0,Mm7,c#,1.0,m,8.0,b1,1,b,4.0,4.0,0
361,366,56.0,78.75,79.0,False,True,1.0,4.0,G#,note,,3,4,,yes,no,R,y,V,_,I,_,0.0,m,c#,1.0,Mm7,c#,1.0,m,8.0,5,5,_,4.0,4.0,0
362,367,61.0,78.75,79.0,False,False,1.0,3.0,C#,note,,3,4,,no,no,x,n,V,_,I,_,0.0,m,c#,1.0,Mm7,c#,1.0,m,8.0,1,1,_,4.0,4.0,0
363,368,64.0,78.75,79.0,False,False,1.0,2.0,E,note,,3,4,,no,no,x,n,V,_,I,_,0.0,m,c#,1.0,Mm7,c#,1.0,m,8.0,3,3,_,4.0,4.0,0
364,369,70.0,78.75,79.0,False,False,1.0,1.0,A#,note,,3,4,,no,no,x,n,V,_,I,_,0.0,m,c#,1.0,Mm7,c#,1.0,m,8.0,#6,6,#,4.0,4.0,0
365,370,56.0,79.0,79.5,False,True,1.0,4.0,G#,note,,3,4,,yes,no,R,y,V,_,I,_,0.0,m,c#,1.0,Mm7,c#,1.0,m,8.0,5,5,_,4.0,4.0,0
366,371,60.0,79.0,79.5,False,False,1.0,3.0,B#,note,,3,4,,yes,no,T,n,V,_,I,_,0.0,m,c#,1.0,Mm7,c#,1.0,m,8.0,#7,7,#,4.0,4.0,0
367,372,63.0,79.0,79.5,False,False,1.0,2.0,D#,note,,3,4,,yes,no,F,n,V,_,I,_,0.0,m,c#,1.0,Mm7,c#,1.0,m,8.0,2,2,_,4.0,4.0,0
368,373,68.0,79.0,79.5,False,False,1.0,1.0,G#,note,,3,4,,yes,no,R,y,V,_,I,_,0.0,m,c#,1.0,Mm7,c#,1.0,m,8.0,5,5,_,4.0,4.0,0
369,374,56.0,79.5,80.0,False,False,1.0,4.0,G#,note,,3,4,,yes,no,R,y,V,_,I,_,0.0,m,c#,1.0,Mm7,c#,1.0,m,8.0,5,5,_,4.0,4.0,0
370,375,60.0,79.5,80.0,False,False,1.0,2.0,C,note,,3,4,,yes,no,T,n,V,_,I,_,0.0,m,c#,1.0,Mm7,c#,1.0,m,8.0,b1,1,b,4.0,4.0,0
371,376,63.0,79.5,80.0,False,False,1.0,3.0,D#,note,,3,4,,yes,no,F,n,V,_,I,_,0.0,m,c#,1.0,Mm7,c#,1.0,m,8.0,2,2,_,4.0,4.0,0
372,377,66.0,79.5,80.0,False,False,1.0,1.0,F#,note,,3,4,,yes,no,S,n,V,_,I,_,0.0,m,c#,1.0,Mm7,c#,1.0,m,8.0,4,4,_,4.0,4.0,0
373,378,57.0,80.0,80.5,False,False,1.0,4.0,A,note,,3,4,,yes,yes,R,y,VI,_,I,_,0.0,m,c#,1.0,M,c#,1.0,m,9.0,6,6,_,4.0,4.0,0
374,379,61.0,80.0,80.5,False,False,1.0,2.0,C#,note,,3,4,"379,380",yes,yes,T,n,VI,_,I,_,0.0,m,c#,1.0,M,c#,1.0,m,9.0,1,1,_,4.0,4.0,0
375,381,64.0,80.0,80.5,False,False,1.0,1.0,E,note,,3,4,,yes,yes,F,n,VI,_,I,_,0.0,m,c#,1.0,M,c#,1.0,m,9.0,3,3,_,4.0,4.0,0
376,382,42.0,80.5,81.0,False,False,1.0,4.0,F#,note,,3,4,,yes,yes,R,y,IV,_,I,_,0.0,m,c#,1.0,m,c#,1.0,m,6.0,4,4,_,4.0,4.0,0
377,383,61.0,80.5,81.0,True,False,1.0,3.0,C#,note,,3,4,,yes,yes,F,n,IV,_,I,_,0.0,m,c#,1.0,m,c#,1.0,m,6.0,1,1,_,4.0,4.0,0
378,384,64.0,80.5,81.0,True,False,1.0,2.0,E,note,,3,4,,no,yes,x,n,IV,_,I,_,0.0,m,c#,1.0,m,c#,1.0,m,6.0,3,3,_,4.0,4.0,0
379,385,73.0,80.5,81.0,True,False,1.0,2.0,C#,note,,3,4,,yes,yes,F,n,IV,_,I,_,0.0,m,c#,1.0,m,c#,1.0,m,6.0,1,1,_,4.0,4.0,0
380,386,81.0,80.5,81.0,True,False,1.0,1.0,A,note,,3,4,,yes,yes,T,n,IV,_,I,_,0.0,m,c#,1.0,m,c#,1.0,m,6.0,6,6,_,4.0,4.0,0
381,387,,81.0,84.0,,,,,,bar,,3,4,,na,na,na,na,na,na,na,na,,na,na,,na,na,,na,,na,na,na,,,0
382,388,43.0,81.0,81.5,False,False,1.0,4.0,F##,note,,3,4,,yes,yes,R,n,x,_,I,_,1.0,m,c#,1.0,aug6,c#,1.0,m,7.0,#4,4,#,4.0,4.0,0
383,389,61.0,81.0,81.5,False,True,1.0,3.0,C#,note,,3,4,,yes,yes,F,n,x,_,I,_,1.0,m,c#,1.0,aug6,c#,1.0,m,7.0,1,1,_,4.0,4.0,0
384,390,64.0,81.0,81.5,False,True,1.0,2.0,E,note,,3,4,,yes,yes,S,n,x,_,I,_,1.0,m,c#,1.0,aug6,c#,1.0,m,7.0,3,3,_,4.0,4.0,0
385,391,73.0,81.0,81.5,False,True,1.0,2.0,C#,note,,3,4,,yes,yes,F,n,x,_,I,_,1.0,m,c#,1.0,aug6,c#,1.0,m,7.0,1,1,_,4.0,4.0,0
386,392,81.0,81.0,81.5,False,True,1.0,1.0,A,note,,3,4,,yes,yes,T,y,x,_,I,_,1.0,m,c#,1.0,aug6,c#,1.0,m,7.0,6,6,_,4.0,4.0,0
387,393,44.0,81.5,82.0,False,False,1.0,4.0,G#,note,,3,4,,yes,yes,F,y,I,_,I,_,2.0,m,c#,1.0,m,c#,1.0,m,1.0,5,5,_,4.0,4.0,0
388,394,61.0,81.5,82.0,False,False,1.0,3.0,C#,note,,3,4,,yes,yes,R,n,I,_,I,_,2.0,m,c#,1.0,m,c#,1.0,m,1.0,1,1,_,4.0,4.0,0
389,395,64.0,81.5,82.0,False,False,1.0,2.0,E,note,,3,4,,yes,yes,T,n,I,_,I,_,2.0,m,c#,1.0,m,c#,1.0,m,1.0,3,3,_,4.0,4.0,0
390,396,73.0,81.5,82.0,False,False,1.0,2.0,C#,note,,3,4,,yes,yes,R,n,I,_,I,_,2.0,m,c#,1.0,m,c#,1.0,m,1.0,1,1,_,4.0,4.0,0
391,397,80.0,81.5,82.0,True,False,1.0,1.0,G#,note,,3,4,,yes,yes,F,y,I,_,I,_,2.0,m,c#,1.0,m,c#,1.0,m,1.0,5,5,_,4.0,4.0,0
392,398,49.0,82.0,82.25,False,False,1.0,4.0,C#,note,,3,4,,yes,yes,F,n,IV,_,I,_,0.0,m,c#,1.0,m,c#,1.0,m,6.0,1,1,_,4.0,4.0,0
393,399,61.0,82.0,82.25,False,False,1.0,3.0,C#,note,,3,4,,yes,yes,F,n,IV,_,I,_,0.0,m,c#,1.0,m,c#,1.0,m,6.0,1,1,_,4.0,4.0,0
394,400,64.0,82.0,82.25,False,False,1.0,2.0,E,note,,3,4,,no,yes,x,n,IV,_,I,_,0.0,m,c#,1.0,m,c#,1.0,m,6.0,3,3,_,4.0,4.0,0
395,401,73.0,82.0,82.25,False,False,1.0,2.0,C#,note,,3,4,,yes,yes,F,n,IV,_,I,_,0.0,m,c#,1.0,m,c#,1.0,m,6.0,1,1,_,4.0,4.0,0
396,402,80.0,82.0,82.25,False,True,1.0,1.0,G#,note,,3,4,,no,yes,x,n,IV,_,I,_,0.0,m,c#,1.0,m,c#,1.0,m,6.0,5,5,_,4.0,4.0,0
397,403,49.0,82.25,82.5,False,False,1.0,4.0,C#,note,,3,4,,yes,no,F,n,IV,_,I,_,0.0,m,c#,1.0,m,c#,1.0,m,6.0,1,1,_,4.0,4.0,0
398,404,61.0,82.25,82.5,False,False,1.0,3.0,C#,note,,3,4,,yes,no,F,n,IV,_,I,_,0.0,m,c#,1.0,m,c#,1.0,m,6.0,1,1,_,4.0,4.0,0
399,405,64.0,82.25,82.5,False,False,1.0,2.0,E,note,,3,4,,no,no,x,n,IV,_,I,_,0.0,m,c#,1.0,m,c#,1.0,m,6.0,3,3,_,4.0,4.0,0
400,406,73.0,82.25,82.5,False,False,1.0,2.0,C#,note,,3,4,,yes,no,F,n,IV,_,I,_,0.0,m,c#,1.0,m,c#,1.0,m,6.0,1,1,_,4.0,4.0,0
401,407,80.0,82.25,82.5,False,False,1.0,1.0,G#,note,,3,4,,no,no,x,n,IV,_,I,_,0.0,m,c#,1.0,m,c#,1.0,m,6.0,5,5,_,4.0,4.0,0
402,408,44.0,82.5,82.75,False,False,1.0,4.0,G#,note,,3,4,,yes,yes,F,y,I,_,I,_,2.0,m,c#,1.0,m,c#,1.0,m,1.0,5,5,_,4.0,4.0,0
403,409,61.0,82.5,82.75,False,False,1.0,3.0,C#,note,,3,4,,yes,yes,R,n,I,_,I,_,2.0,m,c#,1.0,m,c#,1.0,m,1.0,1,1,_,4.0,4.0,0
404,410,64.0,82.5,82.75,False,False,1.0,2.0,E,note,,3,4,,yes,yes,T,n,I,_,I,_,2.0,m,c#,1.0,m,c#,1.0,m,1.0,3,3,_,4.0,4.0,0
405,411,73.0,82.5,82.75,False,False,1.0,2.0,C#,note,,3,4,,yes,yes,R,n,I,_,I,_,2.0,m,c#,1.0,m,c#,1.0,m,1.0,1,1,_,4.0,4.0,0
406,412,85.0,82.5,82.75,False,False,1.0,1.0,C#,note,,3,4,,yes,yes,R,n,I,_,I,_,2.0,m,c#,1.0,m,c#,1.0,m,1.0,1,1,_,4.0,4.0,0
407,413,44.0,82.75,83.0,False,False,1.0,4.0,G#,note,,3,4,,yes,no,F,y,I,_,I,_,2.0,m,c#,1.0,m,c#,1.0,m,1.0,5,5,_,4.0,4.0,0
408,414,61.0,82.75,83.0,False,False,1.0,3.0,C#,note,,3,4,,yes,no,R,n,I,_,I,_,2.0,m,c#,1.0,m,c#,1.0,m,1.0,1,1,_,4.0,4.0,0
409,415,64.0,82.75,83.0,False,False,1.0,2.0,E,note,,3,4,,yes,no,T,n,I,_,I,_,2.0,m,c#,1.0,m,c#,1.0,m,1.0,3,3,_,4.0,4.0,0
410,416,73.0,82.75,83.0,False,False,1.0,2.0,C#,note,,3,4,,yes,no,R,n,I,_,I,_,2.0,m,c#,1.0,m,c#,1.0,m,1.0,1,1,_,4.0,4.0,0
411,417,88.0,82.75,83.0,False,False,1.0,1.0,E,note,,3,4,,yes,no,T,n,I,_,I,_,2.0,m,c#,1.0,m,c#,1.0,m,1.0,3,3,_,4.0,4.0,0
412,418,44.0,83.0,83.25,False,False,1.0,4.0,G#,note,,3,4,,yes,yes,R,y,V,_,I,_,0.0,m,c#,1.0,Mm7,c#,1.0,m,8.0,5,5,_,4.0,4.0,0
413,419,60.0,83.0,83.25,False,False,1.0,3.0,B#,note,,3,4,,yes,yes,T,n,V,_,I,_,0.0,m,c#,1.0,Mm7,c#,1.0,m,8.0,#7,7,#,4.0,4.0,0
414,420,75.0,83.0,83.25,False,False,1.0,2.0,D#,note,,3,4,,yes,yes,F,n,V,_,I,_,0.0,m,c#,1.0,Mm7,c#,1.0,m,8.0,2,2,_,4.0,4.0,0
415,421,90.0,83.0,83.25,False,False,1.0,1.0,F#,note,,3,4,,yes,yes,S,n,V,_,I,_,0.0,m,c#,1.0,Mm7,c#,1.0,m,8.0,4,4,_,4.0,4.0,0
416,422,44.0,83.25,83.5,False,False,1.0,4.0,G#,note,,3,4,,yes,no,R,y,V,_,I,_,0.0,m,c#,1.0,Mm7,c#,1.0,m,8.0,5,5,_,4.0,4.0,0
417,423,60.0,83.25,83.5,False,False,1.0,3.0,B#,note,,3,4,"423,424",yes,no,T,n,V,_,I,_,0.0,m,c#,1.0,Mm7,c#,1.0,m,8.0,#7,7,#,4.0,4.0,0
418,425,75.0,83.25,83.5,False,False,1.0,2.0,D#,note,,3,4,,yes,no,F,n,V,_,I,_,0.0,m,c#,1.0,Mm7,c#,1.0,m,8.0,2,2,_,4.0,4.0,0
419,426,63.0,83.5,83.875,False,False,1.0,1.0,D#,note,,3,4,,yes,no,F,n,V,_,I,_,0.0,m,c#,1.0,Mm7,c#,1.0,m,8.0,2,2,_,4.0,4.0,0
420,427,61.0,83.875,84.0,False,False,1.0,1.0,C#,note,,3,4,,no,no,x,n,V,_,I,_,0.0,m,c#,1.0,Mm7,c#,1.0,m,8.0,1,1,_,4.0,4.0,0
